-- MySQL dump 10.13  Distrib 8.0.43, for Win64 (x86_64)
--
-- Host: localhost    Database: cricbuzz2
-- ------------------------------------------------------
-- Server version	8.0.43

/*!40101 SET @OLD_CHARACTER_SET_CLIENT=@@CHARACTER_SET_CLIENT */;
/*!40101 SET @OLD_CHARACTER_SET_RESULTS=@@CHARACTER_SET_RESULTS */;
/*!40101 SET @OLD_COLLATION_CONNECTION=@@COLLATION_CONNECTION */;
/*!50503 SET NAMES utf8 */;
/*!40103 SET @OLD_TIME_ZONE=@@TIME_ZONE */;
/*!40103 SET TIME_ZONE='+00:00' */;
/*!40014 SET @OLD_UNIQUE_CHECKS=@@UNIQUE_CHECKS, UNIQUE_CHECKS=0 */;
/*!40014 SET @OLD_FOREIGN_KEY_CHECKS=@@FOREIGN_KEY_CHECKS, FOREIGN_KEY_CHECKS=0 */;
/*!40101 SET @OLD_SQL_MODE=@@SQL_MODE, SQL_MODE='NO_AUTO_VALUE_ON_ZERO' */;
/*!40111 SET @OLD_SQL_NOTES=@@SQL_NOTES, SQL_NOTES=0 */;

--
-- Table structure for table `icc_ranks`
--

DROP TABLE IF EXISTS `icc_ranks`;
/*!40101 SET @saved_cs_client     = @@character_set_client */;
/*!50503 SET character_set_client = utf8mb4 */;
CREATE TABLE `icc_ranks` (
  `player_id` int NOT NULL,
  `player_rank` int DEFAULT NULL,
  `player_name` varchar(100) DEFAULT NULL,
  `country` varchar(100) DEFAULT NULL,
  `rating` int DEFAULT NULL,
  `points` int DEFAULT NULL,
  PRIMARY KEY (`player_id`)
) ENGINE=InnoDB DEFAULT CHARSET=utf8mb4 COLLATE=utf8mb4_0900_ai_ci;
/*!40101 SET character_set_client = @saved_cs_client */;

--
-- Dumping data for table `icc_ranks`
--

LOCK TABLES `icc_ranks` WRITE;
/*!40000 ALTER TABLE `icc_ranks` DISABLE KEYS */;
INSERT INTO `icc_ranks` VALUES (2250,4,'Steven Smith','Australia',816,816),(6245,14,'Dinesh Chandimal','Sri Lanka',717,717),(6326,3,'Kane Williamson','New Zealand',850,850),(8019,1,'Joe Root','England',908,908),(8497,11,'Travis Head','Australia',740,740),(8502,10,'Ben Duckett','England',747,747),(8583,6,'Temba Bavuma','South Africa',790,790),(9582,15,'Aiden Markram','South Africa',709,709),(9812,12,'Saud Shakeel','Pakistan',739,739),(10713,9,'Daryl Mitchell','New Zealand',748,748),(10744,8,'Rishabh Pant','India',768,768),(10940,7,'Kamindu Mendis','Sri Lanka',781,781),(11808,13,'Shubman Gill','India',725,725),(12201,2,'Harry Brook','England',868,868),(13940,5,'Yashasvi Jaiswal','India',792,792);
/*!40000 ALTER TABLE `icc_ranks` ENABLE KEYS */;
UNLOCK TABLES;

--
-- Table structure for table `live_batting_stats`
--

DROP TABLE IF EXISTS `live_batting_stats`;
/*!40101 SET @saved_cs_client     = @@character_set_client */;
/*!50503 SET character_set_client = utf8mb4 */;
CREATE TABLE `live_batting_stats` (
  `match_id` bigint DEFAULT NULL,
  `innings_id` bigint DEFAULT NULL,
  `team_name` text,
  `batsman_id` bigint DEFAULT NULL,
  `batsman_name` text,
  `batting_position` bigint DEFAULT NULL,
  `runs` bigint DEFAULT NULL,
  `balls_faced` bigint DEFAULT NULL,
  `fours` bigint DEFAULT NULL,
  `sixes` bigint DEFAULT NULL,
  `strike_rate` double DEFAULT NULL,
  `out_desc` text
) ENGINE=InnoDB DEFAULT CHARSET=utf8mb4 COLLATE=utf8mb4_0900_ai_ci;
/*!40101 SET character_set_client = @saved_cs_client */;

--
-- Dumping data for table `live_batting_stats`
--

LOCK TABLES `live_batting_stats` WRITE;
/*!40000 ALTER TABLE `live_batting_stats` DISABLE KEYS */;
INSERT INTO `live_batting_stats` VALUES (133666,1,'Afghanistan',13213,'Rahmanullah Gurbaz',1,4,3,0,0,133.33,'batting'),(133666,1,'Afghanistan',12173,'Ibrahim Zadran',2,7,5,1,0,140,'batting'),(133666,1,'Afghanistan',14204,'Sediqullah Atal',3,0,0,0,0,0,NULL),(133666,1,'Afghanistan',50563,'Wafiullah Tarakhil',4,0,0,0,0,0,NULL),(133666,1,'Afghanistan',12069,'Darwish Rasooli',5,0,0,0,0,0,NULL),(133666,1,'Afghanistan',13214,'Azmatullah Omarzai',6,0,0,0,0,0,NULL),(133666,1,'Afghanistan',3007,'Mohammad Nabi',7,0,0,0,0,0,NULL),(133666,1,'Afghanistan',10738,'Rashid Khan',8,0,0,0,0,0,NULL),(133666,1,'Afghanistan',1462202,'Abdullah Ahmadzai',9,0,0,0,0,0,NULL),(133666,1,'Afghanistan',12071,'Mujeeb Ur Rahman',10,0,0,0,0,0,NULL),(133666,1,'Afghanistan',53160,'Bashir Ahmad',11,0,0,0,0,0,NULL),(133198,1,'Tasmania',12951,'N Radhakrishnan',1,7,22,0,0,31.82,'c Hugh Weibgen b Neser'),(133198,1,'Tasmania',11375,'Weatherald',2,67,99,8,0,67.68,'c and b Neser'),(133198,1,'Tasmania',17937,'Tim Ward',3,6,16,0,0,37.5,'b Gurinder Sandhu'),(133198,1,'Tasmania',11426,'Caleb Jewell',4,0,5,0,0,0,'c Gurinder Sandhu b Benji Floros'),(133198,1,'Tasmania',8645,'Silk',5,104,170,15,0,61.18,'c and b Swepson'),(133198,1,'Tasmania',14667,'Bradley Hope',6,76,171,12,0,44.44,'lbw b Jack Wildermuth'),(133198,1,'Tasmania',9448,'Doran',7,66,99,7,2,66.67,'b Swepson'),(133198,1,'Tasmania',12338,'Nikhil Chaudhary',8,14,29,2,0,48.28,'c Peirson b Neser'),(133198,1,'Tasmania',55652,'Kieran Elliott',9,3,13,0,0,23.08,'c and b Neser'),(133198,1,'Tasmania',8165,'Jackson Bird',10,25,32,5,0,78.12,'c and b Benji Floros'),(133198,1,'Tasmania',9422,'G Bell',11,5,9,1,0,55.56,'not out'),(133198,2,'Queensland',10055,'Matt Renshaw',1,114,214,14,1,53.27,'batting'),(133198,2,'Queensland',6635,'Usman Khawaja',2,69,118,10,0,58.47,'c Doran b Kieran Elliott'),(133198,2,'Queensland',10182,'Marnus Labuschagne',3,54,80,5,1,67.5,'batting'),(133198,2,'Queensland',23351,'Jack Clayton',4,0,0,0,0,0,NULL),(133198,2,'Queensland',53786,'Hugh Weibgen',5,0,0,0,0,0,NULL),(133198,2,'Queensland',8500,'Jimmy Peirson',6,0,0,0,0,0,NULL),(133198,2,'Queensland',8509,'Jack Wildermuth',7,0,0,0,0,0,NULL),(133198,2,'Queensland',8130,'Michael Neser',8,0,0,0,0,0,NULL),(133198,2,'Queensland',8501,'Gurinder Sandhu',9,0,0,0,0,0,NULL),(133198,2,'Queensland',10626,'Mitchell Swepson',10,0,0,0,0,0,NULL),(133198,2,'Queensland',18465,'Benji Floros',11,0,0,0,0,0,NULL),(133209,1,'South Australia',13637,'Conor McInerney',1,12,35,0,0,34.29,'lbw b Mitchell Perry'),(133209,1,'South Australia',15596,'Henry Hunt',2,126,307,10,1,41.04,'c Sam Harper b Boland'),(133209,1,'South Australia',13346,'McSweeney',3,0,21,0,0,0,'c Handscomb b Mitchell Perry'),(133209,1,'South Australia',11839,'Jason Sangha',4,19,32,2,0,59.38,'b Mitchell Perry'),(133209,1,'South Australia',10163,'Jake Lehmann',5,113,188,8,0,60.11,'c Handscomb b Boland'),(133209,1,'South Australia',13385,'Daniel Drew',6,0,5,0,0,0,'lbw b Mitchell Perry'),(133209,1,'South Australia',10210,'Harry Nielsen',7,20,36,4,0,55.56,'c Fergus O Neill b David Moody'),(133209,1,'South Australia',1447529,'Hanno Jacobs',8,41,52,2,1,78.85,'c Oliver Peake b Doug Warren'),(133209,1,'South Australia',11757,'Wes Agar',9,4,6,1,0,66.67,'c Handscomb b Doug Warren'),(133209,1,'South Australia',12227,'Lloyd Pope',10,3,3,0,0,100,'not out'),(133209,1,'South Australia',24603,'Jordan Buckingham',11,0,0,0,0,0,NULL),(133209,2,'Victoria',13548,'Blake Macdonald',1,45,86,4,0,52.33,'c Harry Nielsen b Lloyd Pope'),(133209,2,'Victoria',23426,'Campbell Kellaway',2,0,2,0,0,0,'c McSweeney b Wes Agar'),(133209,2,'Victoria',7776,'Marcus Harris',3,61,149,3,0,40.94,'run out (Daniel Drew)'),(133209,2,'Victoria',8159,'Peter Handscomb',4,38,84,2,0,45.24,'batting'),(133209,2,'Victoria',55281,'Oliver Peake',5,11,51,0,0,21.57,'batting'),(133209,2,'Victoria',10979,'Sam Harper',6,0,0,0,0,0,NULL),(133209,2,'Victoria',15760,'Mitchell Perry',7,0,0,0,0,0,NULL),(133209,2,'Victoria',24541,'Fergus O Neill',8,0,0,0,0,0,NULL),(133209,2,'Victoria',51921,'Doug Warren',9,0,0,0,0,0,NULL),(133209,2,'Victoria',8631,'Scott Boland',10,0,0,0,0,0,NULL),(133209,2,'Victoria',10201,'David Moody',11,0,0,0,0,0,NULL),(133220,1,'New South Wales',24321,'Nikitaras',1,9,57,0,0,15.79,'c Green b Rocchiccioli'),(133220,1,'New South Wales',52495,'Sam Konstas',2,4,25,0,0,16,'lbw b Joel Paris'),(133220,1,'New South Wales',8488,'Kurtis Patterson',3,8,36,0,0,22.22,'c Joel Curtis b Gannon'),(133220,1,'New South Wales',14495,'Matthew Gilkes',4,36,57,5,1,63.16,'c Joel Curtis b Matthew Kelly'),(133220,1,'New South Wales',15144,'Oliver Davies',5,21,37,3,1,56.76,'c Gannon b Matthew Kelly'),(133220,1,'New South Wales',10162,'Chris Green',6,17,35,1,1,48.57,'c Bancroft b Gannon'),(133220,1,'New South Wales',23441,'William Salzmann',7,43,72,6,0,59.72,'c J Goodwin b Agar'),(133220,1,'New South Wales',11985,'Charles Stobo',8,12,12,2,0,100,'c Gannon b Green'),(133220,1,'New South Wales',7850,'Lyon',9,9,29,1,0,31.03,'b Agar'),(133220,1,'New South Wales',10625,'Liam Hatcher',10,4,11,0,0,36.36,'st Joel Curtis b Agar'),(133220,1,'New South Wales',13345,'Ryan Hadley',11,3,9,0,0,33.33,'not out'),(133220,2,'Western Australia',8489,'Cameron Bancroft',1,10,29,0,0,34.48,'c Matthew Gilkes b Ryan Hadley'),(133220,2,'Western Australia',8630,'Sam Whiteman',2,1,9,0,0,11.11,'c Matthew Gilkes b Ryan Hadley'),(133220,2,'Western Australia',15757,'Jayden Goodwin',3,1,26,0,0,3.85,'c Ryan Hadley b Liam Hatcher'),(133220,2,'Western Australia',12225,'Cameron Green',4,19,43,2,0,44.19,'c Matthew Gilkes b Ryan Hadley'),(133220,2,'Western Australia',8876,'Hilton Cartwright',5,34,54,4,1,62.96,'c Kurtis Patterson b Charles Stobo'),(133220,2,'Western Australia',52502,'Joel Curtis',6,8,10,1,0,80,'c Lyon b Charles Stobo'),(133220,2,'Western Australia',8508,'Ashton Agar',7,18,61,2,0,29.51,'batting'),(133220,2,'Western Australia',8498,'Joel Paris',8,1,2,0,0,50,'c William Salzmann b Liam Hatcher'),(133220,2,'Western Australia',9451,'Matthew Kelly',9,20,42,2,0,47.62,'batting'),(133220,2,'Western Australia',8635,'Cameron Gannon',10,0,0,0,0,0,NULL),(133220,2,'Western Australia',18480,'Corey Rocchiccioli',11,0,0,0,0,0,NULL),(123650,1,'Vidarbha',13914,'Atharva Taide',1,143,283,15,1,50.53,'b Saransh Jain'),(123650,1,'Vidarbha',32833,'Aman Mokhade',2,19,27,4,0,70.37,'c Ishan Kishan b Akash Deep'),(123650,1,'Vidarbha',9205,'Dhruv Shorey',3,18,41,1,1,43.9,'b Manav Suthar'),(123650,1,'Vidarbha',1431785,'Danish Malewar',4,0,3,0,0,0,'c Ishan Kishan b Manav Suthar'),(123650,1,'Vidarbha',13912,'Yash Rathod',5,91,153,6,1,59.48,'c Gurnoor Brar b Manav Suthar'),(123650,1,'Vidarbha',10888,'Akshay Wadkar',6,5,29,0,0,17.24,'c Ishan Kishan b Akash Deep'),(123650,1,'Vidarbha',12096,'Yash Thakur',7,11,32,1,0,34.38,'lbw b Anshul Kamboj'),(123650,1,'Vidarbha',14695,'Harsh Dubey',8,0,4,0,0,0,'lbw b Akash Deep'),(123650,1,'Vidarbha',12779,'Darshan Nalkande',9,20,31,1,1,64.52,'c Ishan Kishan b Gurnoor Brar'),(123650,1,'Vidarbha',15663,'Parth Rekhade',10,1,10,0,0,10,'not out'),(123650,1,'Vidarbha',13230,'Aditya Thakare',11,2,2,0,0,100,'c Ruturaj Gaikwad b Saransh Jain'),(123650,2,'Rest of India',9716,'Abhimanyu Easwaran',1,52,112,6,0,46.43,'lbw b Parth Rekhade'),(123650,2,'Rest of India',13388,'Aryan Juyal',2,23,63,1,0,36.51,'lbw b Darshan Nalkande'),(123650,2,'Rest of India',22556,'Yash Dhull',3,11,12,2,0,91.67,'st Akshay Wadkar b Harsh Dubey'),(123650,2,'Rest of India',10636,'Rajat Patidar',4,66,125,10,0,52.8,'c Yash Rathod b Harsh Dubey'),(123650,2,'Rest of India',11813,'Ruturaj Gaikwad',5,9,13,2,0,69.23,'c Yash Rathod b Yash Thakur'),(123650,2,'Rest of India',10276,'Ishan Kishan',6,1,14,0,0,7.14,'lbw b Parth Rekhade'),(123650,2,'Rest of India',14596,'Manav Suthar',7,1,18,0,0,5.56,'lbw b Aditya Thakare'),(123650,2,'Rest of India',10285,'Saransh Jain',8,10,36,1,0,27.78,'b Yash Thakur'),(123650,2,'Rest of India',14726,'Akash Deep',9,14,10,3,0,140,'c Atharva Taide b Yash Thakur'),(123650,2,'Rest of India',14598,'Anshul Kamboj',10,10,9,0,1,111.11,'not out'),(123650,2,'Rest of India',22141,'Gurnoor Brar',11,13,11,1,1,118.18,'c Harsh Dubey b Yash Thakur'),(123650,3,'Vidarbha',13914,'Atharva Taide',1,15,43,0,0,34.88,'c Akash Deep b Manav Suthar'),(123650,3,'Vidarbha',32833,'Aman Mokhade',2,37,76,3,0,48.68,'c Ishan Kishan b Gurnoor Brar'),(123650,3,'Vidarbha',9205,'Dhruv Shorey',3,27,78,1,0,34.62,'lbw b Anshul Kamboj'),(123650,3,'Vidarbha',1431785,'Danish Malewar',4,16,38,2,0,42.11,'c Ruturaj Gaikwad b Anshul Kamboj'),(123650,3,'Vidarbha',13912,'Yash Rathod',5,5,9,1,0,55.56,'c Ishan Kishan b Anshul Kamboj'),(123650,3,'Vidarbha',10888,'Akshay Wadkar',6,36,125,4,0,28.8,'c Ishan Kishan b Anshul Kamboj'),(123650,3,'Vidarbha',14695,'Harsh Dubey',7,29,43,3,2,67.44,'c Saransh Jain b Gurnoor Brar'),(123650,3,'Vidarbha',15663,'Parth Rekhade',8,2,27,0,0,7.41,'c Rajat Patidar b Saransh Jain'),(123650,3,'Vidarbha',12779,'Darshan Nalkande',9,35,92,2,1,38.04,'c Ruturaj Gaikwad b Saransh Jain'),(123650,3,'Vidarbha',12096,'Yash Thakur',10,13,16,1,0,81.25,'c Aryan Juyal b Manav Suthar'),(123650,3,'Vidarbha',13230,'Aditya Thakare',11,3,22,0,0,13.64,'not out'),(123650,4,'Rest of India',9716,'Abhimanyu Easwaran',1,17,18,3,0,94.44,'lbw b Harsh Dubey'),(123650,4,'Rest of India',13388,'Aryan Juyal',2,6,14,1,0,42.86,'b Aditya Thakare'),(123650,4,'Rest of India',10276,'Ishan Kishan',3,35,65,3,0,53.85,'c Parth Rekhade b Harsh Dubey'),(123650,4,'Rest of India',10636,'Rajat Patidar',4,10,32,0,0,31.25,'c and b Aditya Thakare'),(123650,4,'Rest of India',11813,'Ruturaj Gaikwad',5,7,19,0,0,36.84,'c Akshay Wadkar b Darshan Nalkande'),(123650,4,'Rest of India',22556,'Yash Dhull',6,92,117,8,1,78.63,'c Atharva Taide b Yash Thakur'),(123650,4,'Rest of India',10285,'Saransh Jain',7,29,36,2,0,80.56,'lbw b Parth Rekhade'),(123650,4,'Rest of India',14596,'Manav Suthar',8,56,113,4,1,49.56,'not out'),(123650,4,'Rest of India',14598,'Anshul Kamboj',9,0,1,0,0,0,'b Yash Thakur'),(123650,4,'Rest of India',14726,'Akash Deep',10,3,10,0,0,30,'b Harsh Dubey'),(123650,4,'Rest of India',22141,'Gurnoor Brar',11,7,19,0,1,36.84,'c Atharva Taide b Harsh Dubey'),(133897,1,'North West',9735,'Ngoepe',1,17,17,3,0,100,'lbw b Gerald Coetzee'),(133897,1,'North West',31951,'Meeka eel Prince',2,142,258,12,4,55.04,'b Schalk Engelbrecht'),(133897,1,'North West',13317,'van Tonder',3,49,74,9,1,66.22,'c Lhuan-dre Pretorius b Schalk Engelbrecht'),(133897,1,'North West',11497,'Wihan Lubbe',4,75,104,11,2,72.12,'c Lesego Senokwane b D Galiem'),(133897,1,'North West',14797,'Rubin Hermann',5,69,120,8,1,57.5,'c Keegan Petersen b Schalk Engelbrecht'),(133897,1,'North West',15852,'Ruan de Swardt',6,0,3,0,0,0,'c Keegan Petersen b Donovan Ferreira'),(133897,1,'North West',50444,'Dian Forrester',7,94,146,11,1,64.38,'b Schalk Engelbrecht'),(133897,1,'North West',14429,'Nyaku',8,28,48,3,0,58.33,'c and b Donovan Ferreira'),(133897,1,'North West',13321,'Jade de Klerk',9,7,22,0,0,31.82,'not out'),(133897,1,'North West',14583,'Achille Cloete',10,1,13,0,0,7.69,'not out'),(133897,1,'North West',12587,'Shimane Mothoa',11,0,0,0,0,0,NULL),(133897,2,'Titans',18142,'Lesego Senokwane',1,14,29,2,0,48.28,'lbw b Shimane Mothoa'),(133897,2,'Titans',1450377,'Jorich Van Schalkwyk',2,41,109,6,0,37.61,'c Rubin Hermann b Nyaku'),(133897,2,'Titans',10178,'Keegan Petersen',3,22,37,4,0,59.46,'lbw b Dian Forrester'),(133897,2,'Titans',9801,'Makhanya',4,11,33,0,0,33.33,'b Shimane Mothoa'),(133897,2,'Titans',50545,'Lhuan-dre Pretorius',5,70,96,11,0,72.92,'b Nyaku'),(133897,2,'Titans',14798,'Donovan Ferreira',6,71,56,9,2,126.79,'c Rubin Hermann b Achille Cloete'),(133897,2,'Titans',9581,'D Galiem',7,2,12,0,0,16.67,'b Ruan de Swardt'),(133897,2,'Titans',9601,'Phehlukwayo',8,23,31,3,1,74.19,'lbw b Wihan Lubbe'),(133897,2,'Titans',13320,'Gerald Coetzee',9,5,21,1,0,23.81,'c Jade de Klerk b Nyaku'),(133897,2,'Titans',10175,'Junior Dala',10,0,1,0,0,0,'b Wihan Lubbe'),(133897,2,'Titans',31974,'Schalk Engelbrecht',11,0,1,0,0,0,'not out'),(133897,3,'North West',9735,'Ngoepe',1,99,124,12,0,79.84,'b Schalk Engelbrecht'),(133897,3,'North West',31951,'Meeka eel Prince',2,14,11,3,0,127.27,'c Lhuan-dre Pretorius b Gerald Coetzee'),(133897,3,'North West',13317,'van Tonder',3,1,4,0,0,25,'b Gerald Coetzee'),(133897,3,'North West',11497,'Wihan Lubbe',4,91,91,11,3,100,'b Donovan Ferreira'),(133897,3,'North West',14797,'Rubin Hermann',5,7,18,0,0,38.89,'c D Galiem b Schalk Engelbrecht'),(133897,3,'North West',15852,'Ruan de Swardt',6,12,19,0,0,63.16,'not out'),(133897,3,'North West',50444,'Dian Forrester',7,0,1,0,0,0,'b Schalk Engelbrecht'),(133897,3,'North West',14429,'Nyaku',8,0,0,0,0,0,NULL),(133897,3,'North West',13321,'Jade de Klerk',9,0,0,0,0,0,NULL),(133897,3,'North West',12587,'Shimane Mothoa',10,0,0,0,0,0,NULL),(133897,3,'North West',14583,'Achille Cloete',11,0,0,0,0,0,NULL),(133897,4,'Titans',18142,'Lesego Senokwane',1,3,22,0,0,13.64,'c van Tonder b Ruan de Swardt'),(133897,4,'Titans',1450377,'Jorich Van Schalkwyk',2,9,26,1,0,34.62,'lbw b Nyaku'),(133897,4,'Titans',10178,'Keegan Petersen',3,5,8,1,0,62.5,'batting'),(133897,4,'Titans',9801,'Sibonelo Makhanya',4,13,19,2,0,68.42,'batting'),(133897,4,'Titans',10175,'Junior Dala',5,0,0,0,0,0,NULL),(133897,4,'Titans',14798,'Donovan Ferreira',6,0,0,0,0,0,NULL),(133897,4,'Titans',50545,'Lhuan-dre Pretorius',7,0,0,0,0,0,NULL),(133897,4,'Titans',9601,'Andile Phehlukwayo',8,0,0,0,0,0,NULL),(133897,4,'Titans',9581,'Dayyaan Galiem',9,0,0,0,0,0,NULL),(133897,4,'Titans',13320,'Gerald Coetzee',10,0,0,0,0,0,NULL),(133897,4,'Titans',31974,'Schalk Engelbrecht',11,0,0,0,0,0,NULL),(133886,1,'Warriors',15948,'Modiri Litheko',1,30,76,4,0,39.47,'c Andile Mogakane b Sean Gilson'),(133886,1,'Warriors',21386,'Jordan Hermann',2,0,1,0,0,0,'b Dupavillon'),(133886,1,'Warriors',33183,'Muhammad Manack',3,1,9,0,0,11.11,'c Shekleton b Dupavillon'),(133886,1,'Warriors',13089,'Breetzke',4,4,5,0,0,80,'lbw b Viljoen'),(133886,1,'Warriors',1431305,'Matthew De Villiers',5,4,8,1,0,50,'lbw b Viljoen'),(133886,1,'Warriors',13318,'Jean du Plessis',6,0,1,0,0,0,'b Dupavillon'),(133886,1,'Warriors',13068,'Thomas Kaber',7,50,122,2,0,40.98,'not out'),(133886,1,'Warriors',23341,'Matthew Boast',8,3,4,0,0,75,'b Sean Gilson'),(133886,1,'Warriors',20578,'Aphiwe Mnyanda',9,37,62,4,2,59.68,'c Sean Gilson b Dupavillon'),(133886,1,'Warriors',53454,'Wesley Bedja',10,3,6,0,0,50,'b Viljoen'),(133886,1,'Warriors',13150,'Mungroo',11,0,0,0,0,0,'run out (Dupavillon)'),(133886,2,'KwaZulu-Natal Inland',9822,'Nofal',1,19,47,3,0,40.43,'c Muhammad Manack b Mungroo'),(133886,2,'KwaZulu-Natal Inland',11435,'Rapulana',2,4,14,0,0,28.57,'c Jean du Plessis b Matthew Boast'),(133886,2,'KwaZulu-Natal Inland',1450692,'Muhammed Bulbulia',3,0,5,0,0,0,'c Jean du Plessis b Mungroo'),(133886,2,'KwaZulu-Natal Inland',9703,'Erlank',4,11,18,2,0,61.11,'lbw b Matthew Boast'),(133886,2,'KwaZulu-Natal Inland',51686,'Sean Gilson',5,21,47,1,0,44.68,'b Matthew Boast'),(133886,2,'KwaZulu-Natal Inland',20357,'Shekleton',6,59,157,5,0,37.58,'not out'),(133886,2,'KwaZulu-Natal Inland',53450,'Andile Mogakane',7,19,47,1,0,40.43,'st Jean du Plessis b Thomas Kaber'),(133886,2,'KwaZulu-Natal Inland',53419,'Ntando Zuma',8,21,57,2,0,36.84,'c Jean du Plessis b Mungroo'),(133886,2,'KwaZulu-Natal Inland',9493,'Viljoen',9,0,17,0,0,0,'c Jean du Plessis b Mungroo'),(133886,2,'KwaZulu-Natal Inland',10079,'Dupavillon',10,5,12,0,0,41.67,'c Breetzke b Matthew Boast'),(133886,2,'KwaZulu-Natal Inland',11204,'Abrahams',11,11,26,2,0,42.31,'c Jean du Plessis b Matthew Boast'),(133886,3,'Warriors',15948,'Modiri Litheko',1,2,6,0,0,33.33,'run out (Muhammed Bulbulia)'),(133886,3,'Warriors',21386,'Jordan Hermann',2,15,33,3,0,45.45,'b Sean Gilson'),(133886,3,'Warriors',33183,'Muhammad Manack',3,59,142,8,0,41.55,'c Shekleton b Viljoen'),(133886,3,'Warriors',13089,'Matthew Breetzke',4,50,155,5,0,32.26,'batting'),(133886,3,'Warriors',1431305,'Matthew De Villiers',5,30,72,3,0,41.67,'batting'),(133886,3,'Warriors',13318,'Jean du Plessis',6,0,0,0,0,0,NULL),(133886,3,'Warriors',13068,'Thomas Kaber',7,0,0,0,0,0,NULL),(133886,3,'Warriors',23341,'Matthew Boast',8,0,0,0,0,0,NULL),(133886,3,'Warriors',20578,'Aphiwe Mnyanda',9,0,0,0,0,0,NULL),(133886,3,'Warriors',53454,'Wesley Bedja',10,0,0,0,0,0,NULL),(133886,3,'Warriors',13150,'Kerwin Mungroo',11,0,0,0,0,0,NULL),(133875,1,'Boland',11891,'Pieter Malan',1,12,38,2,0,31.58,'c Hanu Viljoen b Ottneil Baartman'),(133875,1,'Boland',14187,'Roelofsen',2,8,12,2,0,66.67,'c Hanu Viljoen b Okuhle Cele'),(133875,1,'Boland',22051,'Kaplan',3,20,34,4,0,58.82,'c Bryce Parsons b Tristan Luus'),(133875,1,'Boland',9766,'Mgijima',4,0,3,0,0,0,'b Ottneil Baartman'),(133875,1,'Boland',9580,'Fortuin',5,10,17,0,1,58.82,'lbw b Ottneil Baartman'),(133875,1,'Boland',1423887,'Lehan Botha',6,45,75,9,0,60,'not out'),(133875,1,'Boland',10194,'Ferisco Adams',7,6,19,1,0,31.58,'c and b Tristan Luus'),(133875,1,'Boland',9736,'von Berg',8,3,6,0,0,50,'run out (Tristan Luus/Hanu Viljoen)'),(133875,1,'Boland',9489,'Gqamane',9,16,25,2,0,64,'c Hanu Viljoen b Okuhle Cele'),(133875,1,'Boland',14516,'Glenton Stuurman',10,27,43,4,0,62.79,'b Tristan Luus'),(133875,1,'Boland',13066,'Akhona Mnyaka',11,0,3,0,0,0,'c Hanu Viljoen b Tristan Luus'),(133875,2,'Dolphins',50549,'Romashan Pillay',1,0,1,0,0,0,'c Fortuin b Glenton Stuurman'),(133875,2,'Dolphins',10687,'Dithole',2,116,172,12,0,67.44,'c Roelofsen b Akhona Mnyaka'),(133875,2,'Dolphins',12188,'MJ Ackerman',3,35,42,5,1,83.33,'c Pieter Malan b Gqamane'),(133875,2,'Dolphins',14586,'Bryce Parsons',4,45,93,2,0,48.39,'c Fortuin b Lehan Botha'),(133875,2,'Dolphins',9587,'J Smith',5,2,7,0,0,28.57,'b von Berg'),(133875,2,'Dolphins',9724,'Zondo',6,61,123,4,1,49.59,'c Lehan Botha b Glenton Stuurman'),(133875,2,'Dolphins',20327,'Hanu Viljoen',7,17,45,0,0,37.78,'c Fortuin b von Berg'),(133875,2,'Dolphins',13098,'Eathan Bosch',8,21,33,1,1,63.64,'b Glenton Stuurman'),(133875,2,'Dolphins',50972,'Tristan Luus',9,11,13,0,0,84.62,'b Glenton Stuurman'),(133875,2,'Dolphins',13100,'Ottneil Baartman',10,3,29,0,0,10.34,'not out'),(133875,2,'Dolphins',12191,'Okuhle Cele',11,0,6,0,0,0,'b Lehan Botha'),(133875,3,'Boland',11891,'Pieter Malan',1,157,308,19,0,50.97,'c Hanu Viljoen b Ottneil Baartman'),(133875,3,'Boland',14187,'Roelofsen',2,67,103,10,1,65.05,'b Eathan Bosch'),(133875,3,'Boland',22051,'Kaplan',3,67,118,9,0,56.78,'c Eathan Bosch b Bryce Parsons'),(133875,3,'Boland',9766,'Mgijima',4,26,45,4,0,57.78,'lbw b Ottneil Baartman'),(133875,3,'Boland',9580,'Fortuin',5,14,38,0,0,36.84,'lbw b Okuhle Cele'),(133875,3,'Boland',1423887,'Lehan Botha',6,26,43,5,0,60.47,'b Tristan Luus'),(133875,3,'Boland',10194,'Ferisco Adams',7,22,39,4,0,56.41,'c Hanu Viljoen b Tristan Luus'),(133875,3,'Boland',9489,'Gqamane',8,9,25,2,0,36,'b Tristan Luus'),(133875,3,'Boland',9736,'von Berg',9,9,48,0,0,18.75,'b Eathan Bosch'),(133875,3,'Boland',14516,'Glenton Stuurman',10,18,25,3,0,72,'c Hanu Viljoen b Eathan Bosch'),(133875,3,'Boland',13066,'Akhona Mnyaka',11,0,16,0,0,0,'not out'),(133875,4,'Dolphins',10687,'Tshepang Dithole',1,60,109,7,0,55.05,'c Akhona Mnyaka b Mgijima'),(133875,4,'Dolphins',50549,'Romashan Pillay',2,16,18,2,1,88.89,'c Mgijima b Glenton Stuurman'),(133875,4,'Dolphins',13098,'Eathan Bosch',3,34,68,4,1,50,'c Fortuin b Gqamane'),(133875,4,'Dolphins',14586,'Bryce Parsons',4,63,110,4,0,57.27,'c Akhona Mnyaka b Mgijima'),(133875,4,'Dolphins',9587,'Jason Smith',5,54,88,4,2,61.36,'c Fortuin b Pieter Malan'),(133875,4,'Dolphins',9724,'Khaya Zondo',6,14,10,1,0,140,'not out'),(133875,4,'Dolphins',20327,'Hanu Viljoen',7,6,10,1,0,60,'not out'),(133875,4,'Dolphins',50972,'Tristan Luus',8,0,0,0,0,0,NULL),(133875,4,'Dolphins',12188,'Marques Ackerman',9,0,0,0,0,0,NULL),(133875,4,'Dolphins',12191,'Okuhle Cele',10,0,0,0,0,0,NULL),(133875,4,'Dolphins',13100,'Ottneil Baartman',11,0,0,0,0,0,NULL),(119870,1,'AUSA',13472,'Mackenzie Harvey',1,7,11,1,0,63.64,'c Riyan Parag b Arshdeep Singh'),(119870,1,'AUSA',14501,'Jake Fraser-McGurk',2,5,7,1,0,71.43,'c Vipraj Nigam b Arshdeep Singh'),(119870,1,'AUSA',15927,'Cooper Connolly',3,64,49,5,4,130.61,'c Abhishek Sharma b Ayush Badoni'),(119870,1,'AUSA',52918,'Harry Dixon',4,1,4,0,0,25,'c Riyan Parag b Harshit Rana'),(119870,1,'AUSA',15142,'Lachlan Hearne',5,16,13,2,1,123.08,'c Riyan Parag b Harshit Rana'),(119870,1,'AUSA',23446,'Lachlan Shaw',6,32,34,3,1,94.12,'c Gurjapneet Singh b Nishant Sindhu'),(119870,1,'AUSA',15143,'Liam Scott',7,73,64,1,6,114.06,'c (sub)Suryansh Shedge b Ayush Badoni'),(119870,1,'AUSA',13348,'Jack Edwards',8,89,74,8,3,120.27,'c Shreyas Iyer b Arshdeep Singh'),(119870,1,'AUSA',15146,'T Murphy',9,2,3,0,0,66.67,'c Vipraj Nigam b Gurjapneet Singh'),(119870,1,'AUSA',15137,'T Sangha',10,12,19,1,0,63.16,'not out'),(119870,1,'AUSA',53769,'Tom Straker',11,6,17,0,0,35.29,'b Harshit Rana'),(119870,2,'INDA',12086,'Abhishek Sharma',1,22,25,2,0,88,'c T Sangha b T Murphy'),(119870,2,'INDA',14254,'Prabhsimran Singh',2,102,68,8,7,150,'c (sub)Sutherland b T Sangha'),(119870,2,'INDA',14504,'Tilak Varma',3,3,6,0,0,50,'lbw b T Murphy'),(119870,2,'INDA',9428,'Shreyas Iyer',4,38,44,4,0,86.36,'batting'),(119870,2,'INDA',12305,'Riyan Parag',5,39,37,3,2,105.41,'batting'),(119870,2,'INDA',22576,'Nishant Sindhu',6,0,0,0,0,0,NULL),(119870,2,'INDA',13907,'Ayush Badoni',7,0,0,0,0,0,NULL),(119870,2,'INDA',1431811,'Vipraj Nigam',8,0,0,0,0,0,NULL),(119870,2,'INDA',24729,'Harshit Rana',9,0,0,0,0,0,NULL),(119870,2,'INDA',13217,'Arshdeep Singh',10,0,0,0,0,0,NULL),(119870,2,'INDA',19807,'Gurjapneet Singh',11,0,0,0,0,0,NULL),(134485,1,'Mpumalanga Rhinos',21393,'Karabo Mogotsi',1,27,34,5,0,79.41,'b Morne Venter'),(134485,1,'Mpumalanga Rhinos',1431603,'Zakir Kathrada',2,63,135,7,1,46.67,'c Thamsanga Kumalo b Joseph van Rensburg'),(134485,1,'Mpumalanga Rhinos',21396,'Muhammed Mayet',3,269,337,27,5,79.82,'not out'),(134485,1,'Mpumalanga Rhinos',23916,'Benjamin van Niekerk',4,21,41,3,0,51.22,'c Morne Venter b Odirile Modimokoane'),(134485,1,'Mpumalanga Rhinos',11009,'Yassar Cook',5,43,105,4,2,40.95,'c Garnett Tarr b Nhlakanipho Mpungose'),(134485,1,'Mpumalanga Rhinos',10797,'Swanepoel',6,5,7,0,0,71.43,'c and b Joseph van Rensburg'),(134485,1,'Mpumalanga Rhinos',21721,'Musawenkosi Twala',7,0,1,0,0,0,'lbw b Joseph van Rensburg'),(134485,1,'Mpumalanga Rhinos',20362,'Gareth Dukes',8,14,11,3,0,127.27,'c Thamsanga Kumalo b Charl Prinsloo'),(134485,1,'Mpumalanga Rhinos',20348,'Mannikam',9,2,31,0,0,6.45,'b Odirile Modimokoane'),(134485,1,'Mpumalanga Rhinos',1463229,'Ricus Kramm',10,0,5,0,0,0,'b Joseph van Rensburg'),(134485,1,'Mpumalanga Rhinos',1431091,'Themba Maupa',11,0,8,0,0,0,'c Charl Prinsloo b Ntuli'),(134485,2,'Northern Cape',14543,'Thamsanga Kumalo',1,0,3,0,0,0,'b Gareth Dukes'),(134485,2,'Northern Cape',20536,'Tahir Isaacs',2,54,142,6,0,38.03,'b Mannikam'),(134485,2,'Northern Cape',24066,'Ronan Hermann',3,102,156,13,0,65.38,'c Yassar Cook b Themba Maupa'),(134485,2,'Northern Cape',15128,'Nonelela Yikha',4,0,4,0,0,0,'lbw b Gareth Dukes'),(134485,2,'Northern Cape',16821,'Garnett Tarr',5,9,32,0,0,28.12,'c Benjamin van Niekerk b Ricus Kramm'),(134485,2,'Northern Cape',20503,'Morne Venter',6,6,23,1,0,26.09,'c Musawenkosi Twala b Themba Maupa'),(134485,2,'Northern Cape',1463234,'Charl Prinsloo',7,0,3,0,0,0,'lbw b Swanepoel'),(134485,2,'Northern Cape',10798,'Ntuli',8,23,62,3,0,37.1,'b Ricus Kramm'),(134485,2,'Northern Cape',1463231,'Joseph van Rensburg',9,4,30,1,0,13.33,'c Muhammed Mayet b Swanepoel'),(134485,2,'Northern Cape',15921,'Odirile Modimokoane',10,0,1,0,0,0,'c Benjamin van Niekerk b Swanepoel'),(134485,2,'Northern Cape',34151,'Nhlakanipho Mpungose',11,7,27,1,0,25.93,'not out'),(134485,3,'Mpumalanga Rhinos',21393,'Karabo Mogotsi',1,15,26,2,0,57.69,'c Ronan Hermann b Odirile Modimokoane'),(134485,3,'Mpumalanga Rhinos',20362,'Gareth Dukes',2,18,15,2,0,120,'b Odirile Modimokoane'),(134485,3,'Mpumalanga Rhinos',1431603,'Zakir Kathrada',3,85,99,9,2,85.86,'c Ronan Hermann b Charl Prinsloo'),(134485,3,'Mpumalanga Rhinos',21396,'Muhammed Mayet',4,11,27,1,0,40.74,'b Ntuli'),(134485,3,'Mpumalanga Rhinos',23916,'Benjamin van Niekerk',5,2,5,0,0,40,'lbw b Ntuli'),(134485,3,'Mpumalanga Rhinos',11009,'Yassar Cook',6,0,10,0,0,0,'c Thamsanga Kumalo b Ntuli'),(134485,3,'Mpumalanga Rhinos',10797,'Swanepoel',7,22,36,0,1,61.11,'b Odirile Modimokoane'),(134485,3,'Mpumalanga Rhinos',21721,'Musawenkosi Twala',8,14,16,3,0,87.5,'c Garnett Tarr b Charl Prinsloo'),(134485,3,'Mpumalanga Rhinos',20348,'Mannikam',9,1,4,0,0,25,'c Charl Prinsloo b Joseph van Rensburg'),(134485,3,'Mpumalanga Rhinos',1463229,'Ricus Kramm',10,0,1,0,0,0,'c Nonelela Yikha b Joseph van Rensburg'),(134485,3,'Mpumalanga Rhinos',1431091,'Themba Maupa',11,0,2,0,0,0,'not out'),(134485,4,'Northern Cape',14543,'Thamsanga Kumalo',1,24,20,6,0,120,'c Musawenkosi Twala b Gareth Dukes'),(134485,4,'Northern Cape',20536,'Tahir Isaacs',2,2,16,0,0,12.5,'c Themba Maupa b Ricus Kramm'),(134485,4,'Northern Cape',24066,'Ronan Hermann',3,22,38,3,0,57.89,'c Musawenkosi Twala b Themba Maupa'),(134485,4,'Northern Cape',15128,'Nonelela Yikha',4,28,71,3,0,39.44,'batting'),(134485,4,'Northern Cape',16821,'Garnett Tarr',5,2,19,0,0,10.53,'c Yassar Cook b Mannikam'),(134485,4,'Northern Cape',1463234,'Charl Prinsloo',6,19,29,2,0,65.52,'batting'),(134485,4,'Northern Cape',15921,'Odirile Modimokoane',7,0,0,0,0,0,NULL),(134485,4,'Northern Cape',20503,'Morne Venter',8,0,0,0,0,0,NULL),(134485,4,'Northern Cape',10798,'Tshepo Ntuli',9,0,0,0,0,0,NULL),(134485,4,'Northern Cape',1463231,'Joseph van Rensburg',10,0,0,0,0,0,NULL),(134485,4,'Northern Cape',34151,'Nhlakanipho Mpungose',11,0,0,0,0,0,NULL),(134491,1,'South Western Districts',14588,'Ruan Terblanche',1,72,165,9,0,43.64,'lbw b Keenan Vieira'),(134491,1,'South Western Districts',9575,'Yaseen Valli',2,49,107,5,1,45.79,'c Klijnhans b Emmanuel Motswiri'),(134491,1,'South Western Districts',20448,'Kyle Jacobs',3,43,93,5,0,46.24,'c Ruve Lowe b Ludwig Kaestner'),(134491,1,'South Western Districts',20546,'G Van Heerden',4,221,319,27,3,69.28,'not out'),(134491,1,'South Western Districts',55620,'Nathan Engelbrecht',5,6,17,1,0,35.29,'c Sizwe Masondo b Emmanuel Motswiri'),(134491,1,'South Western Districts',15918,'Tyrese Karelse',6,10,73,1,0,13.7,'b Matthew Hollard'),(134491,1,'South Western Districts',50598,'Bennie Hansen',7,28,70,3,0,40,'lbw b Atwell Mokgoloboto'),(134491,1,'South Western Districts',1463245,'Jade Richter',8,0,2,0,0,0,'c Sizwe Masondo b Don Radebe'),(134491,1,'South Western Districts',1431313,'Banele Cele',9,12,31,2,0,38.71,'lbw b Don Radebe'),(134491,1,'South Western Districts',20566,'Liam Alder',10,22,55,1,1,40,'c Keenan Vieira b Ludwig Kaestner'),(134491,1,'South Western Districts',20288,'Majeza',11,1,27,0,0,3.7,'b Don Radebe'),(134491,2,'Limpopo',20458,'Ludwig Kaestner',1,3,18,0,0,16.67,'c and b Jade Richter'),(134491,2,'Limpopo',14315,'Sizwe Masondo',2,43,67,7,0,64.18,'lbw b Liam Alder'),(134491,2,'Limpopo',1463254,'Ruve Lowe',3,15,80,2,0,18.75,'b Jade Richter'),(134491,2,'Limpopo',34968,'Keenan Vieira',4,10,13,2,0,76.92,'c Nathan Engelbrecht b Banele Cele'),(134491,2,'Limpopo',20412,'Liam Peters',5,28,31,4,0,90.32,'c Nathan Engelbrecht b Tyrese Karelse'),(134491,2,'Limpopo',24629,'Atwell Mokgoloboto',6,31,51,6,0,60.78,'lbw b Majeza'),(134491,2,'Limpopo',24071,'Klijnhans',7,20,44,4,0,45.45,'b Liam Alder'),(134491,2,'Limpopo',50997,'Emmanuel Motswiri',8,10,22,1,0,45.45,'c Yaseen Valli b Majeza'),(134491,2,'Limpopo',20497,'Don Radebe',9,0,2,0,0,0,'c Yaseen Valli b Majeza'),(134491,2,'Limpopo',51046,'Irvin Modimokoane',10,2,15,0,0,13.33,'lbw b Banele Cele'),(134491,2,'Limpopo',1463082,'Matthew Hollard',11,0,2,0,0,0,'not out'),(134491,3,'Limpopo',20458,'Ludwig Kaestner',1,56,114,9,0,49.12,'lbw b Banele Cele'),(134491,3,'Limpopo',14315,'Sizwe Masondo',2,3,37,0,0,8.11,'lbw b Liam Alder'),(134491,3,'Limpopo',1463254,'Ruve Lowe',3,7,10,1,0,70,'c Ruan Terblanche b Jade Richter'),(134491,3,'Limpopo',34968,'Keenan Vieira',4,9,73,1,0,12.33,'b Tyrese Karelse'),(134491,3,'Limpopo',20412,'Liam Peters',5,2,5,0,0,40,'lbw b Tyrese Karelse'),(134491,3,'Limpopo',24629,'Atwell Mokgoloboto',6,0,1,0,0,0,'c (sub)Kelly Smuts b Tyrese Karelse'),(134491,3,'Limpopo',24071,'Christoffel Klijnhans',7,0,6,0,0,0,'b Tyrese Karelse'),(134491,3,'Limpopo',50997,'Emmanuel Motswiri',8,4,30,0,0,13.33,'c Ruan Terblanche b Yaseen Valli'),(134491,3,'Limpopo',20497,'Don Radebe',9,26,47,4,0,55.32,'batting'),(134491,3,'Limpopo',51046,'Irvin Modimokoane',10,2,3,0,0,66.67,'batting'),(134491,3,'Limpopo',1463082,'Matthew Hollard',11,0,0,0,0,0,NULL),(121488,1,'India Women',1448809,'Pratika Rawal',1,31,37,5,0,83.78,'b Sadia Iqbal'),(121488,1,'India Women',10012,'Smriti Mandhana',2,23,32,4,0,71.88,'lbw b Fatima Sana'),(121488,1,'India Women',13658,'Harleen Deol',3,46,65,4,1,70.77,'c Nashra Sandhu b Rameen Shamim'),(121488,1,'India Women',9082,'Harmanpreet Kaur',4,19,34,2,0,55.88,'c Sidra Nawaz b Diana Baig'),(121488,1,'India Women',13517,'Jemimah Rodrigues',5,32,37,5,0,86.49,'lbw b Nashra Sandhu'),(121488,1,'India Women',11098,'Deepti Sharma',6,25,33,1,0,75.76,'c Sidra Nawaz b Diana Baig'),(121488,1,'India Women',11326,'Sneh Rana',7,20,33,2,0,60.61,'c Aliya Riaz b Fatima Sana'),(121488,1,'India Women',16208,'Richa Ghosh',8,35,20,3,2,175,'not out'),(121488,1,'India Women',41078,'Shree Charani',9,1,5,0,0,20,'c Natalia Pervaiz b Sadia Iqbal'),(121488,1,'India Women',1448841,'Kranti Gaud',10,8,4,2,0,200,'c Aliya Riaz b Diana Baig'),(121488,1,'India Women',14491,'Renuka Singh',11,0,1,0,0,0,'c Sidra Nawaz b Diana Baig'),(121488,2,'Pakistan Women',11394,'Muneeba Ali',1,2,12,0,0,16.67,'run out (Deepti Sharma)'),(121488,2,'Pakistan Women',26157,'Sadaf Shamas',2,6,24,0,0,25,'c and b Kranti Gaud'),(121488,2,'Pakistan Women',9131,'Sidra Amin',3,8,9,2,0,88.89,'batting'),(121488,2,'Pakistan Women',14804,'Rameen Shamim',4,0,0,0,0,0,NULL),(121488,2,'Pakistan Women',11393,'Aliya Riaz',5,0,0,0,0,0,NULL),(121488,2,'Pakistan Women',11392,'Sidra Nawaz',6,0,0,0,0,0,NULL),(121488,2,'Pakistan Women',14806,'Fatima Sana',7,0,0,0,0,0,NULL),(121488,2,'Pakistan Women',13185,'Natalia Pervaiz',8,0,0,0,0,0,NULL),(121488,2,'Pakistan Women',9127,'Diana Baig',9,0,0,0,0,0,NULL),(121488,2,'Pakistan Women',12275,'Nashra Sandhu',10,0,0,0,0,0,NULL),(121488,2,'Pakistan Women',15699,'Sadia Iqbal',11,0,0,0,0,0,NULL),(135184,1,'United Arab Emirates Women',13816,'Esha Rohit Oza',1,97,55,16,1,176.36,'c Francisca Chipare b Lindokuhle Mabhero'),(135184,1,'United Arab Emirates Women',24713,'Theertha Satish',2,49,49,4,0,100,'c Francisca Chipare b Nkomo'),(135184,1,'United Arab Emirates Women',30588,'Rinitha Rajith',3,7,6,0,0,116.67,'c Mupachikwa b Lindokuhle Mabhero'),(135184,1,'United Arab Emirates Women',13817,'Heena Hotchandani',4,10,12,0,0,83.33,'not out'),(135184,1,'United Arab Emirates Women',25049,'Samaira Dharnidharka',5,1,2,0,0,50,'not out'),(135184,1,'United Arab Emirates Women',25058,'Lavanya Keny',6,0,0,0,0,0,NULL),(135184,1,'United Arab Emirates Women',1452584,'Michelle Botha',7,0,0,0,0,0,NULL),(135184,1,'United Arab Emirates Women',25065,'Suraksha Kotte',8,0,0,0,0,0,NULL),(135184,1,'United Arab Emirates Women',25056,'Siya Gokhale',9,0,0,0,0,0,NULL),(135184,1,'United Arab Emirates Women',13827,'Udeni Dona',10,0,0,0,0,0,NULL),(135184,1,'United Arab Emirates Women',25079,'Indhuja Nandakumar',11,0,0,0,0,0,NULL),(135184,2,'Zimbabwe Women',20112,'Nyasha Gwanzura',1,4,7,1,0,57.14,'b Samaira Dharnidharka'),(135184,2,'Zimbabwe Women',19097,'Kelis Ndhlovu',2,22,16,3,0,137.5,'b Siya Gokhale'),(135184,2,'Zimbabwe Women',12283,'Modester Mupachikwa',3,0,1,0,0,0,'lbw b Samaira Dharnidharka'),(135184,2,'Zimbabwe Women',12289,'Loreen Tshuma',4,0,1,0,0,0,'b Samaira Dharnidharka'),(135184,2,'Zimbabwe Women',12755,'Chiedza Dhururu',5,43,41,5,0,104.88,'batting'),(135184,2,'Zimbabwe Women',12287,'Josephine Nkomo',6,33,26,3,0,126.92,'batting'),(135184,2,'Zimbabwe Women',19107,'Loryn Phiri',7,0,0,0,0,0,NULL),(135184,2,'Zimbabwe Women',1432945,'Adel Zimunu',8,0,0,0,0,0,NULL),(135184,2,'Zimbabwe Women',19102,'Francisca Chipare',9,0,0,0,0,0,NULL),(135184,2,'Zimbabwe Women',53342,'Lindokuhle Mabhero',10,0,0,0,0,0,NULL),(135184,2,'Zimbabwe Women',55218,'Christine Mutasa',11,0,0,0,0,0,NULL);
/*!40000 ALTER TABLE `live_batting_stats` ENABLE KEYS */;
UNLOCK TABLES;

--
-- Table structure for table `live_bowling_stats`
--

DROP TABLE IF EXISTS `live_bowling_stats`;
/*!40101 SET @saved_cs_client     = @@character_set_client */;
/*!50503 SET character_set_client = utf8mb4 */;
CREATE TABLE `live_bowling_stats` (
  `match_id` bigint DEFAULT NULL,
  `innings_id` bigint DEFAULT NULL,
  `team_name` text,
  `bowler_id` bigint DEFAULT NULL,
  `bowler_name` text,
  `overs` double DEFAULT NULL,
  `maidens` bigint DEFAULT NULL,
  `runs_conceded` bigint DEFAULT NULL,
  `wickets` bigint DEFAULT NULL,
  `economy` double DEFAULT NULL,
  `no_balls` bigint DEFAULT NULL,
  `wides` bigint DEFAULT NULL
) ENGINE=InnoDB DEFAULT CHARSET=utf8mb4 COLLATE=utf8mb4_0900_ai_ci;
/*!40101 SET character_set_client = @saved_cs_client */;

--
-- Dumping data for table `live_bowling_stats`
--

LOCK TABLES `live_bowling_stats` WRITE;
/*!40000 ALTER TABLE `live_bowling_stats` DISABLE KEYS */;
INSERT INTO `live_bowling_stats` VALUES (133666,1,'Afghanistan',13791,'Shoriful Islam',1,0,11,0,11,0,0),(133666,1,'Afghanistan',8543,'Nasum Ahmed',0.2,0,1,0,3,0,0),(133198,1,'Tasmania',8130,'Neser',24,2,75,4,3.1,0,0),(133198,1,'Tasmania',8509,'Jack Wildermuth',16,0,53,1,3.3,0,0),(133198,1,'Tasmania',18465,'Benji Floros',17,3,70,2,4.1,0,0),(133198,1,'Tasmania',8501,'Gurinder Sandhu',22,3,72,1,3.3,0,0),(133198,1,'Tasmania',10626,'Swepson',21.3,3,66,2,3.1,0,0),(133198,1,'Tasmania',10182,'Labuschagne',8,1,26,0,3.2,0,0),(133198,1,'Tasmania',53786,'Hugh Weibgen',2,0,14,0,7,0,0),(133198,2,'Queensland',8165,'Jackson Bird',14,4,46,0,3.3,0,0),(133198,2,'Queensland',9422,'Gabe Bell',17,5,45,0,2.6,0,0),(133198,2,'Queensland',55652,'Kieran Elliott',14,3,44,1,3.1,0,0),(133198,2,'Queensland',14667,'Bradley Hope',11,0,58,0,5.3,0,0),(133198,2,'Queensland',12951,'Nivethan Radhakrishnan',4,0,16,0,4,0,0),(133198,2,'Queensland',12338,'Nikhil Chaudhary',8,0,33,0,4.1,0,0),(133209,1,'South Australia',8631,'Boland',23,6,53,2,2.3,0,0),(133209,1,'South Australia',24541,'Fergus O Neill',25,5,58,0,2.3,0,0),(133209,1,'South Australia',15760,'Mitchell Perry',24,3,75,4,3.1,0,0),(133209,1,'South Australia',10201,'David Moody',20,4,78,1,3.9,0,0),(133209,1,'South Australia',51921,'Doug Warren',17.2,0,76,2,4.4,0,0),(133209,1,'South Australia',55281,'Oliver Peake',4,1,5,0,1.2,0,0),(133209,2,'Victoria',24603,'Jordan Buckingham',14,3,42,0,3,0,0),(133209,2,'Victoria',11757,'Wes Agar',13,0,42,1,3.2,0,0),(133209,2,'Victoria',1447529,'Hanno Jacobs',10,0,33,0,3.3,0,0),(133209,2,'Victoria',13346,'Nathan McSweeney',7,2,8,0,1.1,0,0),(133209,2,'Victoria',12227,'Lloyd Pope',16,2,42,1,2.6,0,0),(133220,1,'New South Wales',8498,'Joel Paris',14,7,28,1,2,0,0),(133220,1,'New South Wales',9451,'Matthew Kelly',13,1,55,2,4.2,0,0),(133220,1,'New South Wales',18480,'Rocchiccioli',15,5,40,1,2.7,0,0),(133220,1,'New South Wales',8635,'Gannon',11,2,29,2,2.6,0,0),(133220,1,'New South Wales',8508,'Agar',5.5,2,5,3,0.9,0,0),(133220,1,'New South Wales',12225,'Green',4,2,13,1,3.2,0,0),(133220,2,'Western Australia',11985,'Charles Stobo',12,2,35,2,2.9,0,0),(133220,2,'Western Australia',13345,'Ryan Hadley',12,2,29,3,2.4,0,0),(133220,2,'Western Australia',10625,'Liam Hatcher',9,4,14,2,1.6,0,0),(133220,2,'Western Australia',7850,'Nathan Lyon',10,2,31,0,3.1,0,0),(133220,2,'Western Australia',10162,'Chris Green',2,1,3,0,1.5,0,0),(133220,2,'Western Australia',23441,'William Salzmann',1,0,1,0,1,0,0),(123650,1,'Vidarbha',14598,'Anshul Kamboj',13,2,43,1,3.3,0,0),(123650,1,'Vidarbha',14726,'Akash Deep',19,4,51,3,2.7,0,0),(123650,1,'Vidarbha',22141,'Gurnoor Brar',17,4,53,1,3.1,0,0),(123650,1,'Vidarbha',10285,'Saransh Jain',26.4,0,94,2,3.5,0,0),(123650,1,'Vidarbha',14596,'Manav Suthar',26,4,74,3,2.8,0,0),(123650,2,'Rest of India',14695,'Harsh Dubey',22,5,58,2,2.6,0,0),(123650,2,'Rest of India',13230,'Aditya Thakare',11,1,40,1,3.6,0,0),(123650,2,'Rest of India',12779,'Darshan Nalkande',8,1,26,1,3.2,0,0),(123650,2,'Rest of India',12096,'Yash Thakur',16.5,3,66,4,3.9,0,0),(123650,2,'Rest of India',15663,'Parth Rekhade',12,3,24,2,2,0,0),(123650,3,'Vidarbha',10285,'Saransh Jain',21.1,0,52,2,2.5,0,0),(123650,3,'Vidarbha',14726,'Akash Deep',10,4,13,0,1.3,0,0),(123650,3,'Vidarbha',14596,'Manav Suthar',33,9,82,2,2.5,0,0),(123650,3,'Vidarbha',14598,'Anshul Kamboj',12,1,34,4,2.8,0,0),(123650,3,'Vidarbha',22141,'Gurnoor Brar',18,5,41,2,2.3,0,0),(123650,4,'Rest of India',14695,'Harsh Dubey',27.5,5,73,4,2.6,0,0),(123650,4,'Rest of India',13230,'Aditya Thakare',11,1,27,2,2.5,0,0),(123650,4,'Rest of India',15663,'Parth Rekhade',18,1,59,1,3.3,0,0),(123650,4,'Rest of India',12096,'Yash Thakur',7,1,47,2,6.7,0,0),(123650,4,'Rest of India',12779,'Darshan Nalkande',10,1,60,1,6,0,0),(133897,1,'North West',9581,'D Galiem',18,1,59,1,3.3,0,0),(133897,1,'North West',13320,'Gerald Coetzee',18,5,54,1,3,0,0),(133897,1,'North West',10175,'Junior Dala',18,0,75,0,4.2,0,0),(133897,1,'North West',9601,'Phehlukwayo',2,0,14,0,7,0,0),(133897,1,'North West',31974,'Schalk Engelbrecht',50,7,179,4,3.6,0,0),(133897,1,'North West',14798,'Donovan Ferreira',27,2,101,2,3.7,0,0),(133897,1,'North West',9801,'Makhanya',1,0,2,0,2,0,0),(133897,2,'Titans',12587,'Shimane Mothoa',14,1,58,2,4.1,0,0),(133897,2,'Titans',15852,'Ruan de Swardt',13,5,25,1,1.9,0,0),(133897,2,'Titans',50444,'Dian Forrester',11,1,41,1,3.7,0,0),(133897,2,'Titans',14583,'Achille Cloete',11,0,57,1,5.2,0,0),(133897,2,'Titans',13321,'Jade de Klerk',4,0,18,0,4.5,0,0),(133897,2,'Titans',14429,'Nyaku',11.3,2,40,3,3.5,0,0),(133897,2,'Titans',11497,'Wihan Lubbe',6,2,23,2,3.8,0,0),(133897,3,'North West',13320,'Gerald Coetzee',5,0,26,2,5.2,0,0),(133897,3,'North West',9581,'D Galiem',4,0,19,0,4.8,0,0),(133897,3,'North West',10175,'Junior Dala',4,0,37,0,9.2,0,0),(133897,3,'North West',31974,'Schalk Engelbrecht',13.4,1,63,3,4.6,0,0),(133897,3,'North West',14798,'Donovan Ferreira',12,0,47,1,3.9,0,0),(133897,3,'North West',9601,'Phehlukwayo',6,0,33,0,5.5,0,0),(133897,4,'Titans',12587,'Shimane Alfred Mothoa',3,1,6,0,2,0,0),(133897,4,'Titans',15852,'Ruan de Swardt',4,3,5,1,1.2,0,0),(133897,4,'Titans',14429,'Onke Nyaku',3,1,6,1,2,0,0),(133897,4,'Titans',13321,'Jade de Klerk',2,0,9,0,4.5,0,0),(133897,4,'Titans',11497,'Wihan Lubbe',0.3,0,4,0,8,0,0),(133886,1,'Warriors',10079,'Dupavillon',14,4,28,4,2,0,0),(133886,1,'Warriors',9493,'Viljoen',11,2,25,3,2.3,0,0),(133886,1,'Warriors',11204,'Abrahams',4,2,8,0,2,0,0),(133886,1,'Warriors',53450,'Andile Mogakane',4,0,15,0,3.8,0,0),(133886,1,'Warriors',51686,'Sean Gilson',9,3,29,2,3.2,0,0),(133886,1,'Warriors',9822,'Nofal',7,0,28,0,4,0,0),(133886,2,'KwaZulu-Natal Inland',23341,'Matthew Boast',18.2,4,52,5,2.8,0,0),(133886,2,'KwaZulu-Natal Inland',13150,'Mungroo',21,5,43,4,2,0,0),(133886,2,'KwaZulu-Natal Inland',53454,'Wesley Bedja',14,2,30,0,2.1,0,0),(133886,2,'KwaZulu-Natal Inland',20578,'Aphiwe Mnyanda',9,5,13,0,1.4,0,0),(133886,2,'KwaZulu-Natal Inland',13068,'Thomas Kaber',11,0,41,1,3.7,0,0),(133886,3,'Warriors',10079,'Daryn Dupavillon',12,5,15,0,1.2,0,0),(133886,3,'Warriors',11204,'Ziyaad Abrahams',14,5,33,0,2.4,0,0),(133886,3,'Warriors',51686,'Sean Gilson',15,0,51,1,3.4,0,0),(133886,3,'Warriors',9493,'Hardus Viljoen',13,3,21,1,1.6,0,0),(133886,3,'Warriors',9822,'Malcolm Nofal',10,3,20,0,2,0,0),(133886,3,'Warriors',53450,'Andile Mogakane',2,0,14,0,7,0,0),(133886,3,'Warriors',9703,'Michael Erlank',2,0,2,0,1,0,0),(133875,1,'Boland',13098,'Eathan Bosch',8,3,24,0,3,0,0),(133875,1,'Boland',12191,'Okuhle Cele',12,1,49,2,4.1,0,0),(133875,1,'Boland',13100,'Ottneil Baartman',11,4,19,3,1.7,0,0),(133875,1,'Boland',50972,'Tristan Luus',10.2,1,42,4,4.1,0,0),(133875,1,'Boland',14586,'Bryce Parsons',1,0,1,0,1,0,0),(133875,1,'Boland',9587,'J Smith',3,0,17,0,5.7,0,0),(133875,2,'Dolphins',14516,'Glenton Stuurman',18,6,46,4,2.6,0,0),(133875,2,'Dolphins',13066,'Akhona Mnyaka',19,0,77,1,4.1,0,0),(133875,2,'Dolphins',9489,'Gqamane',10,1,56,1,5.6,0,0),(133875,2,'Dolphins',1423887,'Lehan Botha',11.2,0,42,2,3.7,0,0),(133875,2,'Dolphins',10194,'Ferisco Adams',10,0,41,0,4.1,0,0),(133875,2,'Dolphins',9736,'von Berg',22,0,69,2,3.1,0,0),(133875,2,'Dolphins',9766,'Mgijima',1,0,2,0,2,0,0),(133875,3,'Boland',13098,'Eathan Bosch',20.3,2,60,3,2.9,0,0),(133875,3,'Boland',12191,'Okuhle Cele',23,5,88,1,3.8,0,0),(133875,3,'Boland',13100,'Ottneil Baartman',24,3,74,2,3.1,0,0),(133875,3,'Boland',50972,'Tristan Luus',24,2,102,3,4.2,0,0),(133875,3,'Boland',14586,'Bryce Parsons',40,8,104,1,2.6,0,0),(133875,3,'Boland',12188,'MJ Ackerman',2,0,10,0,5,0,0),(133875,4,'Dolphins',14516,'Glenton Stuurman',13,2,47,1,3.6,0,0),(133875,4,'Dolphins',13066,'Akhona Mnyaka',3,0,12,0,4,0,0),(133875,4,'Dolphins',9736,'Shaun von Berg',18,1,63,0,3.5,0,0),(133875,4,'Dolphins',1423887,'Lehan Botha',8,2,28,0,3.5,0,0),(133875,4,'Dolphins',9489,'Ayabulela Gqamane',7,1,29,1,4.1,0,0),(133875,4,'Dolphins',9766,'Aviwe Mgijima',9.4,1,37,2,3.8,0,0),(133875,4,'Dolphins',10194,'Ferisco Adams',6,0,24,0,4,0,0),(133875,4,'Dolphins',11891,'Pieter Malan',3,0,15,1,5,0,0),(119870,1,'AUSA',13217,'Arshdeep Singh',10,2,38,3,3.8,0,0),(119870,1,'AUSA',24729,'Harshit Rana',9.1,0,61,3,6.7,0,0),(119870,1,'AUSA',1431811,'Vipraj Nigam',6,0,60,0,10,0,0),(119870,1,'AUSA',19807,'Gurjapneet Singh',6,0,39,1,6.5,0,0),(119870,1,'AUSA',22576,'Nishant Sindhu',7,0,57,1,8.1,0,0),(119870,1,'AUSA',13907,'Ayush Badoni',6,0,31,2,5.2,0,0),(119870,1,'AUSA',12086,'Abhishek Sharma',4,0,19,0,4.8,0,0),(119870,1,'AUSA',12305,'Riyan Parag',1,0,9,0,9,0,0),(119870,2,'INDA',53769,'Tom Straker',5,0,35,0,7,0,0),(119870,2,'INDA',13348,'Jack Edwards',6,0,42,0,7,0,0),(119870,2,'INDA',15143,'Liam Scott',5,0,32,0,6.4,0,0),(119870,2,'INDA',15137,'Tanveer Sangha',7,0,59,1,8.4,0,0),(119870,2,'INDA',15146,'Todd Murphy',5,0,19,2,3.8,0,0),(119870,2,'INDA',15927,'Cooper Connolly',2,0,24,0,12,0,0),(134485,1,'Mpumalanga Rhinos',1463231,'Joseph van Rensburg',24,6,89,4,3.7,0,0),(134485,1,'Mpumalanga Rhinos',34151,'Nhlakanipho Mpungose',13,0,66,1,5.1,0,0),(134485,1,'Mpumalanga Rhinos',20503,'Morne Venter',5,1,16,1,3.2,0,0),(134485,1,'Mpumalanga Rhinos',1463234,'Charl Prinsloo',18,1,80,1,4.4,0,0),(134485,1,'Mpumalanga Rhinos',10798,'Ntuli',28.5,2,116,1,4,0,0),(134485,1,'Mpumalanga Rhinos',15921,'Odirile Modimokoane',30,2,81,2,2.7,0,0),(134485,2,'Northern Cape',20362,'Gareth Dukes',12,1,42,2,3.5,0,0),(134485,2,'Northern Cape',1463229,'Ricus Kramm',13.3,4,30,2,2.2,0,0),(134485,2,'Northern Cape',1431091,'Themba Maupa',15,5,39,2,2.6,0,0),(134485,2,'Northern Cape',20348,'Mannikam',23,3,67,1,2.9,0,0),(134485,2,'Northern Cape',10797,'Swanepoel',16,4,28,3,1.8,0,0),(134485,2,'Northern Cape',21396,'Muhammed Mayet',1,1,0,0,0,0,0),(134485,3,'Mpumalanga Rhinos',1463231,'Joseph van Rensburg',4,1,26,2,6.5,0,0),(134485,3,'Mpumalanga Rhinos',15921,'Odirile Modimokoane',16,2,53,3,3.3,0,0),(134485,3,'Mpumalanga Rhinos',10798,'Ntuli',15,3,66,3,4.4,0,0),(134485,3,'Mpumalanga Rhinos',15128,'Nonelela Yikha',1,0,4,0,4,0,0),(134485,3,'Mpumalanga Rhinos',34151,'Nhlakanipho Mpungose',2,0,18,0,9,0,0),(134485,3,'Mpumalanga Rhinos',1463234,'Charl Prinsloo',1.4,0,4,2,2.4,0,0),(134485,4,'Northern Cape',20362,'Gareth Dukes',6,2,27,1,4.5,0,0),(134485,4,'Northern Cape',1463229,'Ricus Kramm',5,2,4,1,0.8,0,0),(134485,4,'Northern Cape',20348,'Kurtlyn Mannikam',11,1,25,1,2.3,0,0),(134485,4,'Northern Cape',10797,'Aubrey Swanepoel',4,0,20,0,5,0,0),(134485,4,'Northern Cape',1431091,'Themba Maupa',6,1,24,1,4,0,0),(134491,1,'South Western Districts',1463082,'Matthew Hollard',22,5,72,1,3.3,0,0),(134491,1,'South Western Districts',51046,'Irvin Modimokoane',23,4,78,0,3.4,0,0),(134491,1,'South Western Districts',20497,'Don Radebe',28,7,81,3,2.9,0,0),(134491,1,'South Western Districts',50997,'Emmanuel Motswiri',24,5,68,2,2.8,0,0),(134491,1,'South Western Districts',24629,'Atwell Mokgoloboto',32,9,86,1,2.7,0,0),(134491,1,'South Western Districts',20458,'Ludwig Kaestner',14,1,50,2,3.6,0,0),(134491,1,'South Western Districts',34968,'Keenan Vieira',14,2,51,1,3.6,0,0),(134491,2,'Limpopo',20288,'Majeza',13,2,38,3,2.9,0,0),(134491,2,'Limpopo',20566,'Liam Alder',12,5,24,2,2,0,0),(134491,2,'Limpopo',1463245,'Jade Richter',13,4,43,2,3.3,0,0),(134491,2,'Limpopo',1431313,'Banele Cele',11.1,1,44,2,3.9,0,0),(134491,2,'Limpopo',20546,'G Van Heerden',2,2,0,0,0,0,0),(134491,2,'Limpopo',9575,'Yaseen Valli',2,1,1,0,0.5,0,0),(134491,2,'Limpopo',15918,'Tyrese Karelse',4,0,15,1,3.8,0,0),(134491,3,'Limpopo',1431313,'Banele Cele',8,2,21,1,2.6,0,0),(134491,3,'Limpopo',20566,'Liam Alder',24.2,12,26,1,1.1,0,0),(134491,3,'Limpopo',20288,'Sintu Majeza',3,1,5,0,1.7,0,0),(134491,3,'Limpopo',1463245,'Jade Richter',7,1,40,1,5.7,0,0),(134491,3,'Limpopo',15918,'Tyrese Karelse',9,2,21,4,2.3,0,0),(134491,3,'Limpopo',9575,'Yaseen Valli',2,0,6,1,3,0,0),(121488,1,'India Women',15699,'Sadia Iqbal',10,0,47,2,4.7,0,0),(121488,1,'India Women',9127,'Diana Baig',10,1,69,4,6.9,0,0),(121488,1,'India Women',14806,'Fatima Sana',10,2,38,2,3.8,0,0),(121488,1,'India Women',14804,'Rameen Shamim',10,0,39,1,3.9,0,0),(121488,1,'India Women',12275,'Nashra Sandhu',10,0,52,1,5.2,0,0),(121488,2,'Pakistan Women',14491,'Renuka Singh Thakur',4,0,12,0,3,0,0),(121488,2,'Pakistan Women',1448841,'Kranti Gaud',3.3,0,8,1,2.3,0,0),(135184,1,'United Arab Emirates Women',1432945,'Adel Zimunu',3,0,29,0,9.7,0,0),(135184,1,'United Arab Emirates Women',53342,'Lindokuhle Mabhero',4,0,29,2,7.2,0,0),(135184,1,'United Arab Emirates Women',12287,'Nkomo',4,0,25,1,6.2,0,0),(135184,1,'United Arab Emirates Women',19102,'Francisca Chipare',2,0,25,0,12.5,0,0),(135184,1,'United Arab Emirates Women',55218,'Christine Mutasa',2,0,19,0,9.5,0,0),(135184,1,'United Arab Emirates Women',20112,'Nyasha Gwanzura',1,0,14,0,14,0,0),(135184,1,'United Arab Emirates Women',12289,'Loreen Tshuma',2,0,17,0,8.5,0,0),(135184,1,'United Arab Emirates Women',19107,'Loryn Phiri',2,0,18,0,9,0,0),(135184,2,'Zimbabwe Women',25049,'Samaira Dharnidharka',3,1,10,3,3.3,0,0),(135184,2,'Zimbabwe Women',25065,'Suraksha Kotte',1,0,10,0,10,0,0),(135184,2,'Zimbabwe Women',13816,'Esha Rohit Oza',1,0,17,0,17,0,0),(135184,2,'Zimbabwe Women',25079,'Indhuja Nandakumar',4,0,29,0,7.2,0,0),(135184,2,'Zimbabwe Women',25056,'Siya Gokhale',3,0,20,1,6.7,0,0),(135184,2,'Zimbabwe Women',1452584,'Michelle Botha',2,0,11,0,5.5,0,0),(135184,2,'Zimbabwe Women',13817,'Heena Hotchandani',1.1,0,7,0,6,0,0);
/*!40000 ALTER TABLE `live_bowling_stats` ENABLE KEYS */;
UNLOCK TABLES;

--
-- Table structure for table `live_commentary`
--

DROP TABLE IF EXISTS `live_commentary`;
/*!40101 SET @saved_cs_client     = @@character_set_client */;
/*!50503 SET character_set_client = utf8mb4 */;
CREATE TABLE `live_commentary` (
  `match_id` bigint DEFAULT NULL,
  `innings` bigint DEFAULT NULL,
  `over_number` double DEFAULT NULL,
  `ball_number` bigint DEFAULT NULL,
  `timestamp` bigint DEFAULT NULL,
  `event_type` text,
  `commentary_text` text,
  `runs_scored` bigint DEFAULT NULL,
  `bat_team_score` bigint DEFAULT NULL,
  `fetched_at` datetime DEFAULT NULL
) ENGINE=InnoDB DEFAULT CHARSET=utf8mb4 COLLATE=utf8mb4_0900_ai_ci;
/*!40101 SET character_set_client = @saved_cs_client */;

--
-- Dumping data for table `live_commentary`
--

LOCK TABLES `live_commentary` WRITE;
/*!40000 ALTER TABLE `live_commentary` DISABLE KEYS */;
INSERT INTO `live_commentary` VALUES (133666,1,2.1,13,1759675189319,'WICKET','Shoriful Islam to Ibrahim Zadran, B0$ Caught by Nurul Hasan!! Ibrahim Zadran holes out! A skiddy back of a length delivery on off, Ibrahim Zadran tries to pull it off the front foot but is rushed on the stroke. He ends up getting B1$',0,0,'2025-10-05 20:11:28'),(133666,1,0,0,1759675188291,'NONE','Shoriful Islam to Ibrahim Zadran, B0$ Caught!!',0,0,'2025-10-05 20:11:28'),(133666,1,1.6,12,1759675100346,'over-break','Nasum Ahmed to Gurbaz, no run, full delivery on off, Gurbaz leans ahead and eases it to covers',0,0,'2025-10-05 20:11:28'),(133666,1,1.5,11,1759675073953,'FOUR','Nasum Ahmed to Gurbaz, B0$, Gurbaz skips down the track, gets close to the pitch of the ball and hits it over mid-on to get the desired result. Good intent from him and he executed the shot nicely',4,0,'2025-10-05 20:11:28'),(133666,1,1.4,10,1759675049832,'NONE','Nasum Ahmed to Gurbaz, no run, Gurbaz lunges to the floated delivery and blocks it down the pitch',0,0,'2025-10-05 20:11:28'),(133666,1,1.3,9,1759675029222,'FOUR','Nasum Ahmed to Gurbaz, B0$, nicely played! On the shorter side outside off, Gurbaz rocks back and cuts it with the spin through covers to find the fence. Brilliant stroke that',4,0,'2025-10-05 20:11:28'),(133666,1,1.2,8,1759674982838,'NONE','Nasum Ahmed to Ibrahim Zadran, 1 run, coming in with the arm and on a back of a length, Ibrahim Zadran makes a bit of room and cuts it off his stumps through wide mid-off',1,0,'2025-10-05 20:11:28'),(133666,1,1.1,7,1759674967583,'NONE','Nasum Ahmed to Ibrahim Zadran, no run, tossed up delivery, driven on the up to covers',0,0,'2025-10-05 20:11:28'),(133666,1,0,0,1759674959736,'NONE','B0$',0,0,'2025-10-05 20:11:28'),(133666,1,0.6,6,1759674878287,'over-break','Shoriful Islam to Ibrahim Zadran, 1 run, length ball swinging in on middle and off, Ibrahim Zadran punches it on the up. The fielder at mid-on dives to his left to it but lands awkwardly. He seems to be in some pain',1,0,'2025-10-05 20:11:28'),(133666,1,0.5,5,1759674838306,'FOUR','Shoriful Islam to Ibrahim Zadran, B0$, gorgeous shot! Back of a length and some width on offer, Ibrahim Zadran stands tall and punches it crisply on the up in the gap between cover-point and backward point to find the fence',4,0,'2025-10-05 20:11:28'),(133666,1,0.4,4,1759674804319,'NONE','Shoriful Islam to Gurbaz, 1 run, Gurbaz walks down the track and taps this one towards point. Good calling between the two allows them to sneak in a single',1,0,'2025-10-05 20:11:28'),(133666,1,0.3,3,1759674783156,'NONE','Shoriful Islam to Gurbaz, 2 runs, length ball shaping away, Gurbaz walks down the track and hacks at it but gets it off the inner half through mid-wicket. A couple results',2,0,'2025-10-05 20:11:28'),(133666,1,0.2,2,1759674742589,'NONE','Shoriful Islam to Ibrahim Zadran, 1 run, pitched up ball swinging in on middle and leg, Ibrahim Zadran flicks it to wide mid-on to get going',1,0,'2025-10-05 20:11:28'),(133666,1,0.1,1,1759674696397,'NONE','Shoriful Islam to Gurbaz, 1 run, good length ball outside off, shaping away, Gurbaz pushes it off the outer half to third man to get off the mark',1,0,'2025-10-05 20:11:28'),(133666,1,0.1,1,1759674670706,'NONE','Shoriful Islam to Gurbaz, B0$, Gurbaz walks down the track and Shoriful Islam sprays this one down leg, wided',0,0,'2025-10-05 20:11:28'),(133666,1,0,0,1759674667020,'NONE','B0$',0,0,'2025-10-05 20:11:28'),(133666,0,0,0,1759674533343,'NONE','The players and the umpires make their way out to the middle. Shoriful Islam to start off with the new ball.',0,0,'2025-10-05 20:11:28'),(133666,0,0,0,1759673252026,'NONE','B0$ It doesn\'t have that kind of sheen which we associate with Sharjah, the curators have mentioned that the spinners will get help once again. It\'s not a typical Sharjah pitch, it\'s not that hard, pacers will get a bit of help probably with the new ball. The 4-5m length will be tough for the batters to handle against the spinners so they need to employ more of the sweep shot. 140-150 has been chased down earlier, I feel 165 will be a good total on this surface, B1$',0,0,'2025-10-05 20:11:28'),(133666,0,0,0,1759673184601,'NONE','B0$',0,0,'2025-10-05 20:11:28'),(133198,2,0,0,1759650002519,'NONE','B0$ Queensland 248/1 (68), trail by 131 runs',131,0,'2025-10-05 20:11:29'),(133198,2,67.6,408,1759649768507,'over-break','Kieran Elliott to Renshaw, no run',0,0,'2025-10-05 20:11:29'),(133198,2,67.5,407,1759649765856,'NONE','Kieran Elliott to Renshaw, no run',0,0,'2025-10-05 20:11:29'),(133198,2,67.4,406,1759649763270,'NONE','Kieran Elliott to Renshaw, no run',0,0,'2025-10-05 20:11:29'),(133198,2,67.3,405,1759649760814,'NONE','Kieran Elliott to Renshaw, no run',0,0,'2025-10-05 20:11:29'),(133198,2,67.2,404,1759649758239,'NONE','Kieran Elliott to Renshaw, no run',0,0,'2025-10-05 20:11:29'),(133198,2,67.1,403,1759649754855,'NONE','Kieran Elliott to Renshaw, no run',0,0,'2025-10-05 20:11:29'),(133198,2,66.6,402,1759649750798,'over-break','Bradley Hope to Labuschagne, no run',0,0,'2025-10-05 20:11:29'),(133198,2,66.6,402,1759649748152,'NONE','Bradley Hope to Labuschagne, B0$',0,0,'2025-10-05 20:11:29'),(133198,2,66.5,401,1759649744241,'NONE','Bradley Hope to Labuschagne, no run',0,0,'2025-10-05 20:11:29'),(133198,2,66.4,400,1759649740340,'NONE','Bradley Hope to Labuschagne, no run',0,0,'2025-10-05 20:11:29'),(133198,2,66.3,399,1759649738142,'NONE','Bradley Hope to Labuschagne, no run',0,0,'2025-10-05 20:11:29'),(133198,2,66.2,398,1759649733735,'FIFTY','Bradley Hope to Labuschagne, B0$, to deep mid-wicket',0,0,'2025-10-05 20:11:29'),(133198,2,66.1,397,1759649729651,'NONE','Bradley Hope to Labuschagne, no run',0,0,'2025-10-05 20:11:29'),(133198,2,65.6,396,1759649715843,'over-break','Kieran Elliott to Renshaw, no run',0,0,'2025-10-05 20:11:29'),(133198,2,65.5,395,1759649711541,'NONE','Kieran Elliott to Renshaw, no run',0,0,'2025-10-05 20:11:29'),(133198,2,65.4,394,1759649706507,'NONE','Kieran Elliott to Renshaw, no run',0,0,'2025-10-05 20:11:29'),(133198,2,65.3,393,1759649703803,'NONE','Kieran Elliott to Labuschagne, 1 run, to deep mid-wicket',1,0,'2025-10-05 20:11:29'),(133198,2,65.2,392,1759649626495,'NONE','Kieran Elliott to Labuschagne, no run',0,0,'2025-10-05 20:11:29'),(133198,2,65.1,391,1759649624129,'NONE','Kieran Elliott to Renshaw, 1 run, to deep square leg',1,0,'2025-10-05 20:11:29'),(133209,2,0,0,1759649438765,'NONE','B0$ Victoria 167/3 (60), trail by 183 runs',183,0,'2025-10-05 20:11:31'),(133209,2,0,0,1759649408253,'NONE','Day 2: Bad light stops play',0,0,'2025-10-05 20:11:31'),(133209,2,59.6,360,1759648245594,'over-break','McSweeney to Oliver Peake, no run',0,0,'2025-10-05 20:11:31'),(133209,2,59.5,359,1759648243217,'NONE','McSweeney to Oliver Peake, no run',0,0,'2025-10-05 20:11:31'),(133209,2,59.4,358,1759648241272,'NONE','McSweeney to Oliver Peake, no run',0,0,'2025-10-05 20:11:31'),(133209,2,59.3,357,1759648239189,'NONE','McSweeney to Oliver Peake, no run',0,0,'2025-10-05 20:11:31'),(133209,2,59.2,356,1759648236948,'NONE','McSweeney to Oliver Peake, no run',0,0,'2025-10-05 20:11:31'),(133209,2,59.1,355,1759648234091,'NONE','McSweeney to Oliver Peake, no run',0,0,'2025-10-05 20:11:31'),(133209,2,58.6,354,1759648230813,'over-break','Lloyd Pope to Handscomb, no run',0,0,'2025-10-05 20:11:31'),(133209,2,58.5,353,1759648228444,'NONE','Lloyd Pope to Handscomb, no run',0,0,'2025-10-05 20:11:31'),(133209,2,58.4,352,1759648225038,'NONE','Lloyd Pope to Handscomb, no run',0,0,'2025-10-05 20:11:31'),(133209,2,58.3,351,1759648222302,'NONE','Lloyd Pope to Handscomb, 2 runs, to fine leg',2,0,'2025-10-05 20:11:31'),(133209,2,58.2,350,1759648217696,'NONE','Lloyd Pope to Handscomb, no run',0,0,'2025-10-05 20:11:31'),(133209,2,58.1,349,1759648210777,'NONE','Lloyd Pope to Handscomb, no run',0,0,'2025-10-05 20:11:31'),(133209,2,57.6,348,1759648199424,'over-break','McSweeney to Oliver Peake, no run',0,0,'2025-10-05 20:11:31'),(133209,2,57.5,347,1759648195949,'NONE','McSweeney to Oliver Peake, no run',0,0,'2025-10-05 20:11:31'),(133209,2,57.4,346,1759648192876,'NONE','McSweeney to Oliver Peake, no run',0,0,'2025-10-05 20:11:31'),(133209,2,57.3,345,1759648190521,'NONE','McSweeney to Oliver Peake, no run',0,0,'2025-10-05 20:11:31'),(133209,2,57.2,344,1759648188131,'NONE','McSweeney to Oliver Peake, no run',0,0,'2025-10-05 20:11:31'),(133209,2,57.1,343,1759648185593,'NONE','McSweeney to Handscomb, 1 run, to deep mid-wicket',1,0,'2025-10-05 20:11:31'),(133220,2,0,0,1759657231223,'NONE','B0$ - 116/7 (46), trail by 54 runs',54,0,'2025-10-05 20:11:32'),(133220,2,0,0,1759657196375,'NONE','B0$ - Western Australia - 116/7 (46), trail by 54 runs',54,0,'2025-10-05 20:11:32'),(133220,2,45.6,276,1759656687907,'over-break','Lyon to Agar, no run',0,0,'2025-10-05 20:11:32'),(133220,2,45.5,275,1759656687416,'NONE','Lyon to Agar, no run',0,0,'2025-10-05 20:11:32'),(133220,2,45.4,274,1759656686816,'NONE','Lyon to Agar, no run',0,0,'2025-10-05 20:11:32'),(133220,2,45.3,273,1759656686342,'NONE','Lyon to Agar, no run',0,0,'2025-10-05 20:11:32'),(133220,2,45.2,272,1759656685606,'NONE','Lyon to Agar, no run',0,0,'2025-10-05 20:11:32'),(133220,2,45.1,271,1759656685063,'NONE','Lyon to Agar, no run',0,0,'2025-10-05 20:11:32'),(133220,2,44.6,270,1759656680048,'over-break','Ryan Hadley to Kelly, no run',0,0,'2025-10-05 20:11:32'),(133220,2,44.5,269,1759656678956,'NONE','Ryan Hadley to Kelly, no run',0,0,'2025-10-05 20:11:32'),(133220,2,44.4,268,1759656677247,'NONE','Ryan Hadley to Agar, 1 run',1,0,'2025-10-05 20:11:32'),(133220,2,44.3,267,1759656673522,'NONE','Ryan Hadley to Agar, no run',0,0,'2025-10-05 20:11:32'),(133220,2,44.2,266,1759656671689,'NONE','Ryan Hadley to Agar, no run',0,0,'2025-10-05 20:11:32'),(133220,2,44.1,265,1759656669790,'NONE','Ryan Hadley to Agar, no run',0,0,'2025-10-05 20:11:32'),(133220,2,43.6,264,1759656244158,'over-break','Lyon to Kelly, no run',0,0,'2025-10-05 20:11:32'),(133220,2,43.5,263,1759656243629,'NONE','Lyon to Kelly, no run',0,0,'2025-10-05 20:11:32'),(133220,2,43.4,262,1759656242892,'NONE','Lyon to Kelly, no run',0,0,'2025-10-05 20:11:32'),(133220,2,43.3,261,1759656241525,'NONE','Lyon to Agar, 1 run, to sweeper cover',1,0,'2025-10-05 20:11:32'),(133220,2,43.2,260,1759656236015,'NONE','Lyon to Kelly, 1 run, to fine leg',1,0,'2025-10-05 20:11:32'),(133220,2,43.1,259,1759656231562,'NONE','Lyon to Kelly, no run',0,0,'2025-10-05 20:11:32'),(123650,4,0,0,1759657047480,'NONE','B0$ Vidarbha won by 93 runs',93,0,'2025-10-05 20:11:33'),(123650,4,73.5,443,1759657038428,'WICKET','Harsh Dubey to Gurnoor Brar, B0$ Caught by Atharva Taide!! B1$',0,0,'2025-10-05 20:11:33'),(123650,4,0,0,1759657037448,'NONE','Harsh Dubey to Gurnoor Brar, B0$ Caught!!',0,0,'2025-10-05 20:11:33'),(123650,4,73.4,442,1759656938594,'NONE','Harsh Dubey to Gurnoor Brar, no run',0,0,'2025-10-05 20:11:33'),(123650,4,73.3,441,1759656830818,'SIX','Harsh Dubey to Gurnoor Brar, B0$',6,0,'2025-10-05 20:11:33'),(123650,4,73.2,440,1759656820678,'NONE','Harsh Dubey to Gurnoor Brar, no run',0,0,'2025-10-05 20:11:33'),(123650,4,73.1,439,1759656817395,'NONE','Harsh Dubey to Manav Suthar, 1 run',1,0,'2025-10-05 20:11:33'),(123650,4,72.6,438,1759656728222,'over-break','Parth Rekhade to Gurnoor Brar, no run',0,0,'2025-10-05 20:11:33'),(123650,4,72.5,437,1759656727399,'NONE','Parth Rekhade to Manav Suthar, 1 run',1,0,'2025-10-05 20:11:33'),(123650,4,72.4,436,1759656724306,'NONE','Parth Rekhade to Manav Suthar, no run',0,0,'2025-10-05 20:11:33'),(123650,4,72.3,435,1759656656189,'NONE','Parth Rekhade to Manav Suthar, no run',0,0,'2025-10-05 20:11:33'),(123650,4,72.2,434,1759656653452,'NONE','Parth Rekhade to Manav Suthar, no run',0,0,'2025-10-05 20:11:33'),(123650,4,72.1,433,1759656651367,'FOUR','Parth Rekhade to Manav Suthar, B0$',4,0,'2025-10-05 20:11:33'),(123650,4,71.6,432,1759656522256,'over-break','Harsh Dubey to Gurnoor Brar, no run',0,0,'2025-10-05 20:11:33'),(123650,4,71.5,431,1759656499546,'FIFTY','Harsh Dubey to Manav Suthar, 1 run',1,0,'2025-10-05 20:11:33'),(123650,4,71.4,430,1759656494860,'NONE','Harsh Dubey to Manav Suthar, no run',0,0,'2025-10-05 20:11:33'),(123650,4,71.3,429,1759656456152,'NONE','Harsh Dubey to Manav Suthar, no run',0,0,'2025-10-05 20:11:33'),(123650,4,71.2,428,1759656455504,'NONE','Harsh Dubey to Manav Suthar, no run',0,0,'2025-10-05 20:11:33'),(123650,4,71.1,427,1759656418002,'NONE','Harsh Dubey to Manav Suthar, no run',0,0,'2025-10-05 20:11:33'),(123650,4,70.6,426,1759656371080,'over-break','Parth Rekhade to Gurnoor Brar, no run',0,0,'2025-10-05 20:11:33'),(133897,4,0,0,1759601102257,'NONE','B0$ : Titans - 31/2 (12.3),need 424 runs',424,0,'2025-10-05 20:11:34'),(133897,3,0,0,1759600567644,'NONE','B0$ : North West - 225/6 d (44.4), lead by 454 runs',454,0,'2025-10-05 20:11:34'),(133897,3,0,0,1759600475419,'NONE','B0$',0,0,'2025-10-05 20:11:34'),(133897,2,0,0,1759599898629,'NONE','B0$ : Titans - 262/10 (70.3),trail by 229 runs',229,0,'2025-10-05 20:11:34'),(133897,2,0,0,1759515716892,'NONE','B0$ : Titans - 153/4 (45),trail by 338 runs',338,0,'2025-10-05 20:11:34'),(133897,1,0,0,1759514760090,'NONE','B0$ : North West - 491/8 d (134)',0,0,'2025-10-05 20:11:34'),(133897,1,0,0,1759425406314,'NONE','B0$ : North West - 342/5 (93.5)',0,0,'2025-10-05 20:11:34'),(133897,0,0,0,1759398445100,'NONE','B0$',0,0,'2025-10-05 20:11:34'),(133897,0,0,0,1759398435521,'NONE','B0$',0,0,'2025-10-05 20:11:34'),(133897,0,0,0,1759398429938,'NONE','B0$ (Playing XI): Jorich Van Schalkwyk, Keegan Petersen, Junior Dala, Donovan Ferreira(c), Lhuan-dre Pretorius(w), Andile Phehlukwayo, Dayyaan Galiem, Sibonelo Makhanya, Gerald Coetzee, Lesego Senokwane, Schalk Engelbrecht',0,0,'2025-10-05 20:11:34'),(133897,0,0,0,1759396830596,'NONE','B0$ (Playing XI): Lesiba Ngoepe, Meeka eel Prince, Raynard van Tonder, Wihan Lubbe(c), Rubin Hermann(w), Dian Forrester, Onke Nyaku, Ruan de Swardt, Jade de Klerk, Shimane Alfred Mothoa, Achille Cloete',0,0,'2025-10-05 20:11:34'),(133897,0,0,0,1759396525475,'NONE','B0$',0,0,'2025-10-05 20:11:34'),(133897,0,0,0,1759387955844,'NONE','B0$',0,0,'2025-10-05 20:11:34'),(133897,0,0,0,1759387950437,'NONE','B0$ Squad: Lesego Senokwane, Neil Brand, Keegan Petersen, Lhuan-dre Pretorius, Sibonelo Makhanya, Donovan Ferreira(c), Rivaldo Moonsamy(w), Dayyaan Galiem, Merrick Brett, Janco Smit, Tsepo Ndwandwa, Corbin Bosch',0,0,'2025-10-05 20:11:34'),(133897,0,0,0,1759387884760,'NONE','B0$ Squad: Lesiba Ngoepe, Meeka eel Prince, Raynard van Tonder, Wihan Lubbe(c), Rubin Hermann(w), Ruan de Swardt, Dian Forrester, Onke Nyaku, Jade de Klerk, Achille Cloete, Shimane Alfred Mothoa',0,0,'2025-10-05 20:11:34'),(133886,3,0,0,1759599229009,'NONE','B0$ : Warriors - 157/3 (68), lead by 112 runs',112,0,'2025-10-05 20:11:36'),(133886,2,0,0,1759598867922,'NONE','B0$ : KwaZulu-Natal Inland -185/10 (73.2), lead by 45 runs',45,0,'2025-10-05 20:11:36'),(133886,2,0,0,1759514096208,'NONE','B0$ : KwaZulu-Natal Inland - 108/6 (42),trail by 32 runs',32,0,'2025-10-05 20:11:36'),(133886,1,0,0,1759513355690,'NONE','B0$ : Warriors - 140/10 (49)',0,0,'2025-10-05 20:11:36'),(133886,1,0,0,1759423760513,'NONE','B0$ : Warriors - 90/7 (33)',0,0,'2025-10-05 20:11:36'),(133886,0,0,0,1759398024778,'NONE','B0$',0,0,'2025-10-05 20:11:36'),(133886,0,0,0,1759398018307,'NONE','B0$',0,0,'2025-10-05 20:11:36'),(133886,0,0,0,1759398013796,'NONE','B0$ (Playing XI): Andile Mogakane, Cameron Shekleton(w), Daryn Dupavillon, Hardus Viljoen, Kagiso Rapulana, Malcolm Nofal, Michael Erlank(c), Muhammed Bulbulia, Ntando Zuma, Sean Gilson, Ziyaad Abrahams',0,0,'2025-10-05 20:11:36'),(133886,0,0,0,1759397996196,'NONE','B0$ (Playing XI): Modiri Litheko, Jordan Hermann, Muhammad Manack, Matthew Breetzke(c), Matthew De Villiers, Jean du Plessis(w), Thomas Kaber, Matthew Boast, Aphiwe Mnyanda, Wesley Bedja, Kerwin Mungroo',0,0,'2025-10-05 20:11:36'),(133886,0,0,0,1759389381901,'NONE','B0$',0,0,'2025-10-05 20:11:36'),(133886,0,0,0,1759387625661,'NONE','B0$',0,0,'2025-10-05 20:11:36'),(133886,0,0,0,1759387622582,'NONE','B0$ Squad: Modiri Litheko, Jordan Hermann, Muhammad Manack, Matthew Breetzke(c), Sinethemba Qeshile(w), Patrick Kruger, Thomas Kaber, Matthew Boast, Duanne Olivier, Ntando Soni, Wesley Bedja, Renaldo Meyer',0,0,'2025-10-05 20:11:36'),(133886,0,0,0,1759387574304,'NONE','B0$ Squad: Malcolm Nofal, Kagiso Rapulana, Muhammed Bulbulia, Michael Erlank(c), Sean Gilson, Cameron Shekleton(w), Andile Mogakane, Hardus Viljoen, Bamanye Xenxe, Daryn Dupavillon, Ziyaad Abrahams, Sean Whitehead',0,0,'2025-10-05 20:11:36'),(133875,4,0,0,1759671709134,'NONE','B0$',0,0,'2025-10-05 20:11:37'),(133875,4,0,0,1759605007408,'NONE','B0$ : Dolphins - 49/1 (10), need 214 runs',214,0,'2025-10-05 20:11:37'),(133875,3,0,0,1759604728179,'NONE','B0$ : Boland - 452/10 (133.3),lead by 262 runs',262,0,'2025-10-05 20:11:37'),(133875,3,0,0,1759517460911,'NONE','B0$ : Boland - 199/1 (48), lead by 9 runs',9,0,'2025-10-05 20:11:37'),(133875,2,0,0,1759517169253,'NONE','B0$ : Dolphins -346/10 (91.2)',0,0,'2025-10-05 20:11:37'),(133875,2,0,0,1759429827860,'NONE','B0$ : Dolphins - 185/4 (45), lead by 29 runs',29,0,'2025-10-05 20:11:37'),(133875,1,0,0,1759428442127,'NONE','B0$ : Boland - 156/10 (45.2)',0,0,'2025-10-05 20:11:37'),(133875,0,0,0,1759399902276,'NONE','B0$',0,0,'2025-10-05 20:11:37'),(133875,0,0,0,1759399891883,'NONE','B0$',0,0,'2025-10-05 20:11:37'),(133875,0,0,0,1759399888010,'NONE','B0$ (Playing XI): Pieter Malan, Grant Roelofsen, Gavin Kaplan, Aviwe Mgijima, Clyde Fortuin(w/c), Lehan Botha, Ferisco Adams, Shaun von Berg, Ayabulela Gqamane, Glenton Stuurman, Akhona Mnyaka',0,0,'2025-10-05 20:11:37'),(133875,0,0,0,1759399455635,'NONE','B0$ (Playing XI): Bryce Parsons, Eathan Bosch, Hanu Viljoen(w), Tristan Luus, Jason Smith, Khaya Zondo, Marques Ackerman(c), Okuhle Cele, Romashan Pillay, Tshepang Dithole, Ottneil Baartman',0,0,'2025-10-05 20:11:37'),(133875,0,0,0,1759399231225,'NONE','B0$',0,0,'2025-10-05 20:11:37'),(133875,0,0,0,1759399204019,'NONE','B0$',0,0,'2025-10-05 20:11:37'),(133875,0,0,0,1759399199979,'NONE','B0$ Squad: Pieter Malan, Grant Roelofsen, Gavin Kaplan, Aviwe Mgijima, Clyde Fortuin(w/c), Jhedli van Briesies, Lehan Botha, Shaun von Berg, Nathan Jacobs, Glenton Stuurman, Akhona Mnyaka',0,0,'2025-10-05 20:11:37'),(133875,0,0,0,1759399193817,'NONE','B0$ Squad: Hanu Viljoen(w), Jason Smith, Khaya Zondo, Tshepang Dithole, Marques Ackerman(c), Okuhle Cele, Eathan Bosch, Ottneil Baartman, Bryce Parsons, Romashan Pillay, Tristan Luus',0,0,'2025-10-05 20:11:37'),(119870,2,0,0,1759669534956,'NONE','B0$ 70/0 (10) Abhishek Sharma 18 (21), Prabhsimran Singh 50 (39)',0,0,'2025-10-05 20:11:38'),(119870,1,0,0,1759665350436,'NONE','B0$ B1$ Australia A 316 all out (49.1)',0,0,'2025-10-05 20:11:38'),(119870,1,0,0,1759664247467,'NONE','B0$ 281/6 (40) Jack Edwards 81 (62), Liam Scott 71 (60)',0,0,'2025-10-05 20:11:38'),(119870,1,0,0,1759659763946,'NONE','B0$ 212/6 (30) Jack Edwards 51 (33), Liam Scott 32 (29)',0,0,'2025-10-05 20:11:38'),(119870,1,0,0,1759657767629,'NONE','B0$ 131/4 (20) Cooper Connolly 62 (46), Liam Scott 6 (5)',0,0,'2025-10-05 20:11:38'),(119870,1,0,0,1759654873686,'NONE','B0$ 46/4 (10) Cooper Connolly 16 (18), Lachlan Shaw 0 (7)',0,0,'2025-10-05 20:11:38'),(119870,0,0,0,1759652560070,'NONE','B0$',0,0,'2025-10-05 20:11:38'),(119870,0,0,0,1759652430804,'NONE','B0$',0,0,'2025-10-05 20:11:38'),(119870,0,0,0,1759652429441,'NONE','B0$ (Playing XI): Mackenzie Harvey, Jake Fraser-McGurk(w), Cooper Connolly, Harry Dixon, Jack Edwards(c), Lachlan Shaw, Lachlan Hearne, Liam Scott, Todd Murphy, Tanveer Sangha, Tom Straker',0,0,'2025-10-05 20:11:38'),(119870,0,0,0,1759652353918,'NONE','B0$ (Playing XI): Prabhsimran Singh(w), Abhishek Sharma, Tilak Varma, Shreyas Iyer(c), Riyan Parag, Nishant Sindhu, Ayush Badoni, Vipraj Nigam, Harshit Rana, Arshdeep Singh, Gurjapneet Singh',0,0,'2025-10-05 20:11:38'),(119870,0,0,0,1759650013304,'NONE','B0$',0,0,'2025-10-05 20:11:38'),(119870,0,0,0,1759569163895,'NONE','B0$',0,0,'2025-10-05 20:11:38'),(119870,0,0,0,1759569160945,'NONE','B0$ Squad: Prabhsimran Singh(w), Abhishek Sharma, Tilak Varma, Shreyas Iyer(c), Riyan Parag, Nishant Sindhu, Suryansh Shedge, Harshit Rana, Yudhvir Singh Charak, Ravi Bishnoi, Arshdeep Singh, Ayush Badoni, Gurjapneet Singh, Abishek Porel, Vipraj Nigam',0,0,'2025-10-05 20:11:38'),(119870,0,0,0,1759569064399,'NONE','B0$ Squad: Mackenzie Harvey, Jake Fraser-McGurk(w), Cooper Connolly, Lachlan Hearne, Jack Edwards(c), Lachlan Shaw, Harry Dixon, Liam Scott, Will Sutherland, Sam Elliott, Tanveer Sangha, Todd Murphy, Tom Straker, Henry Thornton',0,0,'2025-10-05 20:11:38'),(134485,4,0,0,1759599772649,'NONE','B0$- Northern Cape 110/4 (32 Overs), need 312 runs',312,0,'2025-10-05 20:11:40'),(134485,3,0,0,1759599249092,'NONE','B0$- Mpumalanga Rhinos 177 (39.4 Overs), ALL OUT - lead by 421 runs',421,0,'2025-10-05 20:11:40'),(134485,2,0,0,1759595817508,'NONE','B0$ - Northern Cape 219 (80.3 overs), trail by 244 runs',244,0,'2025-10-05 20:11:40'),(134485,2,0,0,1759518530898,'NONE','B0$ - Northern Cape 191/7, trail by 272 runs',272,0,'2025-10-05 20:11:40'),(134485,1,0,0,1759517122915,'NONE','B0$ Mpumalanga 463 all-out',0,0,'2025-10-05 20:11:40'),(134485,1,0,0,1759424417740,'NONE','B0$ - Mpumalanga 395/3',0,0,'2025-10-05 20:11:40'),(134485,0,0,0,1759405866375,'NONE','B0$',0,0,'2025-10-05 20:11:40'),(134485,0,0,0,1759405828603,'NONE','B0$',0,0,'2025-10-05 20:11:40'),(134485,0,0,0,1759405826577,'NONE','B0$ (Playing XI): Ronan Hermann(c), Garnett Tarr(w), Thamsanga Kumalo, Nonelela Yikha, Tahir Isaacs, Morne Venter, Tshepo Ntuli, Benjamin Van Rensburg, Charl Prinsloo, Nhlakanipho Mpungose, Odirile Modimokoane',0,0,'2025-10-05 20:11:40'),(134485,0,0,0,1759405709573,'NONE','B0$ (Playing XI): Karabo Mogotsi, Zakir Kathrada, Muhammed Mayet(c), Benjamin van Niekerk, Yassar Cook, Musawenkosi Twala(w), Aubrey Swanepoel, Gareth Dukes, Kurtlyn Mannikam, Ricus Kramm, Themba Maupa',0,0,'2025-10-05 20:11:40'),(134485,0,0,0,1759403547916,'NONE','B0$',0,0,'2025-10-05 20:11:40'),(134485,0,0,0,1759400938695,'NONE','B0$',0,0,'2025-10-05 20:11:40'),(134485,0,0,0,1759400897844,'NONE','B0$Squad: Ronan Hermann(c), Garnett Tarr(w), Tshepo Ntuli, Thamsanga Kumalo, Nonelela Yikha, Odirile Modimokoane, Morne Venter, Tahir Isaacs, Nhlakanipho Mpungose, Joseph van Rensburg, Charl Prinsloo',0,0,'2025-10-05 20:11:40'),(134485,0,0,0,1759400878204,'NONE','B0$ Squad: Muhammed Mayet(c), Musawenkosi Twala(w), Aubrey Swanepoel, Yassar Cook, Kurtlyn Mannikam, Gareth Dukes, Karabo Mogotsi, Benjamin van Niekerk, Themba Maupa, Zakir Kathrada, Baakier Abrahams',0,0,'2025-10-05 20:11:40'),(134491,3,0,0,1759601349834,'NONE','B0$ - Limpopo 125/8 (f/o) (53.2 Overs) , trail by 192 runs',192,0,'2025-10-05 20:11:41'),(134491,2,0,0,1759600646932,'NONE','B0$ - Limpopo 173 (57.1 Overs), ALL OUT, trail by 317 runs',317,0,'2025-10-05 20:11:41'),(134491,2,0,0,1759511663317,'NONE','B0$ - Limpopo trail by 428 runs',428,0,'2025-10-05 20:11:41'),(134491,1,0,0,1759510084679,'NONE','B0$ South Western Districts 490 all-out in 157 overs',0,0,'2025-10-05 20:11:41'),(134491,1,0,0,1759424866028,'NONE','B0$ - South Western Districts 272/3 in 96 overs',0,0,'2025-10-05 20:11:41'),(134491,0,0,0,1759406923767,'NONE','B0$',0,0,'2025-10-05 20:11:41'),(134491,0,0,0,1759406900752,'NONE','B0$',0,0,'2025-10-05 20:11:41'),(134491,0,0,0,1759406749902,'NONE','B0$ (Playing XI): Ludwig Kaestner, Sizwe Masondo(w), Keenan Vieira, Liam Peters(c), Atwell Mokgoloboto, Christoffel Klijnhans, Emmanuel Motswiri, Don Radebe, Irvin Modimokoane, Matthew Hollard, Ruve Lowe',0,0,'2025-10-05 20:11:41'),(134491,0,0,0,1759406614173,'NONE','B0$ (Playing XI): Ruan Terblanche, Yaseen Valli(c), Kyle Jacobs, George Van Heerden, Nathan Engelbrecht(w), Tyrese Karelse, Bennie Hansen, Banele Cele, Liam Alder, Sintu Majeza, Jade Richter',0,0,'2025-10-05 20:11:41'),(134491,0,0,0,1759406519596,'NONE','B0$',0,0,'2025-10-05 20:11:41'),(134491,0,0,0,1759400623570,'NONE','B0$',0,0,'2025-10-05 20:11:41'),(134491,0,0,0,1759400620293,'NONE','B0$ Squad: Kgaudisa Molefe, Sizwe Masondo(w), Liam Peters(c), Ludwig Kaestner, Don Radebe, Christoffel Klijnhans, Atwell Mokgoloboto, Maphekgola Pootona, Keenan Vieira, Emmanuel Motswiri, Irvin Modimokoane, Matthew Hollard, Ruve Lowe',0,0,'2025-10-05 20:11:41'),(134491,0,0,0,1759400605527,'NONE','B0$ Squad: Yaseen Valli(c), Nathan Engelbrecht(w), Ruan Terblanche, Tyrese Karelse, Sintu Majeza, Kyle Jacobs, George Van Heerden, Liam Alder, Bennie Hansen, Banele Cele, Jade Richter',0,0,'2025-10-05 20:11:41'),(121488,2,7.3,45,1759675202300,'WICKET','Kranti Gaud to Sadaf Shamas, B0$ Caught&Bowled!! B1$',0,0,'2025-10-05 20:11:42'),(121488,2,0,0,1759675201112,'NONE','Kranti Gaud to Sadaf Shamas, B0$ Caught&Bowled!!',0,0,'2025-10-05 20:11:42'),(121488,2,7.2,44,1759675169256,'NONE','Kranti Gaud to Sadaf Shamas, no run, very full on off, dug out to cover',0,0,'2025-10-05 20:11:42'),(121488,2,7.1,43,1759675141522,'NONE','Kranti Gaud to Sadaf Shamas, no run, sharp inswinger again, on a length and raps the front pad, Sadaf Shamas gets forward to flick and misses, sliding down leg, that\'s why India are not interested',0,0,'2025-10-05 20:11:42'),(121488,2,6.6,42,1759675070428,'over-break','Renuka Singh to Sidra Amin, no run, full outside off, Sidra Amin gets forward to defend',0,0,'2025-10-05 20:11:42'),(121488,2,6.5,41,1759675031837,'NONE','Renuka Singh to Sidra Amin, no run, good length and nips back in sharply, Sidra Amin just about keeps it out, off the thick inner half',0,0,'2025-10-05 20:11:42'),(121488,2,6.4,40,1759674998425,'NONE','Renuka Singh to Sadaf Shamas, 1 run, B0$ Full just outside off, Sadaf Shamas gets forward to drive, cover dives to her right but she doesn\'t get there, Sadaf gives up as Mandhana shies and misses',1,0,'2025-10-05 20:11:42'),(121488,2,6.3,39,1759674959941,'NONE','Renuka Singh to Sadaf Shamas, no run, full on off and middle, Sadaf Shamas gets forward and drives it back to Renuka Singh',0,0,'2025-10-05 20:11:42'),(121488,2,6.2,38,1759674943588,'NONE','Renuka Singh to Sadaf Shamas, no run, short of length outside off, Sadaf Shamas goes on the back foot and pushes it to point',0,0,'2025-10-05 20:11:42'),(121488,2,6.2,38,1759674894988,'NONE','Renuka Singh to Sadaf Shamas, B0$, full and down leg, Sadaf Shamas flicks and misses, Richa Ghosh dives to her left and takes',0,0,'2025-10-05 20:11:42'),(121488,2,6.1,37,1759674862005,'NONE','Renuka Singh to Sadaf Shamas, no run, good length and angled in on middle, defended to mid-wicket, off the back foot',0,0,'2025-10-05 20:11:42'),(121488,2,0,0,1759674802829,'NONE','B0$  \\n30.1 A batter shall be considered to be out of her ground unless some part of her person or bat is grounded behind the popping crease at that end.  \\n30.1.2 However, a batter shall not be considered to be out of her ground if, in running or diving towards her ground and beyond, and having grounded some part of her person or bat beyond the popping crease, there is subsequent loss of contact between the ground and any part of her person or bat, or between the bat and person.  \\nNow because B1$, she was considered to be out of her ground and was given out in accordance with the laws.',0,0,'2025-10-05 20:11:42'),(121488,2,5.6,36,1759674802819,'over-break','Kranti Gaud to Sidra Amin, no run, full outside off, holds its line, similar to the outside-edge earlier in the over, Sidra Amin gets forward to defend and the ball is past the outside-edge, so close too',0,0,'2025-10-05 20:11:42'),(121488,2,5.5,35,1759674774849,'NONE','Kranti Gaud to Sidra Amin, no run, big inswinger and it nips back in, hits the leg as Sidra Amin misses the defence, but the impact was marginal and India are not interested, that nipped in a long way',0,0,'2025-10-05 20:11:42'),(121488,2,5.4,34,1759674731995,'FOUR','Kranti Gaud to Sidra Amin, B0$, B1$ She deflects it wide of first slip too. Lovely full delivery outside off, Sidra Amin pushes at it and it\'s a healthy thick outside-edge, Richa dives to her right, gets a fingertip on it, the edge of the glove and she nutmegs Sneh Rana at 1st slip. Was not an easy catch but should have been taken. Richa was slow to move there',4,0,'2025-10-05 20:11:42'),(121488,2,5.3,33,1759674696979,'NONE','Kranti Gaud to Sidra Amin, no run, nice line and length, big inswinger that is, close to off-stump, Sidra Amin shuffles across and covers off to leave',0,0,'2025-10-05 20:11:42'),(121488,2,5.2,32,1759674671373,'NONE','Kranti Gaud to Sidra Amin, no run, full outside off, solid forward defence',0,0,'2025-10-05 20:11:42'),(121488,2,5.1,31,1759674628408,'NONE','Kranti Gaud to Sadaf Shamas, 1 run, full outside off, Sadaf Shamas carves it in the air but well wide of backward point for one',1,0,'2025-10-05 20:11:42'),(121488,2,4.6,30,1759674578054,'over-break,FOUR','Renuka Singh to Sidra Amin, B0$, soft hands. Length delivery outside off, holds its line, Sidra Amin reaches for it to push, the ball runs away to the third man fence, wide of the third man fielder',0,0,'2025-10-05 20:11:42'),(121488,2,4.5,29,1759674534136,'NONE','Renuka Singh to Sidra Amin, no run, big appeal for LBW. Not given. The big inswinger from Renuka Singh, Sidra Amin shuffles across and gets the front pad outside off, misses the flick andd is struck on the pad, the ump had a long look and decides against it, definitely hit outside off',0,0,'2025-10-05 20:11:42'),(135184,2,8.6,54,1759673300335,'over-break,FOUR','Siya Gokhale to Nkomo, B0$',0,0,'2025-10-05 20:11:43'),(135184,2,8.5,53,1759673297727,'NONE','Siya Gokhale to Dhururu, 1 run',1,0,'2025-10-05 20:11:43'),(135184,2,8.4,52,1759673296232,'NONE','Siya Gokhale to Dhururu, no run',0,0,'2025-10-05 20:11:43'),(135184,2,8.3,51,1759673295126,'NONE','Siya Gokhale to Nkomo, 1 run',1,0,'2025-10-05 20:11:43'),(135184,2,8.2,50,1759673292433,'NONE','Siya Gokhale to Nkomo, 2 runs',2,0,'2025-10-05 20:11:43'),(135184,2,8.1,49,1759673291086,'NONE','Siya Gokhale to Dhururu, 1 run',1,0,'2025-10-05 20:11:43'),(135184,2,7.6,48,1759673147284,'over-break','Indhuja Nandakumar to Nkomo, no run',0,0,'2025-10-05 20:11:43'),(135184,2,7.5,47,1759673146859,'NONE','Indhuja Nandakumar to Dhururu, 1 run',1,0,'2025-10-05 20:11:43'),(135184,2,7.4,46,1759673144217,'NONE','Indhuja Nandakumar to Nkomo, 1 run',1,0,'2025-10-05 20:11:43'),(135184,2,7.3,45,1759673141768,'NONE','Indhuja Nandakumar to Dhururu, 1 run',1,0,'2025-10-05 20:11:43'),(135184,2,7.2,44,1759673139364,'NONE','Indhuja Nandakumar to Dhururu, no run',0,0,'2025-10-05 20:11:43'),(135184,2,7.1,43,1759673137893,'NONE','Indhuja Nandakumar to Nkomo, 1 run',1,0,'2025-10-05 20:11:43'),(135184,2,6.6,42,1759672870133,'over-break','Siya Gokhale to Nkomo, 1 run',1,0,'2025-10-05 20:11:43'),(135184,2,6.5,41,1759672868854,'NONE','Siya Gokhale to Dhururu, 1 run',1,0,'2025-10-05 20:11:43'),(135184,2,6.4,40,1759672867486,'NONE','Siya Gokhale to Dhururu, no run',0,0,'2025-10-05 20:11:43'),(135184,2,6.3,39,1759672866284,'NONE','Siya Gokhale to Nkomo, 1 run',1,0,'2025-10-05 20:11:43'),(135184,2,0,0,1759672863631,'NONE','B0$',0,0,'2025-10-05 20:11:43'),(135184,2,6.2,38,1759672859517,'WICKET','Siya Gokhale to Kelis Ndhlovu, B0$ Bowled!! B1$',0,0,'2025-10-05 20:11:43'),(135184,2,0,0,1759672858703,'NONE','Siya Gokhale to Kelis Ndhlovu, B0$ Bowled!!',0,0,'2025-10-05 20:11:43'),(135184,2,6.1,37,1759672857014,'NONE','Siya Gokhale to Kelis Ndhlovu, no run',0,0,'2025-10-05 20:11:43');
/*!40000 ALTER TABLE `live_commentary` ENABLE KEYS */;
UNLOCK TABLES;

--
-- Table structure for table `live_match_info`
--

DROP TABLE IF EXISTS `live_match_info`;
/*!40101 SET @saved_cs_client     = @@character_set_client */;
/*!50503 SET character_set_client = utf8mb4 */;
CREATE TABLE `live_match_info` (
  `match_id` bigint DEFAULT NULL,
  `series_id` bigint DEFAULT NULL,
  `series_name` text,
  `match_desc` text,
  `match_format` text,
  `runs` text,
  `state` text,
  `status` text,
  `curr_bat_team_id` bigint DEFAULT NULL,
  `toss_status` text,
  `team1_inngs1_runs` bigint DEFAULT NULL,
  `team1_inngs1_wickets` double DEFAULT NULL,
  `team1_inngs1_overs` double DEFAULT NULL,
  `team1_inngs1_declared` tinyint(1) DEFAULT NULL,
  `team1_inngs2_runs` double DEFAULT NULL,
  `team1_inngs2_wickets` double DEFAULT NULL,
  `team1_inngs2_overs` double DEFAULT NULL,
  `team1_inngs2_declared` tinyint(1) DEFAULT NULL,
  `team2_inngs1_runs` double DEFAULT NULL,
  `team2_inngs1_wickets` double DEFAULT NULL,
  `team2_inngs1_overs` double DEFAULT NULL,
  `team2_inngs1_declared` tinyint(1) DEFAULT NULL,
  `team2_inngs2_runs` double DEFAULT NULL,
  `team2_inngs2_wickets` double DEFAULT NULL,
  `team2_inngs2_overs` double DEFAULT NULL,
  `team2_inngs2_declared` tinyint(1) DEFAULT NULL
) ENGINE=InnoDB DEFAULT CHARSET=utf8mb4 COLLATE=utf8mb4_0900_ai_ci;
/*!40101 SET character_set_client = @saved_cs_client */;

--
-- Dumping data for table `live_match_info`
--

LOCK TABLES `live_match_info` WRITE;
/*!40000 ALTER TABLE `live_match_info` DISABLE KEYS */;
INSERT INTO `live_match_info` VALUES (133666,10840,'Afghanistan vs Bangladesh in UAE 2025',' 3rd T20I','T20',NULL,'In Progress','Bangladesh opt to bowl',96,NULL,20,NULL,1.6,0,NULL,NULL,NULL,0,NULL,NULL,NULL,0,NULL,NULL,NULL,0),(133198,10823,'Sheffield Shield 2025-26','1st Match','TEST',NULL,'Stumps','Day 2: Stumps - Queensland trail by 131 runs',164,NULL,379,10,110.3,0,NULL,NULL,NULL,0,248,1,67.6,0,NULL,NULL,NULL,0),(133209,10823,'Sheffield Shield 2025-26','2nd Match','TEST',NULL,'Stumps','Day 2: Stumps - Victoria trail by 183 runs',52,NULL,350,9,113.2,1,NULL,NULL,NULL,0,167,3,59.6,0,NULL,NULL,NULL,0),(133220,10823,'Sheffield Shield 2025-26','3rd Match','TEST',NULL,'Stumps','Day 2: Stumps - Western Australia trail by 54 runs',87,NULL,170,10,62.5,0,NULL,NULL,NULL,0,116,7,45.6,0,NULL,NULL,NULL,0),(123650,10300,'Irani Cup 2025','Irani Cup','TEST',NULL,'Complete','Vidarbha won by 93 runs',248,NULL,342,10,101.4,0,232,10,94.1,0,214,10,69.5,0,267,10,73.5,0),(133897,10878,'CSA Four-Day Series Division One 2025-26','7th Match','TEST',NULL,'Stumps','Day 3: Stumps - Titans need 424 runs',89,NULL,491,8,133.6,1,225,6,44.4,1,262,10,70.3,0,31,2,12.3,0),(133886,10878,'CSA Four-Day Series Division One 2025-26','6th Match','TEST',NULL,'Stumps','Day 3: Stumps - Warriors lead by 112 runs',155,NULL,140,10,48.6,0,157,3,67.6,0,185,10,73.2,0,NULL,NULL,NULL,0),(133875,10878,'CSA Four-Day Series Division One 2025-26','4th Match','TEST',NULL,'Complete','Dolphins won by 5 wkts',90,NULL,156,10,45.2,0,452,10,133.3,0,346,10,91.2,0,264,5,67.4,0),(119870,9935,'Australia A tour of India, 2025','3rd unofficial ODI','ODI',NULL,'In Progress','India A need 106 runs',78,NULL,317,10,49.1,0,NULL,NULL,NULL,0,211,3,30,0,NULL,NULL,NULL,0),(134485,10911,'CSA Four-Day Series Division Two 2025-26','3rd Match','TEST',NULL,'Stumps','Day 3: Stumps - Northern Cape need 312 runs',923,NULL,463,10,118.5,0,177,10,39.4,0,219,10,80.3,0,110,4,31.6,0),(134491,10911,'CSA Four-Day Series Division Two 2025-26','4th Match','TEST',NULL,'Stumps','Day 3: Stumps - Limpopo trail by 192 runs',912,NULL,490,10,156.6,0,NULL,NULL,NULL,0,173,10,57.1,0,125,8,53.2,0),(121488,10009,'ICC Womens World Cup 2025','6th Match','ODI',NULL,'In Progress','Pakistan Women need 228 runs',259,NULL,247,10,49.6,0,NULL,NULL,NULL,0,20,1,7.2,0,NULL,NULL,NULL,0),(135184,10983,'United Arab Emirates Women tour of Zimbabwe 2025','1st T20I','T20',NULL,'In Progress','Zimbabwe Women need 66 runs in 24 balls',388,NULL,183,3,19.6,0,NULL,NULL,NULL,0,118,4,15.6,0,NULL,NULL,NULL,0);
/*!40000 ALTER TABLE `live_match_info` ENABLE KEYS */;
UNLOCK TABLES;

--
-- Table structure for table `live_partnerships`
--

DROP TABLE IF EXISTS `live_partnerships`;
/*!40101 SET @saved_cs_client     = @@character_set_client */;
/*!50503 SET character_set_client = utf8mb4 */;
CREATE TABLE `live_partnerships` (
  `match_id` bigint DEFAULT NULL,
  `innings_id` bigint DEFAULT NULL,
  `team_name` text,
  `partnership_number` bigint DEFAULT NULL,
  `bat1_id` bigint DEFAULT NULL,
  `bat1_name` text,
  `bat1_runs` bigint DEFAULT NULL,
  `bat1_balls` bigint DEFAULT NULL,
  `bat1_fours` bigint DEFAULT NULL,
  `bat1_sixes` bigint DEFAULT NULL,
  `bat1_position` bigint DEFAULT NULL,
  `bat2_id` bigint DEFAULT NULL,
  `bat2_name` text,
  `bat2_runs` bigint DEFAULT NULL,
  `bat2_balls` bigint DEFAULT NULL,
  `bat2_fours` bigint DEFAULT NULL,
  `bat2_sixes` bigint DEFAULT NULL,
  `bat2_position` bigint DEFAULT NULL,
  `total_runs` bigint DEFAULT NULL,
  `total_balls` bigint DEFAULT NULL,
  `is_adjacent` tinyint(1) DEFAULT NULL,
  `fetched_at` datetime DEFAULT NULL
) ENGINE=InnoDB DEFAULT CHARSET=utf8mb4 COLLATE=utf8mb4_0900_ai_ci;
/*!40101 SET character_set_client = @saved_cs_client */;

--
-- Dumping data for table `live_partnerships`
--

LOCK TABLES `live_partnerships` WRITE;
/*!40000 ALTER TABLE `live_partnerships` DISABLE KEYS */;
INSERT INTO `live_partnerships` VALUES (133666,1,'Afghanistan',1,13213,'Gurbaz',4,3,0,0,1,12173,'Ibrahim Zadran',7,5,1,0,2,12,8,1,'2025-10-05 20:11:27'),(133198,1,'Tasmania',1,12951,'N Radhakrishnan',7,0,0,0,1,11375,'Weatherald ',11,0,2,0,2,20,39,1,'2025-10-05 20:11:29'),(133198,1,'Tasmania',2,17937,'Tim Ward',6,0,0,0,3,11375,'Weatherald ',5,0,0,0,2,12,25,1,'2025-10-05 20:11:29'),(133198,1,'Tasmania',3,11426,'Caleb Jewell',0,0,0,0,4,11375,'Weatherald ',1,0,0,0,2,1,7,0,'2025-10-05 20:11:29'),(133198,1,'Tasmania',4,8645,'Silk',30,0,4,0,5,11375,'Weatherald ',50,0,6,0,2,80,111,0,'2025-10-05 20:11:29'),(133198,1,'Tasmania',5,8645,'Silk',74,0,11,0,5,14667,'Bradley Hope',75,0,12,0,6,150,287,1,'2025-10-05 20:11:29'),(133198,1,'Tasmania',6,9448,'Doran',15,0,1,0,7,14667,'Bradley Hope',1,0,0,0,6,17,43,1,'2025-10-05 20:11:29'),(133198,1,'Tasmania',7,9448,'Doran',19,0,4,0,7,12338,'Nikhil Chaudhary',14,0,2,0,8,33,57,1,'2025-10-05 20:11:29'),(133198,1,'Tasmania',8,9448,'Doran',11,0,0,1,7,55652,'Kieran Elliott',3,0,0,0,9,15,24,0,'2025-10-05 20:11:29'),(133198,1,'Tasmania',9,9448,'Doran',12,0,0,1,7,8165,'Jackson Bird',25,0,5,0,10,37,51,0,'2025-10-05 20:11:29'),(133198,1,'Tasmania',10,9448,'Doran',9,0,2,0,7,9422,'Gabe Bell',5,0,1,0,11,14,19,0,'2025-10-05 20:11:29'),(133198,2,'Queensland',1,10055,'Renshaw',60,117,7,1,1,6635,'Khawaja',69,118,10,0,2,137,233,1,'2025-10-05 20:11:29'),(133198,2,'Queensland',2,10055,'Renshaw',54,97,7,0,1,10182,'Labuschagne',54,80,6,1,3,111,175,0,'2025-10-05 20:11:29'),(133209,1,'South Australia',1,13637,'Conor McInerney',12,0,0,0,1,15596,'Henry Hunt',7,0,0,0,2,25,62,1,'2025-10-05 20:11:30'),(133209,1,'South Australia',2,13346,'McSweeney',0,0,0,0,3,15596,'Henry Hunt',6,0,0,0,2,7,38,1,'2025-10-05 20:11:30'),(133209,1,'South Australia',3,11839,'Jason Sangha',19,0,2,0,4,15596,'Henry Hunt',7,0,0,0,2,26,70,0,'2025-10-05 20:11:30'),(133209,1,'South Australia',4,10163,'Jake Lehmann',108,0,7,0,5,15596,'Henry Hunt',106,0,10,1,2,218,404,0,'2025-10-05 20:11:30'),(133209,1,'South Australia',5,10163,'Jake Lehmann',5,0,1,0,5,13385,'Daniel Drew',0,0,0,0,6,5,8,1,'2025-10-05 20:11:30'),(133209,1,'South Australia',6,10163,'Jake Lehmann',0,0,0,0,5,10210,'Harry Nielsen',0,0,0,0,7,0,2,0,'2025-10-05 20:11:30'),(133209,1,'South Australia',7,1447529,'Hanno Jacobs',30,0,0,1,8,10210,'Harry Nielsen',20,0,4,0,7,51,79,1,'2025-10-05 20:11:30'),(133209,1,'South Australia',8,1447529,'Hanno Jacobs',5,0,1,0,8,11757,'Wes Agar',4,0,1,0,9,9,9,1,'2025-10-05 20:11:30'),(133209,1,'South Australia',9,1447529,'Hanno Jacobs',6,0,1,0,8,12227,'Lloyd Pope',3,0,0,0,10,9,8,0,'2025-10-05 20:11:30'),(133209,2,'Victoria',1,13548,'Macdonald',0,6,0,0,1,23426,'Kellaway',0,2,0,0,2,0,8,1,'2025-10-05 20:11:30'),(133209,2,'Victoria',2,13548,'Macdonald',45,80,4,0,1,7776,'Marcus Harris',39,103,2,0,3,93,174,0,'2025-10-05 20:11:30'),(133209,2,'Victoria',3,8159,'Handscomb',19,47,1,0,4,7776,'Marcus Harris',22,46,1,0,3,43,91,1,'2025-10-05 20:11:30'),(133209,2,'Victoria',4,8159,'Handscomb',19,37,1,0,4,55281,'Oliver Peake',11,51,0,0,5,31,87,1,'2025-10-05 20:11:30'),(133220,1,'New South Wales',1,24321,'Nikitaras',5,0,0,0,1,52495,'Sam Konstas',4,0,0,0,2,9,41,1,'2025-10-05 20:11:31'),(133220,1,'New South Wales',2,24321,'Nikitaras',4,0,0,0,1,8488,'Patterson',8,0,0,0,3,14,72,0,'2025-10-05 20:11:31'),(133220,1,'New South Wales',3,24321,'Nikitaras',0,0,0,0,1,14495,'Matthew Gilkes',0,0,0,0,4,0,4,0,'2025-10-05 20:11:31'),(133220,1,'New South Wales',4,15144,'Oliver Davies',21,0,3,1,5,14495,'Matthew Gilkes',26,0,5,0,4,48,79,1,'2025-10-05 20:11:31'),(133220,1,'New South Wales',5,10162,'Chris Green',9,0,0,1,6,14495,'Matthew Gilkes',10,0,0,1,4,19,24,0,'2025-10-05 20:11:31'),(133220,1,'New South Wales',6,10162,'Chris Green',8,0,1,0,6,23441,'William Salzmann',9,0,2,0,7,18,36,1,'2025-10-05 20:11:31'),(133220,1,'New South Wales',7,11985,'Charles Stobo',12,0,2,0,8,23441,'William Salzmann',9,0,1,0,7,21,29,1,'2025-10-05 20:11:31'),(133220,1,'New South Wales',8,7850,'Lyon',9,0,1,0,9,23441,'William Salzmann',24,0,4,0,7,33,69,0,'2025-10-05 20:11:31'),(133220,1,'New South Wales',9,10625,'Liam Hatcher',2,0,0,0,10,23441,'William Salzmann',1,0,0,0,7,3,8,0,'2025-10-05 20:11:31'),(133220,1,'New South Wales',10,10625,'Liam Hatcher',2,0,0,0,10,13345,'Ryan Hadley',3,0,0,0,11,5,16,1,'2025-10-05 20:11:31'),(133220,2,'Western Australia',1,8489,'Bancroft',4,13,0,0,1,8630,'Whiteman',1,9,0,0,2,6,22,1,'2025-10-05 20:11:31'),(133220,2,'Western Australia',2,8489,'Bancroft',6,16,0,0,1,15757,'Goodwin',1,9,0,0,3,7,25,0,'2025-10-05 20:11:31'),(133220,2,'Western Australia',3,12225,'Green',7,8,1,0,4,15757,'Goodwin',0,17,0,0,3,7,25,1,'2025-10-05 20:11:31'),(133220,2,'Western Australia',4,12225,'Green',12,35,1,0,4,8876,'Cartwright',20,28,3,0,5,32,63,1,'2025-10-05 20:11:31'),(133220,2,'Western Australia',5,52502,'Joel Curtis',8,10,1,0,6,8876,'Cartwright',6,8,0,1,5,15,18,1,'2025-10-05 20:11:31'),(133220,2,'Western Australia',6,8508,'Agar',5,5,1,0,7,8876,'Cartwright',8,18,1,0,5,13,23,0,'2025-10-05 20:11:31'),(133220,2,'Western Australia',7,8508,'Agar',0,3,0,0,7,8498,'Joel Paris',1,2,0,0,8,1,5,1,'2025-10-05 20:11:31'),(133220,2,'Western Australia',8,8508,'Agar',13,53,1,0,7,9451,'Kelly',20,42,2,0,9,35,95,0,'2025-10-05 20:11:31'),(123650,1,'Vidarbha',1,13914,'Atharva Taide',9,0,1,0,1,32833,'Aman Mokhade',19,0,4,0,2,40,44,1,'2025-10-05 20:11:32'),(123650,1,'Vidarbha',2,13914,'Atharva Taide',21,0,3,0,1,9205,'Shorey',18,0,1,1,3,40,90,0,'2025-10-05 20:11:32'),(123650,1,'Vidarbha',3,13914,'Atharva Taide',0,0,0,0,1,1431785,'Danish Malewar',0,0,0,0,4,0,3,0,'2025-10-05 20:11:32'),(123650,1,'Vidarbha',4,13914,'Atharva Taide',82,0,8,1,1,13912,'Yash Rathod',91,0,6,1,5,184,303,0,'2025-10-05 20:11:32'),(123650,1,'Vidarbha',5,13914,'Atharva Taide',5,0,0,0,1,10888,'Akshay Wadkar',5,0,0,0,6,11,47,0,'2025-10-05 20:11:32'),(123650,1,'Vidarbha',6,13914,'Atharva Taide',7,0,1,0,1,12096,'Yash Thakur',11,0,1,0,7,19,43,0,'2025-10-05 20:11:32'),(123650,1,'Vidarbha',7,13914,'Atharva Taide',0,0,0,0,1,14695,'Harsh Dubey',0,0,0,0,8,1,5,0,'2025-10-05 20:11:32'),(123650,1,'Vidarbha',8,13914,'Atharva Taide',12,0,1,0,1,12779,'Darshan Nalkande',20,0,1,1,9,37,56,0,'2025-10-05 20:11:32'),(123650,1,'Vidarbha',9,13914,'Atharva Taide',7,0,1,0,1,15663,'Parth Rekhade',1,0,0,0,10,8,17,0,'2025-10-05 20:11:32'),(123650,1,'Vidarbha',10,13230,'Aditya Thakare',2,0,0,0,11,15663,'Parth Rekhade',0,0,0,0,10,2,2,1,'2025-10-05 20:11:32'),(123650,2,'Rest of India',1,9716,'Easwaran',29,0,5,0,1,13388,'Aryan Juyal',23,0,1,0,2,52,120,1,'2025-10-05 20:11:32'),(123650,2,'Rest of India',2,9716,'Easwaran',10,0,0,0,1,22556,'Yash Dhull',11,0,2,0,3,21,39,0,'2025-10-05 20:11:32'),(123650,2,'Rest of India',3,9716,'Easwaran',13,0,1,0,1,10636,'Rajat Patidar',17,0,2,0,4,32,55,0,'2025-10-05 20:11:32'),(123650,2,'Rest of India',4,11813,'Gaikwad',9,0,2,0,5,10636,'Rajat Patidar',4,0,1,0,4,14,19,1,'2025-10-05 20:11:32'),(123650,2,'Rest of India',5,10276,'Ishan Kishan',1,0,0,0,6,10636,'Rajat Patidar',4,0,0,0,4,5,31,0,'2025-10-05 20:11:32'),(123650,2,'Rest of India',6,14596,'Manav Suthar',1,0,0,0,7,10636,'Rajat Patidar',17,0,3,0,4,18,55,0,'2025-10-05 20:11:32'),(123650,2,'Rest of India',7,10285,'Saransh Jain',10,0,1,0,8,10636,'Rajat Patidar',22,0,4,0,4,33,63,0,'2025-10-05 20:11:32'),(123650,2,'Rest of India',8,14726,'Akash Deep',14,0,3,0,9,10636,'Rajat Patidar',2,0,0,0,4,16,14,0,'2025-10-05 20:11:32'),(123650,2,'Rest of India',9,14598,'Anshul Kamboj',0,0,0,0,10,10636,'Rajat Patidar',0,0,0,0,4,0,3,0,'2025-10-05 20:11:32'),(123650,2,'Rest of India',10,14598,'Anshul Kamboj',10,0,0,1,10,22141,'Gurnoor Brar',13,0,1,1,11,23,20,1,'2025-10-05 20:11:32'),(123650,3,'Vidarbha',1,13914,'Atharva Taide',15,0,0,0,1,32833,'Aman Mokhade',25,0,3,0,2,42,87,1,'2025-10-05 20:11:32'),(123650,3,'Vidarbha',2,9205,'Shorey',9,0,1,0,3,32833,'Aman Mokhade',12,0,0,0,2,22,56,1,'2025-10-05 20:11:32'),(123650,3,'Vidarbha',3,9205,'Shorey',16,0,0,0,3,1431785,'Danish Malewar',16,0,2,0,4,33,75,1,'2025-10-05 20:11:32'),(123650,3,'Vidarbha',4,9205,'Shorey',1,0,0,0,3,13912,'Yash Rathod',5,0,1,0,5,7,17,0,'2025-10-05 20:11:32'),(123650,3,'Vidarbha',5,9205,'Shorey',1,0,0,0,3,10888,'Akshay Wadkar',0,0,0,0,6,1,9,0,'2025-10-05 20:11:32'),(123650,3,'Vidarbha',6,14695,'Harsh Dubey',29,0,3,2,7,10888,'Akshay Wadkar',7,0,1,0,6,39,90,1,'2025-10-05 20:11:32'),(123650,3,'Vidarbha',7,15663,'Parth Rekhade',2,0,0,0,8,10888,'Akshay Wadkar',9,0,1,0,6,11,55,0,'2025-10-05 20:11:32'),(123650,3,'Vidarbha',8,12779,'Darshan Nalkande',14,0,1,0,9,10888,'Akshay Wadkar',20,0,2,0,6,35,95,0,'2025-10-05 20:11:32'),(123650,3,'Vidarbha',9,12779,'Darshan Nalkande',3,0,0,0,9,12096,'Yash Thakur',13,0,1,0,10,17,27,1,'2025-10-05 20:11:32'),(123650,3,'Vidarbha',10,12779,'Darshan Nalkande',18,0,1,1,9,13230,'Aditya Thakare',3,0,0,0,11,25,56,0,'2025-10-05 20:11:32'),(123650,4,'Rest of India',1,9716,'Easwaran',10,10,2,0,1,13388,'Aryan Juyal',6,14,1,0,2,16,24,1,'2025-10-05 20:11:32'),(123650,4,'Rest of India',2,9716,'Easwaran',7,8,1,0,1,10276,'Ishan Kishan',1,5,0,0,3,8,13,0,'2025-10-05 20:11:32'),(123650,4,'Rest of India',3,10636,'Rajat Patidar',10,32,0,0,4,10276,'Ishan Kishan',18,32,1,0,3,28,64,1,'2025-10-05 20:11:32'),(123650,4,'Rest of India',4,11813,'Gaikwad',7,19,0,0,5,10276,'Ishan Kishan',5,18,0,0,3,12,37,0,'2025-10-05 20:11:32'),(123650,4,'Rest of India',5,22556,'Yash Dhull',5,7,0,0,6,10276,'Ishan Kishan',11,10,2,0,3,16,17,0,'2025-10-05 20:11:32'),(123650,4,'Rest of India',6,22556,'Yash Dhull',24,30,2,0,6,10285,'Saransh Jain',29,36,2,0,7,53,66,1,'2025-10-05 20:11:32'),(123650,4,'Rest of India',7,22556,'Yash Dhull',63,80,6,1,6,14596,'Manav Suthar',37,73,2,1,8,104,152,0,'2025-10-05 20:11:32'),(123650,4,'Rest of India',8,14598,'Anshul Kamboj',0,1,0,0,9,14596,'Manav Suthar',0,0,0,0,8,0,1,1,'2025-10-05 20:11:32'),(123650,4,'Rest of India',9,14726,'Akash Deep',3,10,0,0,10,14596,'Manav Suthar',8,7,1,0,8,12,17,0,'2025-10-05 20:11:32'),(123650,4,'Rest of India',10,22141,'Gurnoor Brar',7,19,0,1,11,14596,'Manav Suthar',11,33,1,0,8,18,52,0,'2025-10-05 20:11:32'),(119870,1,'AUSA',1,13472,'Mackenzie Harvey',2,0,0,0,1,14501,'Fraser-McGurk',5,0,1,0,2,7,14,1,'2025-10-05 20:11:38'),(119870,1,'AUSA',2,13472,'Mackenzie Harvey',5,0,1,0,1,15927,'Connolly',10,0,2,0,3,15,11,0,'2025-10-05 20:11:38'),(119870,1,'AUSA',3,52918,'Harry Dixon',1,0,0,0,4,15927,'Connolly',1,0,0,0,3,3,7,1,'2025-10-05 20:11:38'),(119870,1,'AUSA',4,15142,'Lachlan Hearne',16,0,2,1,5,15927,'Connolly',4,0,1,0,3,20,16,0,'2025-10-05 20:11:38'),(119870,1,'AUSA',5,23446,'Lachlan Shaw',32,0,3,1,6,15927,'Connolly',38,0,0,4,3,71,60,0,'2025-10-05 20:11:38'),(119870,1,'AUSA',6,15143,'Liam Scott',8,0,0,1,7,15927,'Connolly',12,0,2,0,3,20,18,0,'2025-10-05 20:11:38'),(119870,1,'AUSA',7,15143,'Liam Scott',65,0,1,5,7,13348,'Jack Edwards',85,0,8,3,8,152,123,1,'2025-10-05 20:11:38'),(119870,1,'AUSA',8,15146,'Murphy',2,0,0,0,9,13348,'Jack Edwards',1,0,0,0,8,3,4,1,'2025-10-05 20:11:38'),(119870,1,'AUSA',9,15137,'Sangha',4,0,0,0,10,13348,'Jack Edwards',3,0,0,0,8,7,16,0,'2025-10-05 20:11:38'),(119870,1,'AUSA',10,15137,'Sangha',5,0,0,0,10,53769,'Tom Straker',10,0,1,0,11,16,26,1,'2025-10-05 20:11:38'),(119870,2,'INDA',1,12086,'Abhishek Sharma',22,25,2,0,1,14254,'Prabhsimran',59,43,5,4,2,83,68,1,'2025-10-05 20:11:38'),(119870,2,'INDA',2,14504,'Tilak Varma',3,6,0,0,3,14254,'Prabhsimran',3,5,0,0,2,6,11,1,'2025-10-05 20:11:38'),(119870,2,'INDA',3,9428,'Shreyas Iyer',12,16,1,0,4,14254,'Prabhsimran',40,20,3,3,2,56,36,0,'2025-10-05 20:11:38'),(119870,2,'INDA',4,9428,'Shreyas Iyer',26,28,3,0,4,12305,'Riyan Parag',39,37,3,2,5,66,65,1,'2025-10-05 20:11:38'),(134485,1,'Mpumalanga Rhinos',1,21393,'Mogotsi',0,0,0,0,1,1431603,'Zakir Kathrada',0,0,0,0,2,0,1,1,'2025-10-05 20:11:39'),(134485,2,'Northern Cape',1,14543,'Thamsanga Kumalo',0,0,0,0,1,20536,'Tahir Isaacs',0,0,0,0,2,0,1,1,'2025-10-05 20:11:39'),(134485,3,'Mpumalanga Rhinos',1,21393,'Mogotsi',0,0,0,0,1,20362,'Gareth Dukes',0,0,0,0,2,0,1,1,'2025-10-05 20:11:39'),(134485,4,'Northern Cape',1,15128,'Nonelela Yikha',0,0,0,0,4,1463234,'Charl Prinsloo',0,0,0,0,6,0,0,0,'2025-10-05 20:11:39'),(134491,1,'South Western Districts',1,14588,'Ruan Terblanche',0,0,0,0,1,9575,'Yaseen Valli',0,0,0,0,2,0,1,1,'2025-10-05 20:11:40'),(134491,2,'Limpopo',1,20458,'Ludwig Kaestner',0,0,0,0,1,14315,'Sizwe Masondo',0,0,0,0,2,0,1,1,'2025-10-05 20:11:40'),(134491,3,'Limpopo',1,20458,'Ludwig Kaestner',0,0,0,0,1,14315,'Sizwe Masondo',0,1,0,0,2,0,1,1,'2025-10-05 20:11:40'),(121488,1,'India Women',1,1448809,'Pratika Rawal',24,0,4,0,1,10012,'Mandhana',23,0,4,0,2,48,54,1,'2025-10-05 20:11:41'),(121488,1,'India Women',2,1448809,'Pratika Rawal',7,0,1,0,1,13658,'Harleen Deol',12,0,1,1,3,19,35,0,'2025-10-05 20:11:41'),(121488,1,'India Women',3,9082,'Kaur',19,0,2,0,4,13658,'Harleen Deol',19,0,2,0,3,39,59,1,'2025-10-05 20:11:41'),(121488,1,'India Women',4,13517,'Rodrigues',27,0,4,0,5,13658,'Harleen Deol',15,0,1,0,3,45,51,0,'2025-10-05 20:11:41'),(121488,1,'India Women',5,13517,'Rodrigues',5,0,1,0,5,11098,'Deepti Sharma',3,0,0,0,6,8,11,1,'2025-10-05 20:11:41'),(121488,1,'India Women',6,11326,'Sneh Rana',20,0,2,0,7,11098,'Deepti Sharma',21,0,1,0,6,42,56,1,'2025-10-05 20:11:41'),(121488,1,'India Women',7,16208,'Richa Ghosh',1,0,0,0,8,11098,'Deepti Sharma',1,0,0,0,6,2,7,0,'2025-10-05 20:11:41'),(121488,1,'India Women',8,16208,'Richa Ghosh',22,0,1,2,8,41078,'Shree Charani',1,0,0,0,9,23,17,1,'2025-10-05 20:11:41'),(121488,1,'India Women',9,16208,'Richa Ghosh',12,0,2,0,8,1448841,'Kranti Gaud',8,0,2,0,10,21,9,0,'2025-10-05 20:11:41'),(121488,1,'India Women',10,16208,'Richa Ghosh',0,0,0,0,8,14491,'Renuka Singh',0,0,0,0,11,0,1,0,'2025-10-05 20:11:41'),(121488,2,'Pakistan Women',1,11394,'Muneeba Ali',2,12,0,0,1,26157,'Sadaf Shamas',1,12,0,0,2,6,24,1,'2025-10-05 20:11:41'),(121488,2,'Pakistan Women',2,9131,'Sidra Amin',8,9,2,0,3,26157,'Sadaf Shamas',5,12,0,0,2,14,21,1,'2025-10-05 20:11:41'),(135184,1,'United Arab Emirates Women',1,13816,'Esha Oza',101,0,17,1,1,24713,'Theertha Satish',29,0,2,0,2,146,88,1,'2025-10-05 20:11:43'),(135184,1,'United Arab Emirates Women',2,30588,'Rinitha Rajith',7,0,0,0,3,24713,'Theertha Satish',7,0,1,0,2,14,11,1,'2025-10-05 20:11:43'),(135184,1,'United Arab Emirates Women',3,13817,'Heena Hotchandani',9,0,0,0,4,24713,'Theertha Satish',11,0,1,0,2,23,19,0,'2025-10-05 20:11:43'),(135184,1,'United Arab Emirates Women',4,13817,'Heena Hotchandani',1,0,0,0,4,25049,'Samaira Dharnidharka',1,0,0,0,5,2,3,1,'2025-10-05 20:11:43'),(135184,2,'Zimbabwe Women',1,20112,'Nyasha Gwanzura',4,7,1,0,1,19097,'Kelis Ndhlovu',11,7,2,0,2,17,14,1,'2025-10-05 20:11:43'),(135184,2,'Zimbabwe Women',2,12283,'Mupachikwa',0,1,0,0,3,19097,'Kelis Ndhlovu',0,0,0,0,2,0,1,1,'2025-10-05 20:11:43'),(135184,2,'Zimbabwe Women',3,12289,'Loreen Tshuma',0,1,0,0,4,19097,'Kelis Ndhlovu',0,0,0,0,2,0,1,0,'2025-10-05 20:11:43'),(135184,2,'Zimbabwe Women',4,12755,'Dhururu',18,14,3,0,5,19097,'Kelis Ndhlovu',11,9,1,0,2,32,22,0,'2025-10-05 20:11:43'),(135184,2,'Zimbabwe Women',5,12755,'Dhururu',25,27,2,0,5,12287,'Nkomo',33,26,3,0,6,60,53,1,'2025-10-05 20:11:43');
/*!40000 ALTER TABLE `live_partnerships` ENABLE KEYS */;
UNLOCK TABLES;

--
-- Table structure for table `live_scorecard_metadata`
--

DROP TABLE IF EXISTS `live_scorecard_metadata`;
/*!40101 SET @saved_cs_client     = @@character_set_client */;
/*!50503 SET character_set_client = utf8mb4 */;
CREATE TABLE `live_scorecard_metadata` (
  `match_id` bigint DEFAULT NULL,
  `is_match_complete` tinyint(1) DEFAULT NULL,
  `match_status` text
) ENGINE=InnoDB DEFAULT CHARSET=utf8mb4 COLLATE=utf8mb4_0900_ai_ci;
/*!40101 SET character_set_client = @saved_cs_client */;

--
-- Dumping data for table `live_scorecard_metadata`
--

LOCK TABLES `live_scorecard_metadata` WRITE;
/*!40000 ALTER TABLE `live_scorecard_metadata` DISABLE KEYS */;
INSERT INTO `live_scorecard_metadata` VALUES (133666,0,'Bangladesh opt to bowl'),(133198,0,'Day 2: Stumps - Queensland trail by 131 runs'),(133209,0,'Day 2: Stumps - Victoria trail by 183 runs'),(133220,0,'Day 2: Stumps - Western Australia trail by 54 runs'),(123650,1,'Vidarbha won by 93 runs'),(133897,0,'Day 3: Stumps - Titans need 424 runs'),(133886,0,'Day 3: Stumps - Warriors lead by 112 runs'),(133875,1,'Dolphins won by 5 wkts'),(119870,0,'India A need 106 runs'),(134485,0,'Day 3: Stumps - Northern Cape need 312 runs'),(134491,0,'Day 3: Stumps - Limpopo trail by 192 runs'),(121488,0,'Pakistan Women need 228 runs'),(135184,0,'Zimbabwe Women need 75 runs in 29 balls');
/*!40000 ALTER TABLE `live_scorecard_metadata` ENABLE KEYS */;
UNLOCK TABLES;

--
-- Table structure for table `live_series`
--

DROP TABLE IF EXISTS `live_series`;
/*!40101 SET @saved_cs_client     = @@character_set_client */;
/*!50503 SET character_set_client = utf8mb4 */;
CREATE TABLE `live_series` (
  `series_id` bigint DEFAULT NULL,
  `series_name` text,
  `match_type` text,
  `series_type` text,
  `match_id` bigint DEFAULT NULL,
  `series_start_dt` text,
  `series_end_dt` text,
  `fetched_at` datetime DEFAULT NULL
) ENGINE=InnoDB DEFAULT CHARSET=utf8mb4 COLLATE=utf8mb4_0900_ai_ci;
/*!40101 SET character_set_client = @saved_cs_client */;

--
-- Dumping data for table `live_series`
--

LOCK TABLES `live_series` WRITE;
/*!40000 ALTER TABLE `live_series` DISABLE KEYS */;
INSERT INTO `live_series` VALUES (10840,'Afghanistan vs Bangladesh in UAE 2025',NULL,NULL,133666,'1759363200000','1760572800000','2025-10-05 20:11:27'),(10823,'Sheffield Shield 2025-26',NULL,NULL,133198,'1759536000000','1774915200000','2025-10-05 20:11:29'),(10823,'Sheffield Shield 2025-26',NULL,NULL,133209,'1759536000000','1774915200000','2025-10-05 20:11:30'),(10823,'Sheffield Shield 2025-26',NULL,NULL,133220,'1759536000000','1774915200000','2025-10-05 20:11:31'),(10300,'Irani Cup 2025',NULL,NULL,123650,'1759276800000','1759795200000','2025-10-05 20:11:32'),(10878,'CSA Four-Day Series Division One 2025-26',NULL,NULL,133897,'1758758400000','1771891200000','2025-10-05 20:11:34'),(10878,'CSA Four-Day Series Division One 2025-26',NULL,NULL,133886,'1758758400000','1771891200000','2025-10-05 20:11:35'),(10878,'CSA Four-Day Series Division One 2025-26',NULL,NULL,133875,'1758758400000','1771891200000','2025-10-05 20:11:36'),(9935,'Australia A tour of India, 2025',NULL,NULL,119870,'1757980800000','1759795200000','2025-10-05 20:11:38'),(10911,'CSA Four-Day Series Division Two 2025-26',NULL,NULL,134485,'1758758400000','1770854400000','2025-10-05 20:11:39'),(10911,'CSA Four-Day Series Division Two 2025-26',NULL,NULL,134491,'1758758400000','1770854400000','2025-10-05 20:11:40'),(10009,'ICC Womens World Cup 2025',NULL,NULL,121488,'1759190400000','1762214400000','2025-10-05 20:11:41'),(10983,'United Arab Emirates Women tour of Zimbabwe 2025',NULL,NULL,135184,'1758844800000','1759881600000','2025-10-05 20:11:43');
/*!40000 ALTER TABLE `live_series` ENABLE KEYS */;
UNLOCK TABLES;

--
-- Table structure for table `live_teams`
--

DROP TABLE IF EXISTS `live_teams`;
/*!40101 SET @saved_cs_client     = @@character_set_client */;
/*!50503 SET character_set_client = utf8mb4 */;
CREATE TABLE `live_teams` (
  `match_id` bigint DEFAULT NULL,
  `team_role` text,
  `team_id` bigint DEFAULT NULL,
  `team_name` text,
  `team_sname` text
) ENGINE=InnoDB DEFAULT CHARSET=utf8mb4 COLLATE=utf8mb4_0900_ai_ci;
/*!40101 SET character_set_client = @saved_cs_client */;

--
-- Dumping data for table `live_teams`
--

LOCK TABLES `live_teams` WRITE;
/*!40000 ALTER TABLE `live_teams` DISABLE KEYS */;
INSERT INTO `live_teams` VALUES (133666,'team1',96,'Afghanistan','AFG'),(133666,'team2',6,'Bangladesh','BAN'),(133198,'team1',166,'Tasmania','TAS'),(133198,'team2',164,'Queensland','QL'),(133209,'team1',158,'South Australia','SAUS'),(133209,'team2',52,'Victoria','VIC'),(133220,'team1',104,'New South Wales','NSW'),(133220,'team2',87,'Western Australia','WA'),(123650,'team1',248,'Vidarbha','VID'),(123650,'team2',82,'Rest of India','ROI'),(133897,'team1',922,'North West','NWEST'),(133897,'team2',89,'Titans','TIT'),(133886,'team1',155,'Warriors','WAR'),(133886,'team2',1766,'KwaZulu-Natal Inland','KZNIN'),(133875,'team1',1759,'Boland','BOL'),(133875,'team2',90,'Dolphins','DOL'),(119870,'team1',79,'Australia A','AUSA'),(119870,'team2',78,'India A','INDA'),(134485,'team1',903,'Mpumalanga Rhinos','MPR'),(134485,'team2',923,'Northern Cape','NCAPE'),(134491,'team1',1768,'South Western Districts','SWD'),(134491,'team2',912,'Limpopo','LIMPO'),(121488,'team1',97,'India Women','INDW'),(121488,'team2',259,'Pakistan Women','PAKW'),(135184,'team1',449,'United Arab Emirates Women','UAEW'),(135184,'team2',388,'Zimbabwe Women','ZIMW');
/*!40000 ALTER TABLE `live_teams` ENABLE KEYS */;
UNLOCK TABLES;

--
-- Table structure for table `live_toss_results`
--

DROP TABLE IF EXISTS `live_toss_results`;
/*!40101 SET @saved_cs_client     = @@character_set_client */;
/*!50503 SET character_set_client = utf8mb4 */;
CREATE TABLE `live_toss_results` (
  `match_id` bigint DEFAULT NULL,
  `toss_winner_id` text,
  `toss_winner_name` text,
  `toss_decision` text,
  `match_format` text,
  `match_status` text,
  `state` text,
  `fetched_at` datetime DEFAULT NULL
) ENGINE=InnoDB DEFAULT CHARSET=utf8mb4 COLLATE=utf8mb4_0900_ai_ci;
/*!40101 SET character_set_client = @saved_cs_client */;

--
-- Dumping data for table `live_toss_results`
--

LOCK TABLES `live_toss_results` WRITE;
/*!40000 ALTER TABLE `live_toss_results` DISABLE KEYS */;
INSERT INTO `live_toss_results` VALUES (133666,NULL,'Bangladesh','Bowling','T20','Bangladesh opt to bowl','In Progress','2025-10-05 20:11:27'),(133198,NULL,NULL,NULL,'TEST','Day 2: Stumps - Queensland trail by 131 runs','Stumps','2025-10-05 20:11:29'),(133209,NULL,NULL,NULL,'TEST','Day 2: Stumps - Victoria trail by 183 runs','Stumps','2025-10-05 20:11:30'),(133220,NULL,NULL,NULL,'TEST','Day 2: Stumps - Western Australia trail by 54 runs','Stumps','2025-10-05 20:11:31'),(123650,NULL,NULL,NULL,'TEST','Vidarbha won by 93 runs','Complete','2025-10-05 20:11:32'),(133897,NULL,NULL,NULL,'TEST','Day 3: Stumps - Titans need 424 runs','Stumps','2025-10-05 20:11:34'),(133886,NULL,NULL,NULL,'TEST','Day 3: Stumps - Warriors lead by 112 runs','Stumps','2025-10-05 20:11:35'),(133875,NULL,NULL,NULL,'TEST','Dolphins won by 5 wkts','Complete','2025-10-05 20:11:36'),(119870,NULL,NULL,NULL,'ODI','India A need 106 runs','In Progress','2025-10-05 20:11:38'),(134485,NULL,NULL,NULL,'TEST','Day 3: Stumps - Northern Cape need 312 runs','Stumps','2025-10-05 20:11:39'),(134491,NULL,NULL,NULL,'TEST','Day 3: Stumps - Limpopo trail by 192 runs','Stumps','2025-10-05 20:11:40'),(121488,NULL,NULL,NULL,'ODI','Pakistan Women need 228 runs','In Progress','2025-10-05 20:11:41'),(135184,NULL,NULL,NULL,'T20','Zimbabwe Women need 66 runs in 24 balls','In Progress','2025-10-05 20:11:43');
/*!40000 ALTER TABLE `live_toss_results` ENABLE KEYS */;
UNLOCK TABLES;

--
-- Table structure for table `live_venues`
--

DROP TABLE IF EXISTS `live_venues`;
/*!40101 SET @saved_cs_client     = @@character_set_client */;
/*!50503 SET character_set_client = utf8mb4 */;
CREATE TABLE `live_venues` (
  `match_id` bigint DEFAULT NULL,
  `venue_id` bigint DEFAULT NULL,
  `ground` text,
  `city` text,
  `timezone` text,
  `latitude` text,
  `longitude` text
) ENGINE=InnoDB DEFAULT CHARSET=utf8mb4 COLLATE=utf8mb4_0900_ai_ci;
/*!40101 SET character_set_client = @saved_cs_client */;

--
-- Dumping data for table `live_venues`
--

LOCK TABLES `live_venues` WRITE;
/*!40000 ALTER TABLE `live_venues` DISABLE KEYS */;
INSERT INTO `live_venues` VALUES (133666,140,'Sharjah Cricket Stadium','Sharjah','+04:00','25.33095','55.420902'),(133198,300,'Allan Border Field','Brisbane','+10:00','-27.435145','153.046143'),(133209,40,'Adelaide Oval','Adelaide','+10:30','-34.915516','138.596115'),(133220,38,'W.A.C.A. Ground','Perth','+08:00','-31.959806','115.879585'),(123650,228,'Vidarbha Cricket Association Stadium','Nagpur','+05:30','21.013566','79.039576'),(133897,102,'Senwes Park','Potchefstroom','+02:00','-26.695565','27.100691'),(133886,206,'City Oval','Pietermaritzburg','+02:00','-29.551181','30.407238'),(133875,207,'Boland Park','Paarl','+02:00','-33.730900','18.970760'),(119870,32,'Green Park','Kanpur','+05:30','26.482069','80.34773'),(134485,148,'Diamond Oval','Kimberley','+02:00','-28.742487','24.742101'),(134491,772,'Polokwane Cricket Club','Polokwane','+02:00','-23.912260','29.453550'),(121488,15,'R.Premadasa Stadium','Colombo','+05:30','6.939966','79.872222'),(135184,70,'Queens Sports Club','Bulawayo','+02:00','-20.145151','28.588901');
/*!40000 ALTER TABLE `live_venues` ENABLE KEYS */;
UNLOCK TABLES;

--
-- Table structure for table `match_commentary`
--

DROP TABLE IF EXISTS `match_commentary`;
/*!40101 SET @saved_cs_client     = @@character_set_client */;
/*!50503 SET character_set_client = utf8mb4 */;
CREATE TABLE `match_commentary` (
  `id` int NOT NULL AUTO_INCREMENT,
  `match_id` int DEFAULT NULL,
  `series_id` int DEFAULT NULL,
  `series_name` varchar(255) DEFAULT NULL,
  `match_desc` varchar(255) DEFAULT NULL,
  `format` varchar(50) DEFAULT NULL,
  `state` varchar(50) DEFAULT NULL,
  `status` varchar(255) DEFAULT NULL,
  `team1_id` int DEFAULT NULL,
  `team1_name` varchar(255) DEFAULT NULL,
  `team2_id` int DEFAULT NULL,
  `team2_name` varchar(255) DEFAULT NULL,
  `toss_winner_id` int DEFAULT NULL,
  `toss_winner_name` varchar(255) DEFAULT NULL,
  `toss_decision` varchar(50) DEFAULT NULL,
  `winning_team_id` int DEFAULT NULL,
  `innings_id` int DEFAULT NULL,
  `innings_name` varchar(100) DEFAULT NULL,
  `overnum` float DEFAULT NULL,
  `ballnbr` int DEFAULT NULL,
  `eventtype` varchar(100) DEFAULT NULL,
  `commtxt` text,
  `timestamp` bigint DEFAULT NULL,
  `batscore` int DEFAULT NULL,
  PRIMARY KEY (`id`)
) ENGINE=InnoDB AUTO_INCREMENT=548 DEFAULT CHARSET=utf8mb4 COLLATE=utf8mb4_0900_ai_ci;
/*!40101 SET character_set_client = @saved_cs_client */;

--
-- Dumping data for table `match_commentary`
--

LOCK TABLES `match_commentary` WRITE;
/*!40000 ALTER TABLE `match_commentary` DISABLE KEYS */;
INSERT INTO `match_commentary` VALUES (1,113289,NULL,NULL,NULL,NULL,NULL,NULL,NULL,NULL,NULL,NULL,NULL,NULL,NULL,NULL,2,NULL,40.6,246,'over-break','Shafiqullah Ghafari to Wharton, 1 run',1758808447232,0),(2,113289,NULL,NULL,NULL,NULL,NULL,NULL,NULL,NULL,NULL,NULL,NULL,NULL,NULL,NULL,2,NULL,0,0,'NONE','B0$',1758808444176,0),(3,113289,NULL,NULL,NULL,NULL,NULL,NULL,NULL,NULL,NULL,NULL,NULL,NULL,NULL,NULL,2,NULL,40.5,245,'WICKET','Shafiqullah Ghafari to Lyth, B0$ Caught by Potts!! B1$',1758808440339,0),(4,113289,NULL,NULL,NULL,NULL,NULL,NULL,NULL,NULL,NULL,NULL,NULL,NULL,NULL,NULL,2,NULL,0,0,'NONE','Shafiqullah Ghafari to Lyth, B0$ Caught!!',1758808438683,0),(5,113289,NULL,NULL,NULL,NULL,NULL,NULL,NULL,NULL,NULL,NULL,NULL,NULL,NULL,NULL,2,NULL,40.4,244,'NONE','Shafiqullah Ghafari to Lyth, no run',1758808432345,0),(6,113289,NULL,NULL,NULL,NULL,NULL,NULL,NULL,NULL,NULL,NULL,NULL,NULL,NULL,NULL,2,NULL,40.3,243,'NONE','Shafiqullah Ghafari to Lyth, no run',1758808430331,0),(7,113289,NULL,NULL,NULL,NULL,NULL,NULL,NULL,NULL,NULL,NULL,NULL,NULL,NULL,NULL,2,NULL,40.2,242,'NONE','Shafiqullah Ghafari to Lyth, no run',1758808429488,0),(8,113289,NULL,NULL,NULL,NULL,NULL,NULL,NULL,NULL,NULL,NULL,NULL,NULL,NULL,NULL,2,NULL,40.1,241,'NONE','Shafiqullah Ghafari to Mayank Agarwal, 1 run',1758808428457,0),(9,113289,NULL,NULL,NULL,NULL,NULL,NULL,NULL,NULL,NULL,NULL,NULL,NULL,NULL,NULL,2,NULL,39.6,240,'over-break','Potts to Lyth, no run',1758808214953,0),(10,113289,NULL,NULL,NULL,NULL,NULL,NULL,NULL,NULL,NULL,NULL,NULL,NULL,NULL,NULL,2,NULL,39.5,239,'NONE','Potts to Lyth, no run',1758808214226,0),(11,113289,NULL,NULL,NULL,NULL,NULL,NULL,NULL,NULL,NULL,NULL,NULL,NULL,NULL,NULL,2,NULL,39.4,238,'NONE','Potts to Lyth, no run',1758808213523,0),(12,113289,NULL,NULL,NULL,NULL,NULL,NULL,NULL,NULL,NULL,NULL,NULL,NULL,NULL,NULL,2,NULL,39.3,237,'NONE','Potts to Lyth, no run',1758808212821,0),(13,113289,NULL,NULL,NULL,NULL,NULL,NULL,NULL,NULL,NULL,NULL,NULL,NULL,NULL,NULL,2,NULL,39.2,236,'FOUR','Potts to Lyth, B0$',1758808212192,0),(14,113289,NULL,NULL,NULL,NULL,NULL,NULL,NULL,NULL,NULL,NULL,NULL,NULL,NULL,NULL,2,NULL,39.1,235,'NONE','Potts to Lyth, no run',1758808208118,0),(15,113289,NULL,NULL,NULL,NULL,NULL,NULL,NULL,NULL,NULL,NULL,NULL,NULL,NULL,NULL,2,NULL,38.6,234,'over-break','Shafiqullah Ghafari to Lyth, 1 run',1758807881775,0),(16,113289,NULL,NULL,NULL,NULL,NULL,NULL,NULL,NULL,NULL,NULL,NULL,NULL,NULL,NULL,2,NULL,38.5,233,'NONE','Shafiqullah Ghafari to Mayank Agarwal, 1 run',1758807859976,0),(17,113289,NULL,NULL,NULL,NULL,NULL,NULL,NULL,NULL,NULL,NULL,NULL,NULL,NULL,NULL,2,NULL,38.4,232,'NONE','Shafiqullah Ghafari to Lyth, byes, 1 run',1758807807824,0),(18,113289,NULL,NULL,NULL,NULL,NULL,NULL,NULL,NULL,NULL,NULL,NULL,NULL,NULL,NULL,2,NULL,38.3,231,'NONE','Shafiqullah Ghafari to Mayank Agarwal, 1 run',1758807798716,0),(19,113289,NULL,NULL,NULL,NULL,NULL,NULL,NULL,NULL,NULL,NULL,NULL,NULL,NULL,NULL,2,NULL,38.2,230,'NONE','Shafiqullah Ghafari to Mayank Agarwal, no run',1758807795332,0),(20,113289,NULL,NULL,NULL,NULL,NULL,NULL,NULL,NULL,NULL,NULL,NULL,NULL,NULL,NULL,2,NULL,38.1,229,'NONE','Shafiqullah Ghafari to Lyth, 1 run',1758807794597,0),(21,113274,NULL,NULL,NULL,NULL,NULL,NULL,NULL,NULL,NULL,NULL,NULL,NULL,NULL,NULL,3,NULL,15.6,96,'over-break','J Fuller to Foakes, no run',1758808534864,0),(22,113274,NULL,NULL,NULL,NULL,NULL,NULL,NULL,NULL,NULL,NULL,NULL,NULL,NULL,NULL,3,NULL,15.5,95,'FOUR','J Fuller to Foakes, B0$',1758808533959,0),(23,113274,NULL,NULL,NULL,NULL,NULL,NULL,NULL,NULL,NULL,NULL,NULL,NULL,NULL,NULL,3,NULL,15.4,94,'NONE','J Fuller to Foakes, no run',1758808531538,0),(24,113274,NULL,NULL,NULL,NULL,NULL,NULL,NULL,NULL,NULL,NULL,NULL,NULL,NULL,NULL,3,NULL,15.3,93,'NONE','J Fuller to Sibley, 1 run',1758808531205,0),(25,113274,NULL,NULL,NULL,NULL,NULL,NULL,NULL,NULL,NULL,NULL,NULL,NULL,NULL,NULL,3,NULL,15.2,92,'NONE','J Fuller to Sibley, no run',1758808528995,0),(26,113274,NULL,NULL,NULL,NULL,NULL,NULL,NULL,NULL,NULL,NULL,NULL,NULL,NULL,NULL,3,NULL,15.1,91,'NONE','J Fuller to Sibley, no run',1758808528673,0),(27,113274,NULL,NULL,NULL,NULL,NULL,NULL,NULL,NULL,NULL,NULL,NULL,NULL,NULL,NULL,3,NULL,14.6,90,'over-break','Dawson to Foakes, no run',1758808467203,0),(28,113274,NULL,NULL,NULL,NULL,NULL,NULL,NULL,NULL,NULL,NULL,NULL,NULL,NULL,NULL,3,NULL,14.5,89,'NONE','Dawson to Foakes, no run',1758808466810,0),(29,113274,NULL,NULL,NULL,NULL,NULL,NULL,NULL,NULL,NULL,NULL,NULL,NULL,NULL,NULL,3,NULL,14.4,88,'NONE','Dawson to Foakes, no run',1758808466398,0),(30,113274,NULL,NULL,NULL,NULL,NULL,NULL,NULL,NULL,NULL,NULL,NULL,NULL,NULL,NULL,3,NULL,14.3,87,'NONE','Dawson to Sibley, 1 run',1758808465983,0),(31,113274,NULL,NULL,NULL,NULL,NULL,NULL,NULL,NULL,NULL,NULL,NULL,NULL,NULL,NULL,3,NULL,14.2,86,'NONE','Dawson to Sibley, no run',1758808463672,0),(32,113274,NULL,NULL,NULL,NULL,NULL,NULL,NULL,NULL,NULL,NULL,NULL,NULL,NULL,NULL,3,NULL,14.1,85,'NONE','Dawson to Sibley, no run',1758808463352,0),(33,113274,NULL,NULL,NULL,NULL,NULL,NULL,NULL,NULL,NULL,NULL,NULL,NULL,NULL,NULL,3,NULL,13.6,84,'over-break','J Fuller to Foakes, no run',1758808424590,0),(34,113274,NULL,NULL,NULL,NULL,NULL,NULL,NULL,NULL,NULL,NULL,NULL,NULL,NULL,NULL,3,NULL,13.5,83,'NONE','J Fuller to Foakes, no run',1758808424174,0),(35,113274,NULL,NULL,NULL,NULL,NULL,NULL,NULL,NULL,NULL,NULL,NULL,NULL,NULL,NULL,3,NULL,13.4,82,'NONE','J Fuller to Foakes, no run',1758808423863,0),(36,113274,NULL,NULL,NULL,NULL,NULL,NULL,NULL,NULL,NULL,NULL,NULL,NULL,NULL,NULL,3,NULL,13.3,81,'NONE','J Fuller to Foakes, no run',1758808423496,0),(37,113274,NULL,NULL,NULL,NULL,NULL,NULL,NULL,NULL,NULL,NULL,NULL,NULL,NULL,NULL,3,NULL,13.2,80,'NONE','J Fuller to Sibley, 1 run',1758808422659,0),(38,113274,NULL,NULL,NULL,NULL,NULL,NULL,NULL,NULL,NULL,NULL,NULL,NULL,NULL,NULL,3,NULL,13.1,79,'NONE','J Fuller to Foakes, 1 run',1758808420548,0),(39,113274,NULL,NULL,NULL,NULL,NULL,NULL,NULL,NULL,NULL,NULL,NULL,NULL,NULL,NULL,3,NULL,0,0,'NONE','B0$',1758808417404,0),(40,113274,NULL,NULL,NULL,NULL,NULL,NULL,NULL,NULL,NULL,NULL,NULL,NULL,NULL,NULL,3,NULL,12.6,78,'over-break','Dawson to Sibley, no run',1758808368291,0),(41,113262,NULL,NULL,NULL,NULL,NULL,NULL,NULL,NULL,NULL,NULL,NULL,NULL,NULL,NULL,2,NULL,21.6,132,'over-break','Gregory to Elgar, no run',1758808547671,0),(42,113262,NULL,NULL,NULL,NULL,NULL,NULL,NULL,NULL,NULL,NULL,NULL,NULL,NULL,NULL,2,NULL,21.5,131,'NONE','Gregory to Elgar, no run',1758808547313,0),(43,113262,NULL,NULL,NULL,NULL,NULL,NULL,NULL,NULL,NULL,NULL,NULL,NULL,NULL,NULL,2,NULL,21.4,130,'NONE','Gregory to Elgar, no run',1758808546957,0),(44,113262,NULL,NULL,NULL,NULL,NULL,NULL,NULL,NULL,NULL,NULL,NULL,NULL,NULL,NULL,2,NULL,21.3,129,'NONE','Gregory to Elgar, no run',1758808546558,0),(45,113262,NULL,NULL,NULL,NULL,NULL,NULL,NULL,NULL,NULL,NULL,NULL,NULL,NULL,NULL,2,NULL,21.2,128,'NONE','Gregory to Elgar, 2 runs',1758808545733,0),(46,113262,NULL,NULL,NULL,NULL,NULL,NULL,NULL,NULL,NULL,NULL,NULL,NULL,NULL,NULL,2,NULL,21.1,127,'NONE','Gregory to Elgar, no run',1758808543363,0),(47,113262,NULL,NULL,NULL,NULL,NULL,NULL,NULL,NULL,NULL,NULL,NULL,NULL,NULL,NULL,2,NULL,20.6,126,'over-break,PARTNERSHIP','Lammonby to Walter, B0$, the partnership between Walter and Elgar is now',1758808480565,0),(48,113262,NULL,NULL,NULL,NULL,NULL,NULL,NULL,NULL,NULL,NULL,NULL,NULL,NULL,NULL,2,NULL,20.5,125,'NONE','Lammonby to Walter, no run',1758808478660,0),(49,113262,NULL,NULL,NULL,NULL,NULL,NULL,NULL,NULL,NULL,NULL,NULL,NULL,NULL,NULL,2,NULL,20.4,124,'NONE','Lammonby to Walter, no run',1758808477569,0),(50,113262,NULL,NULL,NULL,NULL,NULL,NULL,NULL,NULL,NULL,NULL,NULL,NULL,NULL,NULL,2,NULL,20.3,123,'NONE','Lammonby to Walter, no run',1758808476999,0),(51,113262,NULL,NULL,NULL,NULL,NULL,NULL,NULL,NULL,NULL,NULL,NULL,NULL,NULL,NULL,2,NULL,20.2,122,'NONE','Lammonby to Walter, 2 runs',1758808476599,0),(52,113262,NULL,NULL,NULL,NULL,NULL,NULL,NULL,NULL,NULL,NULL,NULL,NULL,NULL,NULL,2,NULL,20.1,121,'FOUR','Lammonby to Walter, B0$',1758808474862,0),(53,113262,NULL,NULL,NULL,NULL,NULL,NULL,NULL,NULL,NULL,NULL,NULL,NULL,NULL,NULL,2,NULL,19.6,120,'over-break','Gregory to Elgar, no run',1758808436467,0),(54,113262,NULL,NULL,NULL,NULL,NULL,NULL,NULL,NULL,NULL,NULL,NULL,NULL,NULL,NULL,2,NULL,19.5,119,'NONE','Gregory to Walter, 1 run',1758808435920,0),(55,113262,NULL,NULL,NULL,NULL,NULL,NULL,NULL,NULL,NULL,NULL,NULL,NULL,NULL,NULL,2,NULL,19.4,118,'NONE','Gregory to Walter, no run',1758808433984,0),(56,113262,NULL,NULL,NULL,NULL,NULL,NULL,NULL,NULL,NULL,NULL,NULL,NULL,NULL,NULL,2,NULL,19.3,117,'NONE','Gregory to Walter, no run',1758808433075,0),(57,113262,NULL,NULL,NULL,NULL,NULL,NULL,NULL,NULL,NULL,NULL,NULL,NULL,NULL,NULL,2,NULL,19.2,116,'NONE','Gregory to Walter, no run',1758808432598,0),(58,113262,NULL,NULL,NULL,NULL,NULL,NULL,NULL,NULL,NULL,NULL,NULL,NULL,NULL,NULL,2,NULL,19.1,115,'FIFTY','Gregory to Walter, B0$',1758808432247,0),(59,113262,NULL,NULL,NULL,NULL,NULL,NULL,NULL,NULL,NULL,NULL,NULL,NULL,NULL,NULL,2,NULL,18.6,114,'over-break','Lammonby to Elgar, no run',1758808385087,0),(60,113262,NULL,NULL,NULL,NULL,NULL,NULL,NULL,NULL,NULL,NULL,NULL,NULL,NULL,NULL,2,NULL,18.5,113,'NONE','Lammonby to Elgar, no run',1758808384457,0),(61,113280,NULL,NULL,NULL,NULL,NULL,NULL,NULL,NULL,NULL,NULL,NULL,NULL,NULL,NULL,3,NULL,0,0,'NONE','B0$',1758808563969,0),(62,113280,NULL,NULL,NULL,NULL,NULL,NULL,NULL,NULL,NULL,NULL,NULL,NULL,NULL,NULL,3,NULL,27.3,165,'WICKET','Unadkat to Rehaan Edavalath, B0$ Lbw!! B1$',1758808559322,0),(63,113280,NULL,NULL,NULL,NULL,NULL,NULL,NULL,NULL,NULL,NULL,NULL,NULL,NULL,NULL,3,NULL,0,0,'NONE','Unadkat to Rehaan Edavalath, B0$ Lbw!!',1758808557926,0),(64,113280,NULL,NULL,NULL,NULL,NULL,NULL,NULL,NULL,NULL,NULL,NULL,NULL,NULL,NULL,3,NULL,27.2,164,'NONE','Unadkat to Rehaan Edavalath, no run',1758808554919,0),(65,113280,NULL,NULL,NULL,NULL,NULL,NULL,NULL,NULL,NULL,NULL,NULL,NULL,NULL,NULL,3,NULL,27.1,163,'NONE','Unadkat to Rehaan Edavalath, no run',1758808554132,0),(66,113280,NULL,NULL,NULL,NULL,NULL,NULL,NULL,NULL,NULL,NULL,NULL,NULL,NULL,NULL,3,NULL,26.6,162,'over-break','Robinson to Rehaan Edavalath, 1 run',1758808408135,0),(67,113280,NULL,NULL,NULL,NULL,NULL,NULL,NULL,NULL,NULL,NULL,NULL,NULL,NULL,NULL,3,NULL,26.5,161,'NONE','Robinson to Rehaan Edavalath, no run',1758808405234,0),(68,113280,NULL,NULL,NULL,NULL,NULL,NULL,NULL,NULL,NULL,NULL,NULL,NULL,NULL,NULL,3,NULL,26.4,160,'NONE','Robinson to Rehaan Edavalath, no run',1758808404581,0),(69,113280,NULL,NULL,NULL,NULL,NULL,NULL,NULL,NULL,NULL,NULL,NULL,NULL,NULL,NULL,3,NULL,26.3,159,'NONE','Robinson to Rehaan Edavalath, no run',1758808403947,0),(70,113280,NULL,NULL,NULL,NULL,NULL,NULL,NULL,NULL,NULL,NULL,NULL,NULL,NULL,NULL,3,NULL,26.2,158,'NONE','Robinson to Rehaan Edavalath, no run',1758808403292,0),(71,113280,NULL,NULL,NULL,NULL,NULL,NULL,NULL,NULL,NULL,NULL,NULL,NULL,NULL,NULL,3,NULL,26.1,157,'NONE','Robinson to Rehaan Edavalath, no run',1758808402391,0),(72,113280,NULL,NULL,NULL,NULL,NULL,NULL,NULL,NULL,NULL,NULL,NULL,NULL,NULL,NULL,3,NULL,25.6,156,'over-break','Unadkat to Libby, no run',1758808239320,0),(73,113280,NULL,NULL,NULL,NULL,NULL,NULL,NULL,NULL,NULL,NULL,NULL,NULL,NULL,NULL,3,NULL,25.5,155,'NONE','Unadkat to Libby, no run',1758808238713,0),(74,113280,NULL,NULL,NULL,NULL,NULL,NULL,NULL,NULL,NULL,NULL,NULL,NULL,NULL,NULL,3,NULL,25.4,154,'NONE','Unadkat to Libby, no run',1758808238063,0),(75,113280,NULL,NULL,NULL,NULL,NULL,NULL,NULL,NULL,NULL,NULL,NULL,NULL,NULL,NULL,3,NULL,25.3,153,'NONE','Unadkat to Libby, no run',1758808237450,0),(76,113280,NULL,NULL,NULL,NULL,NULL,NULL,NULL,NULL,NULL,NULL,NULL,NULL,NULL,NULL,3,NULL,25.2,152,'NONE','Unadkat to Libby, 2 runs',1758808236438,0),(77,113280,NULL,NULL,NULL,NULL,NULL,NULL,NULL,NULL,NULL,NULL,NULL,NULL,NULL,NULL,3,NULL,25.1,151,'NONE','Unadkat to Rehaan Edavalath, 1 run',1758808232821,0),(78,113280,NULL,NULL,NULL,NULL,NULL,NULL,NULL,NULL,NULL,NULL,NULL,NULL,NULL,NULL,3,NULL,24.6,150,'over-break','Robinson to Rehaan Edavalath, 1 run',1758807934390,0),(79,113280,NULL,NULL,NULL,NULL,NULL,NULL,NULL,NULL,NULL,NULL,NULL,NULL,NULL,NULL,3,NULL,24.5,149,'NONE','Robinson to Rehaan Edavalath, no run',1758807931857,0),(80,113280,NULL,NULL,NULL,NULL,NULL,NULL,NULL,NULL,NULL,NULL,NULL,NULL,NULL,NULL,3,NULL,24.4,148,'NONE','Robinson to Libby, 1 run',1758807931273,0),(81,113271,NULL,NULL,NULL,NULL,NULL,NULL,NULL,NULL,NULL,NULL,NULL,NULL,NULL,NULL,2,NULL,53.6,324,'over-break','Yates to Verreynne, no run',1758808562420,0),(82,113271,NULL,NULL,NULL,NULL,NULL,NULL,NULL,NULL,NULL,NULL,NULL,NULL,NULL,NULL,2,NULL,53.5,323,'NONE','Yates to Verreynne, no run',1758808561904,0),(83,113271,NULL,NULL,NULL,NULL,NULL,NULL,NULL,NULL,NULL,NULL,NULL,NULL,NULL,NULL,2,NULL,53.4,322,'NONE','Yates to Haseeb Hameed, 1 run',1758808561444,0),(84,113271,NULL,NULL,NULL,NULL,NULL,NULL,NULL,NULL,NULL,NULL,NULL,NULL,NULL,NULL,2,NULL,53.3,321,'NONE','Yates to Haseeb Hameed, 2 runs',1758808559418,0),(85,113271,NULL,NULL,NULL,NULL,NULL,NULL,NULL,NULL,NULL,NULL,NULL,NULL,NULL,NULL,2,NULL,53.2,320,'NONE','Yates to Haseeb Hameed, no run',1758808557172,0),(86,113271,NULL,NULL,NULL,NULL,NULL,NULL,NULL,NULL,NULL,NULL,NULL,NULL,NULL,NULL,2,NULL,53.1,319,'NONE','Yates to Haseeb Hameed, no run',1758808556437,0),(87,113271,NULL,NULL,NULL,NULL,NULL,NULL,NULL,NULL,NULL,NULL,NULL,NULL,NULL,NULL,2,NULL,0,0,'NONE','B0$',1758808514241,0),(88,113271,NULL,NULL,NULL,NULL,NULL,NULL,NULL,NULL,NULL,NULL,NULL,NULL,NULL,NULL,2,NULL,52.6,318,'over-break,WICKET','Ethan Bamber to Jack Haynes, B0$ Caught by Alex Davies!! B1$',1758808510740,0),(89,113271,NULL,NULL,NULL,NULL,NULL,NULL,NULL,NULL,NULL,NULL,NULL,NULL,NULL,NULL,2,NULL,0,0,'NONE','Ethan Bamber to Jack Haynes, B0$ Caught!!',1758808509719,0),(90,113271,NULL,NULL,NULL,NULL,NULL,NULL,NULL,NULL,NULL,NULL,NULL,NULL,NULL,NULL,2,NULL,52.5,317,'NONE','Ethan Bamber to Jack Haynes, no run',1758808505856,0),(91,113271,NULL,NULL,NULL,NULL,NULL,NULL,NULL,NULL,NULL,NULL,NULL,NULL,NULL,NULL,2,NULL,0,0,'NONE','B0$',1758808503583,0),(92,113271,NULL,NULL,NULL,NULL,NULL,NULL,NULL,NULL,NULL,NULL,NULL,NULL,NULL,NULL,2,NULL,52.4,316,'WICKET','Ethan Bamber to Joe Clarke, B0$ Caught by Alex Davies!! B1$',1758808501814,0),(93,113271,NULL,NULL,NULL,NULL,NULL,NULL,NULL,NULL,NULL,NULL,NULL,NULL,NULL,NULL,2,NULL,0,0,'NONE','Ethan Bamber to Joe Clarke, B0$ Caught!!',1758808493492,0),(94,113271,NULL,NULL,NULL,NULL,NULL,NULL,NULL,NULL,NULL,NULL,NULL,NULL,NULL,NULL,2,NULL,52.3,315,'NONE','Ethan Bamber to Joe Clarke, no run',1758808488884,0),(95,113271,NULL,NULL,NULL,NULL,NULL,NULL,NULL,NULL,NULL,NULL,NULL,NULL,NULL,NULL,2,NULL,52.2,314,'NONE','Ethan Bamber to Haseeb Hameed, 1 run',1758808488349,0),(96,113271,NULL,NULL,NULL,NULL,NULL,NULL,NULL,NULL,NULL,NULL,NULL,NULL,NULL,NULL,2,NULL,52.1,313,'NONE','Ethan Bamber to Haseeb Hameed, no run',1758808486404,0),(97,113271,NULL,NULL,NULL,NULL,NULL,NULL,NULL,NULL,NULL,NULL,NULL,NULL,NULL,NULL,2,NULL,51.6,312,'over-break','Yates to Joe Clarke, no run',1758808457250,0),(98,113271,NULL,NULL,NULL,NULL,NULL,NULL,NULL,NULL,NULL,NULL,NULL,NULL,NULL,NULL,2,NULL,51.5,311,'NONE','Yates to Joe Clarke, no run',1758808456695,0),(99,113271,NULL,NULL,NULL,NULL,NULL,NULL,NULL,NULL,NULL,NULL,NULL,NULL,NULL,NULL,2,NULL,51.4,310,'NONE','Yates to Haseeb Hameed, 1 run',1758808456284,0),(100,113271,NULL,NULL,NULL,NULL,NULL,NULL,NULL,NULL,NULL,NULL,NULL,NULL,NULL,NULL,2,NULL,51.3,309,'NONE','Yates to Haseeb Hameed, no run',1758808454203,0),(101,113670,NULL,NULL,NULL,NULL,NULL,NULL,NULL,NULL,NULL,NULL,NULL,NULL,NULL,NULL,1,NULL,0,0,'NONE','B0$ 634/9 d (147.4)',1758807653279,0),(102,113670,NULL,NULL,NULL,NULL,NULL,NULL,NULL,NULL,NULL,NULL,NULL,NULL,NULL,NULL,1,NULL,147.4,886,'WICKET','Oliver Price to Roland-Jones, B0$ Caught by Jack Taylor!! B1$',1758807518784,0),(103,113670,NULL,NULL,NULL,NULL,NULL,NULL,NULL,NULL,NULL,NULL,NULL,NULL,NULL,NULL,1,NULL,0,0,'NONE','Oliver Price to Roland-Jones, B0$ Caught!!',1758807518120,0),(104,113670,NULL,NULL,NULL,NULL,NULL,NULL,NULL,NULL,NULL,NULL,NULL,NULL,NULL,NULL,1,NULL,147.3,885,'NONE','Oliver Price to Roland-Jones, no run',1758807505393,0),(105,113670,NULL,NULL,NULL,NULL,NULL,NULL,NULL,NULL,NULL,NULL,NULL,NULL,NULL,NULL,1,NULL,147.2,884,'NONE','Oliver Price to Leus du Plooy, 1 run',1758807505096,0),(106,113670,NULL,NULL,NULL,NULL,NULL,NULL,NULL,NULL,NULL,NULL,NULL,NULL,NULL,NULL,1,NULL,147.1,883,'NONE','Oliver Price to Roland-Jones, byes, 1 run',1758807502545,0),(107,113670,NULL,NULL,NULL,NULL,NULL,NULL,NULL,NULL,NULL,NULL,NULL,NULL,NULL,NULL,1,NULL,146.6,882,'over-break','Hammond to Roland-Jones, 1 run',1758807404809,0),(108,113670,NULL,NULL,NULL,NULL,NULL,NULL,NULL,NULL,NULL,NULL,NULL,NULL,NULL,NULL,1,NULL,146.5,881,'SIX','Hammond to Roland-Jones, B0$',1758807402458,0),(109,113670,NULL,NULL,NULL,NULL,NULL,NULL,NULL,NULL,NULL,NULL,NULL,NULL,NULL,NULL,1,NULL,146.4,880,'NONE','Hammond to Leus du Plooy, 1 run',1758807401129,0),(110,113670,NULL,NULL,NULL,NULL,NULL,NULL,NULL,NULL,NULL,NULL,NULL,NULL,NULL,NULL,1,NULL,146.3,879,'NONE','Hammond to Roland-Jones, 1 run',1758807398591,0),(111,113670,NULL,NULL,NULL,NULL,NULL,NULL,NULL,NULL,NULL,NULL,NULL,NULL,NULL,NULL,1,NULL,146.2,878,'SIX','Hammond to Roland-Jones, B0$',1758807396113,0),(112,113670,NULL,NULL,NULL,NULL,NULL,NULL,NULL,NULL,NULL,NULL,NULL,NULL,NULL,NULL,1,NULL,146.1,877,'FOUR','Hammond to Roland-Jones, B0$',1758807394774,0),(113,113670,NULL,NULL,NULL,NULL,NULL,NULL,NULL,NULL,NULL,NULL,NULL,NULL,NULL,NULL,1,NULL,0,0,'NONE','B0$',1758807392073,0),(114,113670,NULL,NULL,NULL,NULL,NULL,NULL,NULL,NULL,NULL,NULL,NULL,NULL,NULL,NULL,1,NULL,145.6,876,'over-break,HUNDRED','Oliver Price to Leus du Plooy, 2 runs',1758807080015,0),(115,113670,NULL,NULL,NULL,NULL,NULL,NULL,NULL,NULL,NULL,NULL,NULL,NULL,NULL,NULL,1,NULL,145.5,875,'NONE','Oliver Price to Roland-Jones, 1 run',1758807077667,0),(116,113670,NULL,NULL,NULL,NULL,NULL,NULL,NULL,NULL,NULL,NULL,NULL,NULL,NULL,NULL,1,NULL,0,0,'NONE','B0$',1758807075045,0),(117,113670,NULL,NULL,NULL,NULL,NULL,NULL,NULL,NULL,NULL,NULL,NULL,NULL,NULL,NULL,1,NULL,145.4,874,'WICKET','Oliver Price to Sebastian Morgan, B0$ Stumped!! B1$',1758807072959,0),(118,113670,NULL,NULL,NULL,NULL,NULL,NULL,NULL,NULL,NULL,NULL,NULL,NULL,NULL,NULL,1,NULL,0,0,'NONE','Oliver Price to Sebastian Morgan, B0$ Stumped!!',1758807072329,0),(119,113670,NULL,NULL,NULL,NULL,NULL,NULL,NULL,NULL,NULL,NULL,NULL,NULL,NULL,NULL,1,NULL,145.3,873,'NONE','Oliver Price to Leus du Plooy, 1 run',1758807068259,0),(120,113670,NULL,NULL,NULL,NULL,NULL,NULL,NULL,NULL,NULL,NULL,NULL,NULL,NULL,NULL,1,NULL,145.2,872,'NONE','Oliver Price to Leus du Plooy, no run',1758807066043,0),(121,113658,NULL,NULL,NULL,NULL,NULL,NULL,NULL,NULL,NULL,NULL,NULL,NULL,NULL,NULL,2,NULL,44.1,265,'FOUR','van Beek to Saif Zaib, B0$',1758808564038,0),(122,113658,NULL,NULL,NULL,NULL,NULL,NULL,NULL,NULL,NULL,NULL,NULL,NULL,NULL,NULL,2,NULL,43.6,264,'over-break','Trevaskis to Stuart van der Merwe, no run',1758808498849,0),(123,113658,NULL,NULL,NULL,NULL,NULL,NULL,NULL,NULL,NULL,NULL,NULL,NULL,NULL,NULL,2,NULL,43.5,263,'NONE','Trevaskis to Stuart van der Merwe, no run',1758808483310,0),(124,113658,NULL,NULL,NULL,NULL,NULL,NULL,NULL,NULL,NULL,NULL,NULL,NULL,NULL,NULL,2,NULL,43.4,262,'NONE','Trevaskis to Stuart van der Merwe, no run',1758808466356,0),(125,113658,NULL,NULL,NULL,NULL,NULL,NULL,NULL,NULL,NULL,NULL,NULL,NULL,NULL,NULL,2,NULL,43.3,261,'NONE','Trevaskis to Stuart van der Merwe, no run',1758808451308,0),(126,113658,NULL,NULL,NULL,NULL,NULL,NULL,NULL,NULL,NULL,NULL,NULL,NULL,NULL,NULL,2,NULL,43.2,260,'NONE','Trevaskis to Saif Zaib, 1 run',1758808430680,0),(127,113658,NULL,NULL,NULL,NULL,NULL,NULL,NULL,NULL,NULL,NULL,NULL,NULL,NULL,NULL,2,NULL,43.1,259,'FOUR','Trevaskis to Saif Zaib, B0$',1758808401335,0),(128,113658,NULL,NULL,NULL,NULL,NULL,NULL,NULL,NULL,NULL,NULL,NULL,NULL,NULL,NULL,2,NULL,42.6,258,'over-break','van Beek to Stuart van der Merwe, no run',1758808350877,0),(129,113658,NULL,NULL,NULL,NULL,NULL,NULL,NULL,NULL,NULL,NULL,NULL,NULL,NULL,NULL,2,NULL,42.5,257,'NONE','van Beek to Saif Zaib, 1 run',1758808314055,0),(130,113658,NULL,NULL,NULL,NULL,NULL,NULL,NULL,NULL,NULL,NULL,NULL,NULL,NULL,NULL,2,NULL,42.4,256,'NONE','van Beek to Saif Zaib, no run',1758808270935,0),(131,113658,NULL,NULL,NULL,NULL,NULL,NULL,NULL,NULL,NULL,NULL,NULL,NULL,NULL,NULL,2,NULL,42.3,255,'NONE','van Beek to Saif Zaib, no run',1758808240474,0),(132,113658,NULL,NULL,NULL,NULL,NULL,NULL,NULL,NULL,NULL,NULL,NULL,NULL,NULL,NULL,2,NULL,42.2,254,'NONE','van Beek to Saif Zaib, no run',1758808209277,0),(133,113658,NULL,NULL,NULL,NULL,NULL,NULL,NULL,NULL,NULL,NULL,NULL,NULL,NULL,NULL,2,NULL,42.1,253,'NONE','van Beek to Saif Zaib, no run',1758808174272,0),(134,113658,NULL,NULL,NULL,NULL,NULL,NULL,NULL,NULL,NULL,NULL,NULL,NULL,NULL,NULL,2,NULL,41.6,252,'over-break','Trevaskis to Stuart van der Merwe, no run',1758808110456,0),(135,113658,NULL,NULL,NULL,NULL,NULL,NULL,NULL,NULL,NULL,NULL,NULL,NULL,NULL,NULL,2,NULL,41.5,251,'NONE','Trevaskis to Stuart van der Merwe, no run',1758808090790,0),(136,113658,NULL,NULL,NULL,NULL,NULL,NULL,NULL,NULL,NULL,NULL,NULL,NULL,NULL,NULL,2,NULL,41.4,250,'NONE','Trevaskis to Stuart van der Merwe, 2 runs',1758808067393,0),(137,113658,NULL,NULL,NULL,NULL,NULL,NULL,NULL,NULL,NULL,NULL,NULL,NULL,NULL,NULL,2,NULL,41.3,249,'NONE','Trevaskis to Stuart van der Merwe, no run',1758808040602,0),(138,113658,NULL,NULL,NULL,NULL,NULL,NULL,NULL,NULL,NULL,NULL,NULL,NULL,NULL,NULL,2,NULL,41.2,248,'NONE','Trevaskis to Saif Zaib, 1 run',1758808010294,0),(139,113658,NULL,NULL,NULL,NULL,NULL,NULL,NULL,NULL,NULL,NULL,NULL,NULL,NULL,NULL,2,NULL,41.1,247,'NONE','Trevaskis to Saif Zaib, no run',1758807984907,0),(140,113658,NULL,NULL,NULL,NULL,NULL,NULL,NULL,NULL,NULL,NULL,NULL,NULL,NULL,NULL,2,NULL,40.6,246,'over-break','van Beek to Stuart van der Merwe, no run',1758807931593,0),(141,113676,NULL,NULL,NULL,NULL,NULL,NULL,NULL,NULL,NULL,NULL,NULL,NULL,NULL,NULL,2,NULL,74.6,450,'over-break','Kiran Carlson to Balderson, no run',1758808508781,0),(142,113676,NULL,NULL,NULL,NULL,NULL,NULL,NULL,NULL,NULL,NULL,NULL,NULL,NULL,NULL,2,NULL,74.5,449,'NONE','Kiran Carlson to Balderson, no run',1758808508533,0),(143,113676,NULL,NULL,NULL,NULL,NULL,NULL,NULL,NULL,NULL,NULL,NULL,NULL,NULL,NULL,2,NULL,74.4,448,'NONE','Kiran Carlson to Matthew Hurst, 1 run',1758808507434,0),(144,113676,NULL,NULL,NULL,NULL,NULL,NULL,NULL,NULL,NULL,NULL,NULL,NULL,NULL,NULL,2,NULL,74.3,447,'FOUR','Kiran Carlson to Matthew Hurst, B0$',1758808506210,0),(145,113676,NULL,NULL,NULL,NULL,NULL,NULL,NULL,NULL,NULL,NULL,NULL,NULL,NULL,NULL,2,NULL,74.2,446,'NONE','Kiran Carlson to Matthew Hurst, no run',1758808503973,0),(146,113676,NULL,NULL,NULL,NULL,NULL,NULL,NULL,NULL,NULL,NULL,NULL,NULL,NULL,NULL,2,NULL,74.1,445,'NONE','Kiran Carlson to Matthew Hurst, no run',1758808503689,0),(147,113676,NULL,NULL,NULL,NULL,NULL,NULL,NULL,NULL,NULL,NULL,NULL,NULL,NULL,NULL,2,NULL,73.6,444,'over-break','Zain-ul-Hassan to Matthew Hurst, 1 run',1758808457226,0),(148,113676,NULL,NULL,NULL,NULL,NULL,NULL,NULL,NULL,NULL,NULL,NULL,NULL,NULL,NULL,2,NULL,73.5,443,'NONE','Zain-ul-Hassan to Balderson, 1 run',1758808455149,0),(149,113676,NULL,NULL,NULL,NULL,NULL,NULL,NULL,NULL,NULL,NULL,NULL,NULL,NULL,NULL,2,NULL,73.4,442,'NONE','Zain-ul-Hassan to Balderson, no run',1758808453639,0),(150,113676,NULL,NULL,NULL,NULL,NULL,NULL,NULL,NULL,NULL,NULL,NULL,NULL,NULL,NULL,2,NULL,73.3,441,'NONE','Zain-ul-Hassan to Balderson, no run',1758808453384,0),(151,113676,NULL,NULL,NULL,NULL,NULL,NULL,NULL,NULL,NULL,NULL,NULL,NULL,NULL,NULL,2,NULL,0,0,'NONE','B0$',1758808451436,0),(152,113676,NULL,NULL,NULL,NULL,NULL,NULL,NULL,NULL,NULL,NULL,NULL,NULL,NULL,NULL,2,NULL,73.2,440,'WICKET','Zain-ul-Hassan to Michael Jones, B0$ Lbw!! B1$',1758808449618,0),(153,113676,NULL,NULL,NULL,NULL,NULL,NULL,NULL,NULL,NULL,NULL,NULL,NULL,NULL,NULL,2,NULL,0,0,'NONE','Zain-ul-Hassan to Michael Jones, B0$ Lbw!!',1758808448968,0),(154,113676,NULL,NULL,NULL,NULL,NULL,NULL,NULL,NULL,NULL,NULL,NULL,NULL,NULL,NULL,2,NULL,73.1,439,'NONE','Zain-ul-Hassan to Michael Jones, no run',1758808447376,0),(155,113676,NULL,NULL,NULL,NULL,NULL,NULL,NULL,NULL,NULL,NULL,NULL,NULL,NULL,NULL,2,NULL,0,0,'NONE','B0$',1758808445627,0),(156,113676,NULL,NULL,NULL,NULL,NULL,NULL,NULL,NULL,NULL,NULL,NULL,NULL,NULL,NULL,2,NULL,72.6,438,'over-break','Kiran Carlson to Matthew Hurst, no run',1758808438111,0),(157,113676,NULL,NULL,NULL,NULL,NULL,NULL,NULL,NULL,NULL,NULL,NULL,NULL,NULL,NULL,2,NULL,72.5,437,'NONE','Kiran Carlson to Matthew Hurst, no run',1758808437216,0),(158,113676,NULL,NULL,NULL,NULL,NULL,NULL,NULL,NULL,NULL,NULL,NULL,NULL,NULL,NULL,2,NULL,72.4,436,'NONE','Kiran Carlson to Matthew Hurst, no run',1758808436954,0),(159,113676,NULL,NULL,NULL,NULL,NULL,NULL,NULL,NULL,NULL,NULL,NULL,NULL,NULL,NULL,2,NULL,72.3,435,'NONE','Kiran Carlson to Matthew Hurst, no run',1758808436654,0),(160,113676,NULL,NULL,NULL,NULL,NULL,NULL,NULL,NULL,NULL,NULL,NULL,NULL,NULL,NULL,2,NULL,72.2,434,'NONE','Kiran Carlson to Matthew Hurst, no run',1758808436373,0),(161,113661,NULL,NULL,NULL,NULL,NULL,NULL,NULL,NULL,NULL,NULL,NULL,NULL,NULL,NULL,1,NULL,0,0,'NONE','B0$ Derbyshire 698/6 d (145)',1758807627825,0),(162,113661,NULL,NULL,NULL,NULL,NULL,NULL,NULL,NULL,NULL,NULL,NULL,NULL,NULL,NULL,1,NULL,144.6,870,'over-break,FOUR','Ekansh Singh to Amrit Basra, byes, B0$',1758807382195,0),(163,113661,NULL,NULL,NULL,NULL,NULL,NULL,NULL,NULL,NULL,NULL,NULL,NULL,NULL,NULL,1,NULL,144.5,869,'NONE','Ekansh Singh to Anuj Dal, 1 run',1758807379020,0),(164,113661,NULL,NULL,NULL,NULL,NULL,NULL,NULL,NULL,NULL,NULL,NULL,NULL,NULL,NULL,1,NULL,144.4,868,'NONE','Ekansh Singh to Anuj Dal, no run',1758807375975,0),(165,113661,NULL,NULL,NULL,NULL,NULL,NULL,NULL,NULL,NULL,NULL,NULL,NULL,NULL,NULL,1,NULL,144.3,867,'NONE','Ekansh Singh to Amrit Basra, 1 run',1758807374927,0),(166,113661,NULL,NULL,NULL,NULL,NULL,NULL,NULL,NULL,NULL,NULL,NULL,NULL,NULL,NULL,1,NULL,144.2,866,'NONE','Ekansh Singh to Anuj Dal, 1 run',1758807372553,0),(167,113661,NULL,NULL,NULL,NULL,NULL,NULL,NULL,NULL,NULL,NULL,NULL,NULL,NULL,NULL,1,NULL,144.1,865,'NONE','Ekansh Singh to Anuj Dal, no run',1758807371288,0),(168,113661,NULL,NULL,NULL,NULL,NULL,NULL,NULL,NULL,NULL,NULL,NULL,NULL,NULL,NULL,1,NULL,143.6,864,'over-break,FOUR','Oliver Curtiss to Amrit Basra, B0$',1758807366840,0),(169,113661,NULL,NULL,NULL,NULL,NULL,NULL,NULL,NULL,NULL,NULL,NULL,NULL,NULL,NULL,1,NULL,143.5,863,'FIFTY','Oliver Curtiss to Anuj Dal, 1 run',1758807365484,0),(170,113661,NULL,NULL,NULL,NULL,NULL,NULL,NULL,NULL,NULL,NULL,NULL,NULL,NULL,NULL,1,NULL,143.4,862,'FOUR','Oliver Curtiss to Anuj Dal, B0$',1758807363001,0),(171,113661,NULL,NULL,NULL,NULL,NULL,NULL,NULL,NULL,NULL,NULL,NULL,NULL,NULL,NULL,1,NULL,143.3,861,'NONE','Oliver Curtiss to Anuj Dal, no run',1758807361484,0),(172,113661,NULL,NULL,NULL,NULL,NULL,NULL,NULL,NULL,NULL,NULL,NULL,NULL,NULL,NULL,1,NULL,143.2,860,'NONE','Oliver Curtiss to Amrit Basra, 1 run',1758807360282,0),(173,113661,NULL,NULL,NULL,NULL,NULL,NULL,NULL,NULL,NULL,NULL,NULL,NULL,NULL,NULL,1,NULL,143.1,859,'FOUR','Oliver Curtiss to Amrit Basra, B0$',1758807358979,0),(174,113661,NULL,NULL,NULL,NULL,NULL,NULL,NULL,NULL,NULL,NULL,NULL,NULL,NULL,NULL,1,NULL,142.6,858,'over-break','Ekansh Singh to Anuj Dal, no run',1758807057854,0),(175,113661,NULL,NULL,NULL,NULL,NULL,NULL,NULL,NULL,NULL,NULL,NULL,NULL,NULL,NULL,1,NULL,142.5,857,'NONE','Ekansh Singh to Amrit Basra, 1 run',1758807056548,0),(176,113661,NULL,NULL,NULL,NULL,NULL,NULL,NULL,NULL,NULL,NULL,NULL,NULL,NULL,NULL,1,NULL,142.4,856,'NONE','Ekansh Singh to Anuj Dal, 1 run',1758807055361,0),(177,113661,NULL,NULL,NULL,NULL,NULL,NULL,NULL,NULL,NULL,NULL,NULL,NULL,NULL,NULL,1,NULL,142.3,855,'NONE','Ekansh Singh to Amrit Basra, 1 run',1758807052781,0),(178,113661,NULL,NULL,NULL,NULL,NULL,NULL,NULL,NULL,NULL,NULL,NULL,NULL,NULL,NULL,1,NULL,142.2,854,'NONE','Ekansh Singh to Amrit Basra, no run',1758807051276,0),(179,113661,NULL,NULL,NULL,NULL,NULL,NULL,NULL,NULL,NULL,NULL,NULL,NULL,NULL,NULL,1,NULL,142.1,853,'NONE','Ekansh Singh to Anuj Dal, 1 run',1758807050077,0),(180,113661,NULL,NULL,NULL,NULL,NULL,NULL,NULL,NULL,NULL,NULL,NULL,NULL,NULL,NULL,1,NULL,0,0,'NONE','B0$',1758807047255,0),(181,133858,NULL,NULL,NULL,NULL,NULL,NULL,NULL,NULL,NULL,NULL,NULL,NULL,NULL,NULL,1,NULL,0,0,'NONE','B0$Boland 258/1 (67)',1758807828979,0),(182,133858,NULL,NULL,NULL,NULL,NULL,NULL,NULL,NULL,NULL,NULL,NULL,NULL,NULL,NULL,1,NULL,0,0,'NONE','B0$ Boland 98/1 (30)',1758796826838,0),(183,133858,NULL,NULL,NULL,NULL,NULL,NULL,NULL,NULL,NULL,NULL,NULL,NULL,NULL,NULL,0,NULL,0,0,'NONE','B0$',1758790193181,0),(184,133858,NULL,NULL,NULL,NULL,NULL,NULL,NULL,NULL,NULL,NULL,NULL,NULL,NULL,NULL,0,NULL,0,0,'NONE','B0$',1758790181789,0),(185,133858,NULL,NULL,NULL,NULL,NULL,NULL,NULL,NULL,NULL,NULL,NULL,NULL,NULL,NULL,0,NULL,0,0,'NONE','B0$ (Playing XI): Neil Brand, Lesego Senokwane, Keegan Petersen, Lhuan-dre Pretorius, Rivaldo Moonsamy(w), Sibonelo Makhanya, Donovan Ferreira(c), Dayyaan Galiem, Janco Smit, Tsepo Ndwandwa, Merrick Brett',1758790177233,0),(186,133858,NULL,NULL,NULL,NULL,NULL,NULL,NULL,NULL,NULL,NULL,NULL,NULL,NULL,NULL,0,NULL,0,0,'NONE','B0$ (Playing XI): Grant Roelofsen, Pieter Malan, Gavin Kaplan, Aviwe Mgijima, Clyde Fortuin(w/c), Lehan Botha, Jhedli van Briesies, Shaun von Berg, Glenton Stuurman, Nathan Jacobs, Akhona Mnyaka',1758790117782,0),(187,133858,NULL,NULL,NULL,NULL,NULL,NULL,NULL,NULL,NULL,NULL,NULL,NULL,NULL,NULL,0,NULL,0,0,'NONE','B0$',1758790052323,0),(188,133858,NULL,NULL,NULL,NULL,NULL,NULL,NULL,NULL,NULL,NULL,NULL,NULL,NULL,NULL,0,NULL,0,0,'NONE','B0$',1758789933226,0),(189,133858,NULL,NULL,NULL,NULL,NULL,NULL,NULL,NULL,NULL,NULL,NULL,NULL,NULL,NULL,0,NULL,0,0,'NONE','B0$ Squad: Dayyaan Galiem, Sibonelo Makhanya, Keegan Petersen, Rivaldo Moonsamy(w), Neil Brand, Tsepo Ndwandwa, Donovan Ferreira(c), Merrick Brett, Lesego Senokwane, Lhuan-dre Pretorius, Janco Smit',1758789930051,0),(190,133858,NULL,NULL,NULL,NULL,NULL,NULL,NULL,NULL,NULL,NULL,NULL,NULL,NULL,NULL,0,NULL,0,0,'NONE','B0$ Squad: Clyde Fortuin(w/c), Shaun von Berg, Aviwe Mgijima, Pieter Malan, Akhona Mnyaka, Grant Roelofsen, Glenton Stuurman, Jhedli van Briesies, Gavin Kaplan, Lehan Botha, Nathan Jacobs',1758789907372,0),(191,133864,NULL,NULL,NULL,NULL,NULL,NULL,NULL,NULL,NULL,NULL,NULL,NULL,NULL,NULL,1,NULL,0,0,'NONE','B0$ Warriors 162/7 (58)',1758806627948,0),(192,133864,NULL,NULL,NULL,NULL,NULL,NULL,NULL,NULL,NULL,NULL,NULL,NULL,NULL,NULL,1,NULL,0,0,'NONE','B0$ Warriors 82/3 (28)',1758797254281,0),(193,133864,NULL,NULL,NULL,NULL,NULL,NULL,NULL,NULL,NULL,NULL,NULL,NULL,NULL,NULL,0,NULL,0,0,'NONE','B0$',1758790838464,0),(194,133864,NULL,NULL,NULL,NULL,NULL,NULL,NULL,NULL,NULL,NULL,NULL,NULL,NULL,NULL,0,NULL,0,0,'NONE','B0$',1758790832965,0),(195,133864,NULL,NULL,NULL,NULL,NULL,NULL,NULL,NULL,NULL,NULL,NULL,NULL,NULL,NULL,0,NULL,0,0,'NONE','B0$ (Playing XI): Jiveshan Pillay, Edward Moore, Joshua van Heerden, Sello Valentine Kitime, Daniel Smith(w), Mihlali Mpongwana, Oliver Whitehead, Kyle Simmonds, Beuran Hendricks(c), Tshepo Moreki, Dane Paterson',1758790830576,0),(196,133864,NULL,NULL,NULL,NULL,NULL,NULL,NULL,NULL,NULL,NULL,NULL,NULL,NULL,NULL,0,NULL,0,0,'NONE','B0$ (Playing XI): Jordan Hermann, Modiri Litheko, Muhammad Manack, Matthew Breetzke(c), Sinethemba Qeshile(w), Patrick Kruger, Thomas Kaber, Matthew Boast, Duanne Olivier, Wesley Bedja, Ntando Soni',1758790783346,0),(197,133864,NULL,NULL,NULL,NULL,NULL,NULL,NULL,NULL,NULL,NULL,NULL,NULL,NULL,NULL,0,NULL,0,0,'NONE','B0$',1758790725272,0),(198,133864,NULL,NULL,NULL,NULL,NULL,NULL,NULL,NULL,NULL,NULL,NULL,NULL,NULL,NULL,0,NULL,0,0,'NONE','B0$',1758790633157,0),(199,133864,NULL,NULL,NULL,NULL,NULL,NULL,NULL,NULL,NULL,NULL,NULL,NULL,NULL,NULL,0,NULL,0,0,'NONE','B0$ Squad: Edward Moore, Tshepo Moreki, Daniel Smith(w), Kyle Simmonds, Dane Paterson, Jiveshan Pillay, Mihlali Mpongwana, Beuran Hendricks(c), Joshua van Heerden, Oliver Whitehead, Sello Valentine Kitime',1758790630640,0),(200,133864,NULL,NULL,NULL,NULL,NULL,NULL,NULL,NULL,NULL,NULL,NULL,NULL,NULL,NULL,0,NULL,0,0,'NONE','B0$ Squad: Matthew Breetzke(c), Duanne Olivier, Patrick Kruger, Thomas Kaber, Sinethemba Qeshile(w), Modiri Litheko, Jordan Hermann, Matthew Boast, Muhammad Manack, Wesley Bedja, Ntando Soni',1758790607815,0),(201,133869,NULL,NULL,NULL,NULL,NULL,NULL,NULL,NULL,NULL,NULL,NULL,NULL,NULL,NULL,1,NULL,0,0,'NONE','B0$KwaZulu-Natal Inland 181/5 (50)',1758806893037,0),(202,133869,NULL,NULL,NULL,NULL,NULL,NULL,NULL,NULL,NULL,NULL,NULL,NULL,NULL,NULL,1,NULL,0,0,'NONE','B0$ KwaZulu-Natal Inland 82/4 (26)',1758797854325,0),(203,133869,NULL,NULL,NULL,NULL,NULL,NULL,NULL,NULL,NULL,NULL,NULL,NULL,NULL,NULL,0,NULL,0,0,'NONE','B0$',1758794455426,0),(204,133869,NULL,NULL,NULL,NULL,NULL,NULL,NULL,NULL,NULL,NULL,NULL,NULL,NULL,NULL,0,NULL,0,0,'NONE','B0$',1758794442292,0),(205,133869,NULL,NULL,NULL,NULL,NULL,NULL,NULL,NULL,NULL,NULL,NULL,NULL,NULL,NULL,0,NULL,0,0,'NONE','B0$ (Playing XI): Kagiso Rapulana, Muhammed Bulbulia, Sean Gilson, Andile Mogakane, Michael Erlank(c), Cameron Shekleton(w), Malcolm Nofal, Bamanye Xenxe, Hardus Viljoen, Daryn Dupavillon, Ziyaad Abrahams',1758794437451,0),(206,133869,NULL,NULL,NULL,NULL,NULL,NULL,NULL,NULL,NULL,NULL,NULL,NULL,NULL,NULL,0,NULL,0,0,'NONE','B0$ (Playing XI): Meeka eel Prince, Lesiba Ngoepe, Raynard van Tonder, Wihan Lubbe(c), Rubin Hermann(w), Ruan de Swardt, Dian Forrester, Onke Nyaku, Jade de Klerk, Achille Cloete, Shimane Alfred Mothoa',1758794374480,0),(207,133869,NULL,NULL,NULL,NULL,NULL,NULL,NULL,NULL,NULL,NULL,NULL,NULL,NULL,NULL,0,NULL,0,0,'NONE','B0$',1758794295327,0),(208,133869,NULL,NULL,NULL,NULL,NULL,NULL,NULL,NULL,NULL,NULL,NULL,NULL,NULL,NULL,0,NULL,0,0,'NONE','B0$',1758794149563,0),(209,133869,NULL,NULL,NULL,NULL,NULL,NULL,NULL,NULL,NULL,NULL,NULL,NULL,NULL,NULL,0,NULL,0,0,'NONE','B0$ Squad: Hardus Viljoen, Michael Erlank(c), Malcolm Nofal, Daryn Dupavillon, Cameron Shekleton(w), Ziyaad Abrahams, Kagiso Rapulana, Bamanye Xenxe, Sean Gilson, Andile Mogakane, Muhammed Bulbulia',1758794146556,0),(210,133869,NULL,NULL,NULL,NULL,NULL,NULL,NULL,NULL,NULL,NULL,NULL,NULL,NULL,NULL,0,NULL,0,0,'NONE','B0$ Squad: Lesiba Ngoepe, Wihan Lubbe(c), Shimane Alfred Mothoa, Rubin Hermann(w), Raynard van Tonder, Jade de Klerk, Onke Nyaku, Achille Cloete, Ruan de Swardt, Meeka eel Prince, Dian Forrester',1758794105573,0),(211,113289,NULL,NULL,NULL,NULL,NULL,NULL,NULL,NULL,NULL,NULL,NULL,NULL,NULL,NULL,3,NULL,0,0,'NONE','B0$',1758980510858,0),(212,113289,NULL,NULL,NULL,NULL,NULL,NULL,NULL,NULL,NULL,NULL,NULL,NULL,NULL,NULL,3,NULL,44.5,269,'WICKET','George Hill to Rhodes, B0$ Lbw!! B1$',1758980476439,0),(213,113289,NULL,NULL,NULL,NULL,NULL,NULL,NULL,NULL,NULL,NULL,NULL,NULL,NULL,NULL,3,NULL,0,0,'NONE','George Hill to Rhodes, B0$ Lbw!!',1758980474406,0),(214,113289,NULL,NULL,NULL,NULL,NULL,NULL,NULL,NULL,NULL,NULL,NULL,NULL,NULL,NULL,3,NULL,44.4,268,'NONE','George Hill to Rhodes, no run',1758980472671,0),(215,113289,NULL,NULL,NULL,NULL,NULL,NULL,NULL,NULL,NULL,NULL,NULL,NULL,NULL,NULL,3,NULL,44.3,267,'NONE','George Hill to Rhodes, no run',1758980470934,0),(216,113289,NULL,NULL,NULL,NULL,NULL,NULL,NULL,NULL,NULL,NULL,NULL,NULL,NULL,NULL,3,NULL,44.2,266,'NONE','George Hill to Rhodes, no run',1758980370161,0),(217,113289,NULL,NULL,NULL,NULL,NULL,NULL,NULL,NULL,NULL,NULL,NULL,NULL,NULL,NULL,3,NULL,44.1,265,'NONE','George Hill to Rhodes, 2 runs',1758980366469,0),(218,113289,NULL,NULL,NULL,NULL,NULL,NULL,NULL,NULL,NULL,NULL,NULL,NULL,NULL,NULL,3,NULL,0,0,'NONE','B0$',1758980352457,0),(219,113289,NULL,NULL,NULL,NULL,NULL,NULL,NULL,NULL,NULL,NULL,NULL,NULL,NULL,NULL,3,NULL,43.6,264,'over-break,WICKET','Dom Bess to Daniel Hogg, B0$ Caught by Bairstow!! B1$',1758980350286,0),(220,113289,NULL,NULL,NULL,NULL,NULL,NULL,NULL,NULL,NULL,NULL,NULL,NULL,NULL,NULL,3,NULL,0,0,'NONE','Dom Bess to Daniel Hogg, B0$ Caught!!',1758980348121,0),(221,113289,NULL,NULL,NULL,NULL,NULL,NULL,NULL,NULL,NULL,NULL,NULL,NULL,NULL,NULL,3,NULL,0,0,'NONE','B0$',1758980340479,0),(222,113289,NULL,NULL,NULL,NULL,NULL,NULL,NULL,NULL,NULL,NULL,NULL,NULL,NULL,NULL,3,NULL,43.5,263,'WICKET','Dom Bess to Potts, B0$ Caught by Finlay Bean!! B1$',1758980141111,0),(223,113289,NULL,NULL,NULL,NULL,NULL,NULL,NULL,NULL,NULL,NULL,NULL,NULL,NULL,NULL,3,NULL,0,0,'NONE','Dom Bess to Potts, B0$ Caught!!',1758980139629,0),(224,113289,NULL,NULL,NULL,NULL,NULL,NULL,NULL,NULL,NULL,NULL,NULL,NULL,NULL,NULL,3,NULL,43.4,262,'NONE','Dom Bess to Potts, no run',1758980131459,0),(225,113289,NULL,NULL,NULL,NULL,NULL,NULL,NULL,NULL,NULL,NULL,NULL,NULL,NULL,NULL,3,NULL,43.3,261,'NONE','Dom Bess to Potts, no run',1758980129941,0),(226,113289,NULL,NULL,NULL,NULL,NULL,NULL,NULL,NULL,NULL,NULL,NULL,NULL,NULL,NULL,3,NULL,0,0,'NONE','B0$',1758980127822,0),(227,113289,NULL,NULL,NULL,NULL,NULL,NULL,NULL,NULL,NULL,NULL,NULL,NULL,NULL,NULL,3,NULL,43.2,260,'WICKET','Dom Bess to Ben Raine, B0$ Caught by Matthew Revis!! B1$',1758980126131,0),(228,113289,NULL,NULL,NULL,NULL,NULL,NULL,NULL,NULL,NULL,NULL,NULL,NULL,NULL,NULL,3,NULL,0,0,'NONE','Dom Bess to Ben Raine, B0$ Caught!!',1758980123867,0),(229,113289,NULL,NULL,NULL,NULL,NULL,NULL,NULL,NULL,NULL,NULL,NULL,NULL,NULL,NULL,3,NULL,43.1,259,'NONE','Dom Bess to Ben Raine, no run',1758980117365,0),(230,113289,NULL,NULL,NULL,NULL,NULL,NULL,NULL,NULL,NULL,NULL,NULL,NULL,NULL,NULL,3,NULL,42.6,258,'over-break','George Hill to Rhodes, no run',1758980111522,0),(231,113274,NULL,NULL,NULL,NULL,NULL,NULL,NULL,NULL,NULL,NULL,NULL,NULL,NULL,NULL,4,NULL,0,0,'NONE','B0$',1758967086341,0),(232,113274,NULL,NULL,NULL,NULL,NULL,NULL,NULL,NULL,NULL,NULL,NULL,NULL,NULL,NULL,4,NULL,58.6,354,'over-break,WICKET','Rahul Chahar to J Fuller, B0$ Caught by Foakes!! B1$',1758967026000,0),(233,113274,NULL,NULL,NULL,NULL,NULL,NULL,NULL,NULL,NULL,NULL,NULL,NULL,NULL,NULL,4,NULL,0,0,'NONE','Rahul Chahar to J Fuller, B0$ Caught!!',1758967022609,0),(234,113274,NULL,NULL,NULL,NULL,NULL,NULL,NULL,NULL,NULL,NULL,NULL,NULL,NULL,NULL,4,NULL,58.5,353,'NONE','Rahul Chahar to J Fuller, no run',1758967017010,0),(235,113274,NULL,NULL,NULL,NULL,NULL,NULL,NULL,NULL,NULL,NULL,NULL,NULL,NULL,NULL,4,NULL,58.4,352,'NONE','Rahul Chahar to J Fuller, no run',1758967014796,0),(236,113274,NULL,NULL,NULL,NULL,NULL,NULL,NULL,NULL,NULL,NULL,NULL,NULL,NULL,NULL,4,NULL,58.3,351,'NONE','Rahul Chahar to J Fuller, no run',1758967012590,0),(237,113274,NULL,NULL,NULL,NULL,NULL,NULL,NULL,NULL,NULL,NULL,NULL,NULL,NULL,NULL,4,NULL,58.2,350,'NONE','Rahul Chahar to J Fuller, no run',1758967010218,0),(238,113274,NULL,NULL,NULL,NULL,NULL,NULL,NULL,NULL,NULL,NULL,NULL,NULL,NULL,NULL,4,NULL,58.1,349,'NONE','Rahul Chahar to J Fuller, no run',1758967007566,0),(239,113274,NULL,NULL,NULL,NULL,NULL,NULL,NULL,NULL,NULL,NULL,NULL,NULL,NULL,NULL,4,NULL,57.6,348,'over-break','Dan Lawrence to Wheal, no run',1758967005126,0),(240,113274,NULL,NULL,NULL,NULL,NULL,NULL,NULL,NULL,NULL,NULL,NULL,NULL,NULL,NULL,4,NULL,57.5,347,'NONE','Dan Lawrence to Wheal, no run',1758967001955,0),(241,113274,NULL,NULL,NULL,NULL,NULL,NULL,NULL,NULL,NULL,NULL,NULL,NULL,NULL,NULL,4,NULL,57.4,346,'NONE','Dan Lawrence to Wheal, no run',1758966999632,0),(242,113274,NULL,NULL,NULL,NULL,NULL,NULL,NULL,NULL,NULL,NULL,NULL,NULL,NULL,NULL,4,NULL,57.3,345,'NONE','Dan Lawrence to Wheal, no run',1758966997654,0),(243,113274,NULL,NULL,NULL,NULL,NULL,NULL,NULL,NULL,NULL,NULL,NULL,NULL,NULL,NULL,4,NULL,57.2,344,'NONE','Dan Lawrence to J Fuller, 1 run',1758966688911,0),(244,113274,NULL,NULL,NULL,NULL,NULL,NULL,NULL,NULL,NULL,NULL,NULL,NULL,NULL,NULL,4,NULL,57.1,343,'NONE','Dan Lawrence to J Fuller, no run',1758966686566,0),(245,113274,NULL,NULL,NULL,NULL,NULL,NULL,NULL,NULL,NULL,NULL,NULL,NULL,NULL,NULL,4,NULL,56.6,342,'over-break','Rahul Chahar to J Fuller, 1 run',1758966683954,0),(246,113274,NULL,NULL,NULL,NULL,NULL,NULL,NULL,NULL,NULL,NULL,NULL,NULL,NULL,NULL,4,NULL,56.5,341,'NONE','Rahul Chahar to J Fuller, no run',1758966496951,0),(247,113274,NULL,NULL,NULL,NULL,NULL,NULL,NULL,NULL,NULL,NULL,NULL,NULL,NULL,NULL,4,NULL,56.4,340,'NONE','Rahul Chahar to J Fuller, no run',1758966494528,0),(248,113274,NULL,NULL,NULL,NULL,NULL,NULL,NULL,NULL,NULL,NULL,NULL,NULL,NULL,NULL,4,NULL,56.3,339,'NONE','Rahul Chahar to J Fuller, no run',1758966492240,0),(249,113274,NULL,NULL,NULL,NULL,NULL,NULL,NULL,NULL,NULL,NULL,NULL,NULL,NULL,NULL,4,NULL,56.2,338,'NONE','Rahul Chahar to J Fuller, no run',1758966489632,0),(250,113274,NULL,NULL,NULL,NULL,NULL,NULL,NULL,NULL,NULL,NULL,NULL,NULL,NULL,NULL,4,NULL,56.1,337,'NONE','Rahul Chahar to J Fuller, no run',1758966487666,0),(251,113262,NULL,NULL,NULL,NULL,NULL,NULL,NULL,NULL,NULL,NULL,NULL,NULL,NULL,NULL,4,NULL,0,0,'NONE','B0$',1758970136799,0),(252,113262,NULL,NULL,NULL,NULL,NULL,NULL,NULL,NULL,NULL,NULL,NULL,NULL,NULL,NULL,4,NULL,18.1,109,'SIX','Jake Ball to Charlie Allison, B0$',1758970073569,0),(253,113262,NULL,NULL,NULL,NULL,NULL,NULL,NULL,NULL,NULL,NULL,NULL,NULL,NULL,NULL,4,NULL,17.6,108,'over-break','Gregory to Critchley, no run',1758970070532,0),(254,113262,NULL,NULL,NULL,NULL,NULL,NULL,NULL,NULL,NULL,NULL,NULL,NULL,NULL,NULL,4,NULL,17.5,107,'NONE','Gregory to Critchley, no run',1758970040690,0),(255,113262,NULL,NULL,NULL,NULL,NULL,NULL,NULL,NULL,NULL,NULL,NULL,NULL,NULL,NULL,4,NULL,17.4,106,'NONE','Gregory to Critchley, no run',1758970039868,0),(256,113262,NULL,NULL,NULL,NULL,NULL,NULL,NULL,NULL,NULL,NULL,NULL,NULL,NULL,NULL,4,NULL,17.3,105,'NONE','Gregory to Critchley, no run',1758970038049,0),(257,113262,NULL,NULL,NULL,NULL,NULL,NULL,NULL,NULL,NULL,NULL,NULL,NULL,NULL,NULL,4,NULL,17.2,104,'NONE','Gregory to Critchley, no run',1758970035984,0),(258,113262,NULL,NULL,NULL,NULL,NULL,NULL,NULL,NULL,NULL,NULL,NULL,NULL,NULL,NULL,4,NULL,17.1,103,'NONE','Gregory to Critchley, no run',1758970032765,0),(259,113262,NULL,NULL,NULL,NULL,NULL,NULL,NULL,NULL,NULL,NULL,NULL,NULL,NULL,NULL,4,NULL,16.6,102,'over-break','Jake Ball to Charlie Allison, no run',1758970030639,0),(260,113262,NULL,NULL,NULL,NULL,NULL,NULL,NULL,NULL,NULL,NULL,NULL,NULL,NULL,NULL,4,NULL,16.5,101,'SIX','Jake Ball to Charlie Allison, B0$',1758970028260,0),(261,113262,NULL,NULL,NULL,NULL,NULL,NULL,NULL,NULL,NULL,NULL,NULL,NULL,NULL,NULL,4,NULL,16.4,100,'NONE','Jake Ball to Critchley, 1 run',1758970025120,0),(262,113262,NULL,NULL,NULL,NULL,NULL,NULL,NULL,NULL,NULL,NULL,NULL,NULL,NULL,NULL,4,NULL,16.3,99,'FOUR','Jake Ball to Critchley, B0$',1758970022168,0),(263,113262,NULL,NULL,NULL,NULL,NULL,NULL,NULL,NULL,NULL,NULL,NULL,NULL,NULL,NULL,4,NULL,16.2,98,'NONE','Jake Ball to Critchley, no run',1758970018934,0),(264,113262,NULL,NULL,NULL,NULL,NULL,NULL,NULL,NULL,NULL,NULL,NULL,NULL,NULL,NULL,4,NULL,16.1,97,'NONE','Jake Ball to Critchley, 2 runs',1758969702112,0),(265,113262,NULL,NULL,NULL,NULL,NULL,NULL,NULL,NULL,NULL,NULL,NULL,NULL,NULL,NULL,4,NULL,15.6,96,'over-break','Gregory to Charlie Allison, no run',1758969698830,0),(266,113262,NULL,NULL,NULL,NULL,NULL,NULL,NULL,NULL,NULL,NULL,NULL,NULL,NULL,NULL,4,NULL,15.5,95,'NONE','Gregory to Charlie Allison, no run',1758969559338,0),(267,113262,NULL,NULL,NULL,NULL,NULL,NULL,NULL,NULL,NULL,NULL,NULL,NULL,NULL,NULL,4,NULL,15.4,94,'NONE','Gregory to Charlie Allison, no run',1758969555760,0),(268,113262,NULL,NULL,NULL,NULL,NULL,NULL,NULL,NULL,NULL,NULL,NULL,NULL,NULL,NULL,4,NULL,15.3,93,'FOUR','Gregory to Charlie Allison, B0$',1758969552858,0),(269,113262,NULL,NULL,NULL,NULL,NULL,NULL,NULL,NULL,NULL,NULL,NULL,NULL,NULL,NULL,4,NULL,15.2,92,'NONE','Gregory to Charlie Allison, no run',1758969549672,0),(270,113262,NULL,NULL,NULL,NULL,NULL,NULL,NULL,NULL,NULL,NULL,NULL,NULL,NULL,NULL,4,NULL,15.1,91,'NONE','Gregory to Charlie Allison, 2 runs',1758969543205,0),(271,113280,NULL,NULL,NULL,NULL,NULL,NULL,NULL,NULL,NULL,NULL,NULL,NULL,NULL,NULL,4,NULL,0,0,'NONE','B0$ Result- Sussex won by 3 wkts',1758885853948,0),(272,113280,NULL,NULL,NULL,NULL,NULL,NULL,NULL,NULL,NULL,NULL,NULL,NULL,NULL,NULL,4,NULL,15.2,92,'FOUR','Matthew Waite to Robinson, B0$',1758885797382,0),(273,113280,NULL,NULL,NULL,NULL,NULL,NULL,NULL,NULL,NULL,NULL,NULL,NULL,NULL,NULL,4,NULL,0,0,'NONE','B0$',1758885793420,0),(274,113280,NULL,NULL,NULL,NULL,NULL,NULL,NULL,NULL,NULL,NULL,NULL,NULL,NULL,NULL,4,NULL,15.1,91,'WICKET','Matthew Waite to J Carson, B0$ Lbw!! B1$',1758885588858,0),(275,113280,NULL,NULL,NULL,NULL,NULL,NULL,NULL,NULL,NULL,NULL,NULL,NULL,NULL,NULL,4,NULL,0,0,'NONE','Matthew Waite to J Carson, B0$ Lbw!!',1758885587915,0),(276,113280,NULL,NULL,NULL,NULL,NULL,NULL,NULL,NULL,NULL,NULL,NULL,NULL,NULL,NULL,4,NULL,14.6,90,'over-break,FOUR','Tom Taylor to Lamb, B0$',1758885491600,0),(277,113280,NULL,NULL,NULL,NULL,NULL,NULL,NULL,NULL,NULL,NULL,NULL,NULL,NULL,NULL,4,NULL,14.5,89,'NONE','Tom Taylor to Lamb, no run',1758885489279,0),(278,113280,NULL,NULL,NULL,NULL,NULL,NULL,NULL,NULL,NULL,NULL,NULL,NULL,NULL,NULL,4,NULL,0,0,'NONE','B0$',1758885487516,0),(279,113280,NULL,NULL,NULL,NULL,NULL,NULL,NULL,NULL,NULL,NULL,NULL,NULL,NULL,NULL,4,NULL,14.4,88,'WICKET','Tom Taylor to Oliver Carter, B0$ Lbw!! B1$',1758885316882,0),(280,113280,NULL,NULL,NULL,NULL,NULL,NULL,NULL,NULL,NULL,NULL,NULL,NULL,NULL,NULL,4,NULL,0,0,'NONE','Tom Taylor to Oliver Carter, B0$ Lbw!!',1758885316141,0),(281,113280,NULL,NULL,NULL,NULL,NULL,NULL,NULL,NULL,NULL,NULL,NULL,NULL,NULL,NULL,4,NULL,14.3,87,'FOUR','Tom Taylor to Oliver Carter, B0$',1758885313929,0),(282,113280,NULL,NULL,NULL,NULL,NULL,NULL,NULL,NULL,NULL,NULL,NULL,NULL,NULL,NULL,4,NULL,14.2,86,'NONE','Tom Taylor to Oliver Carter, no run',1758885311471,0),(283,113280,NULL,NULL,NULL,NULL,NULL,NULL,NULL,NULL,NULL,NULL,NULL,NULL,NULL,NULL,4,NULL,14.1,85,'NONE','Tom Taylor to Oliver Carter, no run',1758885311185,0),(284,113280,NULL,NULL,NULL,NULL,NULL,NULL,NULL,NULL,NULL,NULL,NULL,NULL,NULL,NULL,4,NULL,13.6,84,'over-break,FOUR','Matthew Waite to J Carson, B0$',1758885225910,0),(285,113280,NULL,NULL,NULL,NULL,NULL,NULL,NULL,NULL,NULL,NULL,NULL,NULL,NULL,NULL,4,NULL,13.5,83,'NONE','Matthew Waite to J Carson, no run',1758885075421,0),(286,113280,NULL,NULL,NULL,NULL,NULL,NULL,NULL,NULL,NULL,NULL,NULL,NULL,NULL,NULL,4,NULL,13.4,82,'NONE','Matthew Waite to J Carson, no run',1758885075117,0),(287,113280,NULL,NULL,NULL,NULL,NULL,NULL,NULL,NULL,NULL,NULL,NULL,NULL,NULL,NULL,4,NULL,13.3,81,'NONE','Matthew Waite to Oliver Carter, 1 run',1758885074121,0),(288,113280,NULL,NULL,NULL,NULL,NULL,NULL,NULL,NULL,NULL,NULL,NULL,NULL,NULL,NULL,4,NULL,13.2,80,'NONE','Matthew Waite to J Carson, 1 run',1758885021183,0),(289,113280,NULL,NULL,NULL,NULL,NULL,NULL,NULL,NULL,NULL,NULL,NULL,NULL,NULL,NULL,4,NULL,0,0,'NONE','B0$',1758885015945,0),(290,113280,NULL,NULL,NULL,NULL,NULL,NULL,NULL,NULL,NULL,NULL,NULL,NULL,NULL,NULL,4,NULL,13.1,79,'WICKET','Matthew Waite to Simpson, B0$ Caught by Rehaan Edavalath!! B1$',1758885013674,0),(291,113271,NULL,NULL,NULL,NULL,NULL,NULL,NULL,NULL,NULL,NULL,NULL,NULL,NULL,NULL,4,NULL,0,0,'NONE','B0$',1758898578645,0),(292,113271,NULL,NULL,NULL,NULL,NULL,NULL,NULL,NULL,NULL,NULL,NULL,NULL,NULL,NULL,4,NULL,3.4,22,'FOUR','Gilchrist to Haseeb Hameed, B0$',1758898279084,0),(293,113271,NULL,NULL,NULL,NULL,NULL,NULL,NULL,NULL,NULL,NULL,NULL,NULL,NULL,NULL,4,NULL,3.3,21,'NONE','Gilchrist to Haseeb Hameed, no run',1758898276857,0),(294,113271,NULL,NULL,NULL,NULL,NULL,NULL,NULL,NULL,NULL,NULL,NULL,NULL,NULL,NULL,4,NULL,3.2,20,'NONE','Gilchrist to Haseeb Hameed, no run',1758898276525,0),(295,113271,NULL,NULL,NULL,NULL,NULL,NULL,NULL,NULL,NULL,NULL,NULL,NULL,NULL,NULL,4,NULL,3.1,19,'NONE','Gilchrist to Ben Slater, 1 run',1758898276071,0),(296,113271,NULL,NULL,NULL,NULL,NULL,NULL,NULL,NULL,NULL,NULL,NULL,NULL,NULL,NULL,4,NULL,2.6,18,'over-break','Michael Booth to Haseeb Hameed, no run',1758898224413,0),(297,113271,NULL,NULL,NULL,NULL,NULL,NULL,NULL,NULL,NULL,NULL,NULL,NULL,NULL,NULL,4,NULL,2.5,17,'NONE','Michael Booth to Haseeb Hameed, no run',1758898224071,0),(298,113271,NULL,NULL,NULL,NULL,NULL,NULL,NULL,NULL,NULL,NULL,NULL,NULL,NULL,NULL,4,NULL,2.4,16,'NONE','Michael Booth to Ben Slater, 1 run',1758898223727,0),(299,113271,NULL,NULL,NULL,NULL,NULL,NULL,NULL,NULL,NULL,NULL,NULL,NULL,NULL,NULL,4,NULL,2.3,15,'NONE','Michael Booth to Ben Slater, no run',1758898221915,0),(300,113271,NULL,NULL,NULL,NULL,NULL,NULL,NULL,NULL,NULL,NULL,NULL,NULL,NULL,NULL,4,NULL,2.2,14,'NONE','Michael Booth to Ben Slater, no run',1758898221578,0),(301,113271,NULL,NULL,NULL,NULL,NULL,NULL,NULL,NULL,NULL,NULL,NULL,NULL,NULL,NULL,4,NULL,2.1,13,'NONE','Michael Booth to Ben Slater, no run',1758898221296,0),(302,113271,NULL,NULL,NULL,NULL,NULL,NULL,NULL,NULL,NULL,NULL,NULL,NULL,NULL,NULL,4,NULL,1.6,12,'over-break','Gilchrist to Haseeb Hameed, no run',1758898188243,0),(303,113271,NULL,NULL,NULL,NULL,NULL,NULL,NULL,NULL,NULL,NULL,NULL,NULL,NULL,NULL,4,NULL,1.5,11,'NONE','Gilchrist to Haseeb Hameed, no run',1758898187884,0),(304,113271,NULL,NULL,NULL,NULL,NULL,NULL,NULL,NULL,NULL,NULL,NULL,NULL,NULL,NULL,4,NULL,1.4,10,'NONE','Gilchrist to Ben Slater, 1 run',1758898187498,0),(305,113271,NULL,NULL,NULL,NULL,NULL,NULL,NULL,NULL,NULL,NULL,NULL,NULL,NULL,NULL,4,NULL,1.3,9,'NONE','Gilchrist to Ben Slater, no run',1758898185516,0),(306,113271,NULL,NULL,NULL,NULL,NULL,NULL,NULL,NULL,NULL,NULL,NULL,NULL,NULL,NULL,4,NULL,1.2,8,'FOUR','Gilchrist to Ben Slater, B0$',1758898185036,0),(307,113271,NULL,NULL,NULL,NULL,NULL,NULL,NULL,NULL,NULL,NULL,NULL,NULL,NULL,NULL,4,NULL,1.1,7,'NONE','Gilchrist to Haseeb Hameed, 1 run',1758898183384,0),(308,113271,NULL,NULL,NULL,NULL,NULL,NULL,NULL,NULL,NULL,NULL,NULL,NULL,NULL,NULL,4,NULL,0,0,'NONE','B0$',1758898181321,0),(309,113271,NULL,NULL,NULL,NULL,NULL,NULL,NULL,NULL,NULL,NULL,NULL,NULL,NULL,NULL,4,NULL,0.6,6,'over-break,FOUR','Michael Booth to Ben Slater, B0$',1758898153842,0),(310,113271,NULL,NULL,NULL,NULL,NULL,NULL,NULL,NULL,NULL,NULL,NULL,NULL,NULL,NULL,4,NULL,0.5,5,'FOUR','Michael Booth to Ben Slater, B0$',1758898151895,0),(311,113670,NULL,NULL,NULL,NULL,NULL,NULL,NULL,NULL,NULL,NULL,NULL,NULL,NULL,NULL,3,NULL,0,0,'NONE','B0$',1758987572002,0),(312,113670,NULL,NULL,NULL,NULL,NULL,NULL,NULL,NULL,NULL,NULL,NULL,NULL,NULL,NULL,3,NULL,89.6,540,'over-break,WICKET','Zafar Gohar to de Lange, B0$ Caught by Cracknell!! B1$',1758987553585,0),(313,113670,NULL,NULL,NULL,NULL,NULL,NULL,NULL,NULL,NULL,NULL,NULL,NULL,NULL,NULL,3,NULL,0,0,'NONE','Zafar Gohar to de Lange, B0$ Caught!!',1758987551207,0),(314,113670,NULL,NULL,NULL,NULL,NULL,NULL,NULL,NULL,NULL,NULL,NULL,NULL,NULL,NULL,3,NULL,89.5,539,'SIX','Zafar Gohar to de Lange, B0$',1758987542866,0),(315,113670,NULL,NULL,NULL,NULL,NULL,NULL,NULL,NULL,NULL,NULL,NULL,NULL,NULL,NULL,3,NULL,89.4,538,'FOUR','Zafar Gohar to de Lange, B0$',1758987538958,0),(316,113670,NULL,NULL,NULL,NULL,NULL,NULL,NULL,NULL,NULL,NULL,NULL,NULL,NULL,NULL,3,NULL,89.3,537,'FOUR','Zafar Gohar to de Lange, B0$',1758987534825,0),(317,113670,NULL,NULL,NULL,NULL,NULL,NULL,NULL,NULL,NULL,NULL,NULL,NULL,NULL,NULL,3,NULL,89.2,536,'NONE','Zafar Gohar to de Lange, no run',1758987530174,0),(318,113670,NULL,NULL,NULL,NULL,NULL,NULL,NULL,NULL,NULL,NULL,NULL,NULL,NULL,NULL,3,NULL,89.1,535,'NONE','Zafar Gohar to de Lange, no run',1758987527669,0),(319,113670,NULL,NULL,NULL,NULL,NULL,NULL,NULL,NULL,NULL,NULL,NULL,NULL,NULL,NULL,3,NULL,88.6,534,'over-break','Roland-Jones to Daaryoush Ahmed, no run',1758987525060,0),(320,113670,NULL,NULL,NULL,NULL,NULL,NULL,NULL,NULL,NULL,NULL,NULL,NULL,NULL,NULL,3,NULL,88.5,533,'NONE','Roland-Jones to Daaryoush Ahmed, no run',1758987522581,0),(321,113670,NULL,NULL,NULL,NULL,NULL,NULL,NULL,NULL,NULL,NULL,NULL,NULL,NULL,NULL,3,NULL,88.4,532,'NONE','Roland-Jones to Daaryoush Ahmed, no run',1758987519638,0),(322,113670,NULL,NULL,NULL,NULL,NULL,NULL,NULL,NULL,NULL,NULL,NULL,NULL,NULL,NULL,3,NULL,88.3,531,'NONE','Roland-Jones to Daaryoush Ahmed, no run',1758987089858,0),(323,113670,NULL,NULL,NULL,NULL,NULL,NULL,NULL,NULL,NULL,NULL,NULL,NULL,NULL,NULL,3,NULL,88.2,530,'NONE','Roland-Jones to Daaryoush Ahmed, no run',1758987046423,0),(324,113670,NULL,NULL,NULL,NULL,NULL,NULL,NULL,NULL,NULL,NULL,NULL,NULL,NULL,NULL,3,NULL,0,0,'NONE','B0$',1758987042868,0),(325,113670,NULL,NULL,NULL,NULL,NULL,NULL,NULL,NULL,NULL,NULL,NULL,NULL,NULL,NULL,3,NULL,88.1,529,'WICKET','Roland-Jones to Jack Taylor, B0$ Caught by Josh De Caires!! B1$',1758986926898,0),(326,113670,NULL,NULL,NULL,NULL,NULL,NULL,NULL,NULL,NULL,NULL,NULL,NULL,NULL,NULL,3,NULL,0,0,'NONE','Roland-Jones to Jack Taylor, B0$ Caught!!',1758986925199,0),(327,113670,NULL,NULL,NULL,NULL,NULL,NULL,NULL,NULL,NULL,NULL,NULL,NULL,NULL,NULL,3,NULL,0,0,'NONE','B0$',1758986911982,0),(328,113670,NULL,NULL,NULL,NULL,NULL,NULL,NULL,NULL,NULL,NULL,NULL,NULL,NULL,NULL,3,NULL,87.6,528,'over-break,FOUR','Zafar Gohar to de Lange, B0$',1758986854628,0),(329,113670,NULL,NULL,NULL,NULL,NULL,NULL,NULL,NULL,NULL,NULL,NULL,NULL,NULL,NULL,3,NULL,0,0,'NONE','B0$',1758986849016,0),(330,113670,NULL,NULL,NULL,NULL,NULL,NULL,NULL,NULL,NULL,NULL,NULL,NULL,NULL,NULL,3,NULL,87.5,527,'WICKET','Zafar Gohar to Ajeet Dale, B0$ Caught by Ryan Higgins!! B1$',1758986611917,0),(331,113658,NULL,NULL,NULL,NULL,NULL,NULL,NULL,NULL,NULL,NULL,NULL,NULL,NULL,NULL,4,NULL,0,0,'NONE','B0$ Leicestershire won by 167 runs',1758982264721,0),(332,113658,NULL,NULL,NULL,NULL,NULL,NULL,NULL,NULL,NULL,NULL,NULL,NULL,NULL,NULL,4,NULL,105.5,635,'WICKET','Trevaskis to Stuart van der Merwe, B0$ Caught by Budinger!! B1$',1758982193561,0),(333,113658,NULL,NULL,NULL,NULL,NULL,NULL,NULL,NULL,NULL,NULL,NULL,NULL,NULL,NULL,4,NULL,0,0,'NONE','Trevaskis to Stuart van der Merwe, B0$ Caught!!',1758982192174,0),(334,113658,NULL,NULL,NULL,NULL,NULL,NULL,NULL,NULL,NULL,NULL,NULL,NULL,NULL,NULL,4,NULL,105.4,634,'NONE','Trevaskis to Stuart van der Merwe, no run',1758982102949,0),(335,113658,NULL,NULL,NULL,NULL,NULL,NULL,NULL,NULL,NULL,NULL,NULL,NULL,NULL,NULL,4,NULL,105.3,633,'NONE','Trevaskis to Stuart van der Merwe, no run',1758982061652,0),(336,113658,NULL,NULL,NULL,NULL,NULL,NULL,NULL,NULL,NULL,NULL,NULL,NULL,NULL,NULL,4,NULL,105.2,632,'NONE','Trevaskis to Stuart van der Merwe, no run',1758982022634,0),(337,113658,NULL,NULL,NULL,NULL,NULL,NULL,NULL,NULL,NULL,NULL,NULL,NULL,NULL,NULL,4,NULL,105.1,631,'NONE','Trevaskis to Stuart van der Merwe, no run',1758982021912,0),(338,113658,NULL,NULL,NULL,NULL,NULL,NULL,NULL,NULL,NULL,NULL,NULL,NULL,NULL,NULL,4,NULL,104.6,630,'over-break','Josh Hull to Nirvan Ramesh, no run',1758982017544,0),(339,113658,NULL,NULL,NULL,NULL,NULL,NULL,NULL,NULL,NULL,NULL,NULL,NULL,NULL,NULL,4,NULL,104.5,629,'NONE','Josh Hull to Stuart van der Merwe, 1 run',1758982014067,0),(340,113658,NULL,NULL,NULL,NULL,NULL,NULL,NULL,NULL,NULL,NULL,NULL,NULL,NULL,NULL,4,NULL,104.4,628,'NONE','Josh Hull to Stuart van der Merwe, no run',1758982009446,0),(341,113658,NULL,NULL,NULL,NULL,NULL,NULL,NULL,NULL,NULL,NULL,NULL,NULL,NULL,NULL,4,NULL,104.3,627,'NONE','Josh Hull to Stuart van der Merwe, no run',1758982008839,0),(342,113658,NULL,NULL,NULL,NULL,NULL,NULL,NULL,NULL,NULL,NULL,NULL,NULL,NULL,NULL,4,NULL,104.2,626,'NONE','Josh Hull to Stuart van der Merwe, no run',1758982008156,0),(343,113658,NULL,NULL,NULL,NULL,NULL,NULL,NULL,NULL,NULL,NULL,NULL,NULL,NULL,NULL,4,NULL,104.1,625,'NONE','Josh Hull to Stuart van der Merwe, no run',1758982007433,0),(344,113658,NULL,NULL,NULL,NULL,NULL,NULL,NULL,NULL,NULL,NULL,NULL,NULL,NULL,NULL,4,NULL,0,0,'NONE','B0$',1758982000912,0),(345,113658,NULL,NULL,NULL,NULL,NULL,NULL,NULL,NULL,NULL,NULL,NULL,NULL,NULL,NULL,4,NULL,103.6,624,'over-break,WICKET','Trevaskis to Benjamin Whitehouse, B0$ Lbw!! B1$',1758981996826,0),(346,113658,NULL,NULL,NULL,NULL,NULL,NULL,NULL,NULL,NULL,NULL,NULL,NULL,NULL,NULL,4,NULL,0,0,'NONE','Trevaskis to Benjamin Whitehouse, B0$ Lbw!!',1758981995384,0),(347,113658,NULL,NULL,NULL,NULL,NULL,NULL,NULL,NULL,NULL,NULL,NULL,NULL,NULL,NULL,4,NULL,103.5,623,'NONE','Trevaskis to Benjamin Whitehouse, no run',1758981948229,0),(348,113658,NULL,NULL,NULL,NULL,NULL,NULL,NULL,NULL,NULL,NULL,NULL,NULL,NULL,NULL,4,NULL,103.4,622,'NONE','Trevaskis to Benjamin Whitehouse, no run',1758981943013,0),(349,113658,NULL,NULL,NULL,NULL,NULL,NULL,NULL,NULL,NULL,NULL,NULL,NULL,NULL,NULL,4,NULL,103.3,621,'NONE','Trevaskis to Benjamin Whitehouse, no run',1758981939954,0),(350,113658,NULL,NULL,NULL,NULL,NULL,NULL,NULL,NULL,NULL,NULL,NULL,NULL,NULL,NULL,4,NULL,103.2,620,'NONE','Trevaskis to Benjamin Whitehouse, no run',1758981938656,0),(351,113676,NULL,NULL,NULL,NULL,NULL,NULL,NULL,NULL,NULL,NULL,NULL,NULL,NULL,NULL,4,NULL,0,0,'NONE','B0$',1758904379673,0),(352,113676,NULL,NULL,NULL,NULL,NULL,NULL,NULL,NULL,NULL,NULL,NULL,NULL,NULL,NULL,4,NULL,19.6,120,'over-break,FOUR','S Northeast to George Bell, B0$',1758904112540,0),(353,113676,NULL,NULL,NULL,NULL,NULL,NULL,NULL,NULL,NULL,NULL,NULL,NULL,NULL,NULL,4,NULL,19.5,119,'NONE','S Northeast to George Bell, no run',1758904109137,0),(354,113676,NULL,NULL,NULL,NULL,NULL,NULL,NULL,NULL,NULL,NULL,NULL,NULL,NULL,NULL,4,NULL,19.4,118,'NONE','S Northeast to George Bell, no run',1758904011036,0),(355,113676,NULL,NULL,NULL,NULL,NULL,NULL,NULL,NULL,NULL,NULL,NULL,NULL,NULL,NULL,4,NULL,19.3,117,'NONE','S Northeast to Matthew Hurst, 1 run',1758904010451,0),(356,113676,NULL,NULL,NULL,NULL,NULL,NULL,NULL,NULL,NULL,NULL,NULL,NULL,NULL,NULL,4,NULL,19.2,116,'NONE','S Northeast to George Bell, 1 run',1758904000750,0),(357,113676,NULL,NULL,NULL,NULL,NULL,NULL,NULL,NULL,NULL,NULL,NULL,NULL,NULL,NULL,4,NULL,19.1,115,'NONE','S Northeast to George Bell, no run',1758903994366,0),(358,113676,NULL,NULL,NULL,NULL,NULL,NULL,NULL,NULL,NULL,NULL,NULL,NULL,NULL,NULL,4,NULL,0,0,'NONE','B0$',1758903993089,0),(359,113676,NULL,NULL,NULL,NULL,NULL,NULL,NULL,NULL,NULL,NULL,NULL,NULL,NULL,NULL,4,NULL,18.6,114,'over-break','Asa Tribe to Matthew Hurst, no run',1758903984330,0),(360,113676,NULL,NULL,NULL,NULL,NULL,NULL,NULL,NULL,NULL,NULL,NULL,NULL,NULL,NULL,4,NULL,18.5,113,'FOUR','Asa Tribe to Matthew Hurst, B0$',1758903983593,0),(361,113676,NULL,NULL,NULL,NULL,NULL,NULL,NULL,NULL,NULL,NULL,NULL,NULL,NULL,NULL,4,NULL,18.4,112,'FOUR','Asa Tribe to Matthew Hurst, B0$',1758903979131,0),(362,113676,NULL,NULL,NULL,NULL,NULL,NULL,NULL,NULL,NULL,NULL,NULL,NULL,NULL,NULL,4,NULL,18.3,111,'NONE','Asa Tribe to George Bell, 1 run',1758903836358,0),(363,113676,NULL,NULL,NULL,NULL,NULL,NULL,NULL,NULL,NULL,NULL,NULL,NULL,NULL,NULL,4,NULL,18.2,110,'NONE','Asa Tribe to Matthew Hurst, 1 run',1758903806861,0),(364,113676,NULL,NULL,NULL,NULL,NULL,NULL,NULL,NULL,NULL,NULL,NULL,NULL,NULL,NULL,4,NULL,18.1,109,'NONE','Asa Tribe to Matthew Hurst, no run',1758903803606,0),(365,113676,NULL,NULL,NULL,NULL,NULL,NULL,NULL,NULL,NULL,NULL,NULL,NULL,NULL,NULL,4,NULL,0,0,'NONE','B0$',1758903801750,0),(366,113676,NULL,NULL,NULL,NULL,NULL,NULL,NULL,NULL,NULL,NULL,NULL,NULL,NULL,NULL,4,NULL,17.6,108,'over-break','Mason Crane to Matthew Hurst, 1 run',1758903791471,0),(367,113676,NULL,NULL,NULL,NULL,NULL,NULL,NULL,NULL,NULL,NULL,NULL,NULL,NULL,NULL,4,NULL,17.5,107,'NONE','Mason Crane to George Bell, 1 run',1758903729649,0),(368,113676,NULL,NULL,NULL,NULL,NULL,NULL,NULL,NULL,NULL,NULL,NULL,NULL,NULL,NULL,4,NULL,17.4,106,'NONE','Mason Crane to Matthew Hurst, 1 run',1758903725682,0),(369,113676,NULL,NULL,NULL,NULL,NULL,NULL,NULL,NULL,NULL,NULL,NULL,NULL,NULL,NULL,4,NULL,17.3,105,'NONE','Mason Crane to George Bell, 1 run',1758903722325,0),(370,113676,NULL,NULL,NULL,NULL,NULL,NULL,NULL,NULL,NULL,NULL,NULL,NULL,NULL,NULL,4,NULL,17.2,104,'NONE','Mason Crane to George Bell, no run',1758903718211,0),(371,113661,NULL,NULL,NULL,NULL,NULL,NULL,NULL,NULL,NULL,NULL,NULL,NULL,NULL,NULL,3,NULL,0,0,'NONE','B0$ - Derbyshire win by an innings and 229 runs',1758971712158,0),(372,113661,NULL,NULL,NULL,NULL,NULL,NULL,NULL,NULL,NULL,NULL,NULL,NULL,NULL,NULL,3,NULL,61.5,371,'WICKET','Reece to Michael Cohen, B0$ Caught by Brooke Guest!! B1$',1758971630149,0),(373,113661,NULL,NULL,NULL,NULL,NULL,NULL,NULL,NULL,NULL,NULL,NULL,NULL,NULL,NULL,3,NULL,0,0,'NONE','Reece to Michael Cohen, B0$ Caught!!',1758971628252,0),(374,113661,NULL,NULL,NULL,NULL,NULL,NULL,NULL,NULL,NULL,NULL,NULL,NULL,NULL,NULL,3,NULL,61.4,370,'NONE','Reece to Michael Cohen, no run',1758971566024,0),(375,113661,NULL,NULL,NULL,NULL,NULL,NULL,NULL,NULL,NULL,NULL,NULL,NULL,NULL,NULL,3,NULL,61.3,369,'NONE','Reece to Michael Cohen, no run',1758971531475,0),(376,113661,NULL,NULL,NULL,NULL,NULL,NULL,NULL,NULL,NULL,NULL,NULL,NULL,NULL,NULL,3,NULL,61.2,368,'NONE','Reece to Michael Cohen, no run',1758971499048,0),(377,113661,NULL,NULL,NULL,NULL,NULL,NULL,NULL,NULL,NULL,NULL,NULL,NULL,NULL,NULL,3,NULL,61.1,367,'NONE','Reece to Stewart, 1 run',1758971473098,0),(378,113661,NULL,NULL,NULL,NULL,NULL,NULL,NULL,NULL,NULL,NULL,NULL,NULL,NULL,NULL,3,NULL,0,0,'NONE','B0$',1758971453952,0),(379,113661,NULL,NULL,NULL,NULL,NULL,NULL,NULL,NULL,NULL,NULL,NULL,NULL,NULL,NULL,3,NULL,60.6,366,'over-break','Zak Chappell to Michael Cohen, no run',1758971401681,0),(380,113661,NULL,NULL,NULL,NULL,NULL,NULL,NULL,NULL,NULL,NULL,NULL,NULL,NULL,NULL,3,NULL,0,0,'NONE','B0$',1758971308329,0),(381,113661,NULL,NULL,NULL,NULL,NULL,NULL,NULL,NULL,NULL,NULL,NULL,NULL,NULL,NULL,3,NULL,60.5,365,'WICKET','Zak Chappell to Parkinson, B0$ Caught by Aneurin Donald!! B1$',1758971284100,0),(382,113661,NULL,NULL,NULL,NULL,NULL,NULL,NULL,NULL,NULL,NULL,NULL,NULL,NULL,NULL,3,NULL,0,0,'NONE','Zak Chappell to Parkinson, B0$ Caught!!',1758971282315,0),(383,113661,NULL,NULL,NULL,NULL,NULL,NULL,NULL,NULL,NULL,NULL,NULL,NULL,NULL,NULL,3,NULL,60.4,364,'NONE','Zak Chappell to Parkinson, no run',1758971212570,0),(384,113661,NULL,NULL,NULL,NULL,NULL,NULL,NULL,NULL,NULL,NULL,NULL,NULL,NULL,NULL,3,NULL,60.3,363,'NONE','Zak Chappell to Stewart, 1 run',1758971186394,0),(385,113661,NULL,NULL,NULL,NULL,NULL,NULL,NULL,NULL,NULL,NULL,NULL,NULL,NULL,NULL,3,NULL,60.2,362,'SIX','Zak Chappell to Stewart, B0$',1758971180890,0),(386,113661,NULL,NULL,NULL,NULL,NULL,NULL,NULL,NULL,NULL,NULL,NULL,NULL,NULL,NULL,3,NULL,60.1,361,'NONE','Zak Chappell to Stewart, no run',1758971175711,0),(387,113661,NULL,NULL,NULL,NULL,NULL,NULL,NULL,NULL,NULL,NULL,NULL,NULL,NULL,NULL,3,NULL,59.6,360,'over-break','Aitchison to Parkinson, no run',1758970926701,0),(388,113661,NULL,NULL,NULL,NULL,NULL,NULL,NULL,NULL,NULL,NULL,NULL,NULL,NULL,NULL,3,NULL,59.5,359,'NONE','Aitchison to Parkinson, no run',1758970924042,0),(389,113661,NULL,NULL,NULL,NULL,NULL,NULL,NULL,NULL,NULL,NULL,NULL,NULL,NULL,NULL,3,NULL,59.4,358,'NONE','Aitchison to Parkinson, no run',1758970871133,0),(390,113661,NULL,NULL,NULL,NULL,NULL,NULL,NULL,NULL,NULL,NULL,NULL,NULL,NULL,NULL,3,NULL,59.3,357,'NONE','Aitchison to Parkinson, no run',1758970868921,0),(391,133858,NULL,NULL,NULL,NULL,NULL,NULL,NULL,NULL,NULL,NULL,NULL,NULL,NULL,NULL,4,NULL,0,0,'NONE','B0$ Boland won by 9 wickets',1759095099400,0),(392,133858,NULL,NULL,NULL,NULL,NULL,NULL,NULL,NULL,NULL,NULL,NULL,NULL,NULL,NULL,3,NULL,0,0,'NONE','B0$ Titans following on 301 all-out - lead by 51 runs',1759094925077,0),(393,133858,NULL,NULL,NULL,NULL,NULL,NULL,NULL,NULL,NULL,NULL,NULL,NULL,NULL,NULL,3,NULL,0,0,'NONE','B0$Titans 366 & 39/1 (f/o) (17), Keegan Petersen 11(37),Lesego Senokwane 19(46), trail by 211 runs',1758989533376,0),(394,133858,NULL,NULL,NULL,NULL,NULL,NULL,NULL,NULL,NULL,NULL,NULL,NULL,NULL,NULL,2,NULL,0,0,'NONE','B0$ Titans 306/8 (84), Janco Smit 0(8), Dayyaan Galiem 60(143), trail by 310 runs',1758979366407,0),(395,133858,NULL,NULL,NULL,NULL,NULL,NULL,NULL,NULL,NULL,NULL,NULL,NULL,NULL,NULL,2,NULL,0,0,'NONE','B0$Titans 186/6 (53), Dayyaan Galiem 16(48), Donovan Ferreira 2(12), trail by 430 runs',1758969284231,0),(396,133858,NULL,NULL,NULL,NULL,NULL,NULL,NULL,NULL,NULL,NULL,NULL,NULL,NULL,NULL,2,NULL,0,0,'NONE','B0$Titans 80/3 (24), Rivaldo Moonsamy 14(39), Lhuan-dre Pretorius 37(65),  trail by 536 runs',1758904047187,0),(397,133858,NULL,NULL,NULL,NULL,NULL,NULL,NULL,NULL,NULL,NULL,NULL,NULL,NULL,NULL,1,NULL,0,0,'NONE','B0$ Boland 578/7 (154), Nathan Jacobs 4(6), Shaun von Berg 3(16)',1758893248451,0),(398,133858,NULL,NULL,NULL,NULL,NULL,NULL,NULL,NULL,NULL,NULL,NULL,NULL,NULL,NULL,1,NULL,0,0,'NONE','B0$ Boland 445/2 (124), Aviwe Mgijima 72(152), Gavin Kaplan 200(349)',1758883932442,0),(399,133858,NULL,NULL,NULL,NULL,NULL,NULL,NULL,NULL,NULL,NULL,NULL,NULL,NULL,NULL,1,NULL,0,0,'NONE','B0$Boland 367/2 (98), Aviwe Mgijima 32(73), Gavin Kaplan 167(272)',1758814771735,0),(400,133858,NULL,NULL,NULL,NULL,NULL,NULL,NULL,NULL,NULL,NULL,NULL,NULL,NULL,NULL,1,NULL,0,0,'NONE','B0$Boland 258/1 (67), Gavin Kaplan 107(187), Grant Roelofsen 135(201)',1758807828979,0),(401,133858,NULL,NULL,NULL,NULL,NULL,NULL,NULL,NULL,NULL,NULL,NULL,NULL,NULL,NULL,1,NULL,0,0,'NONE','B0$ Boland 98/1 (30), Gavin Kaplan 43(82), Grant Roelofsen 43(84)',1758796826838,0),(402,133858,NULL,NULL,NULL,NULL,NULL,NULL,NULL,NULL,NULL,NULL,NULL,NULL,NULL,NULL,0,NULL,0,0,'NONE','B0$',1758790193181,0),(403,133858,NULL,NULL,NULL,NULL,NULL,NULL,NULL,NULL,NULL,NULL,NULL,NULL,NULL,NULL,0,NULL,0,0,'NONE','B0$',1758790181789,0),(404,133858,NULL,NULL,NULL,NULL,NULL,NULL,NULL,NULL,NULL,NULL,NULL,NULL,NULL,NULL,0,NULL,0,0,'NONE','B0$ (Playing XI): Neil Brand, Lesego Senokwane, Keegan Petersen, Lhuan-dre Pretorius, Rivaldo Moonsamy(w), Sibonelo Makhanya, Donovan Ferreira(c), Dayyaan Galiem, Janco Smit, Tsepo Ndwandwa, Merrick Brett',1758790177233,0),(405,133858,NULL,NULL,NULL,NULL,NULL,NULL,NULL,NULL,NULL,NULL,NULL,NULL,NULL,NULL,0,NULL,0,0,'NONE','B0$ (Playing XI): Grant Roelofsen, Pieter Malan, Gavin Kaplan, Aviwe Mgijima, Clyde Fortuin(w/c), Lehan Botha, Jhedli van Briesies, Shaun von Berg, Glenton Stuurman, Nathan Jacobs, Akhona Mnyaka',1758790117782,0),(406,133858,NULL,NULL,NULL,NULL,NULL,NULL,NULL,NULL,NULL,NULL,NULL,NULL,NULL,NULL,0,NULL,0,0,'NONE','B0$',1758790052323,0),(407,133858,NULL,NULL,NULL,NULL,NULL,NULL,NULL,NULL,NULL,NULL,NULL,NULL,NULL,NULL,0,NULL,0,0,'NONE','B0$',1758789933226,0),(408,133858,NULL,NULL,NULL,NULL,NULL,NULL,NULL,NULL,NULL,NULL,NULL,NULL,NULL,NULL,0,NULL,0,0,'NONE','B0$ Squad: Dayyaan Galiem, Sibonelo Makhanya, Keegan Petersen, Rivaldo Moonsamy(w), Neil Brand, Tsepo Ndwandwa, Donovan Ferreira(c), Merrick Brett, Lesego Senokwane, Lhuan-dre Pretorius, Janco Smit',1758789930051,0),(409,133858,NULL,NULL,NULL,NULL,NULL,NULL,NULL,NULL,NULL,NULL,NULL,NULL,NULL,NULL,0,NULL,0,0,'NONE','B0$ Squad: Clyde Fortuin(w/c), Shaun von Berg, Aviwe Mgijima, Pieter Malan, Akhona Mnyaka, Grant Roelofsen, Glenton Stuurman, Jhedli van Briesies, Gavin Kaplan, Lehan Botha, Nathan Jacobs',1758789907372,0),(410,133864,NULL,NULL,NULL,NULL,NULL,NULL,NULL,NULL,NULL,NULL,NULL,NULL,NULL,NULL,4,NULL,0,0,'NONE','B0$ Warriors won by 48 runs',1759095842594,0),(411,133864,NULL,NULL,NULL,NULL,NULL,NULL,NULL,NULL,NULL,NULL,NULL,NULL,NULL,NULL,4,NULL,0,0,'NONE','B0$Western Province 182 & 133/4 (40), Mihlali Mpongwana 5(10), Daniel Smith 5(7), need 220 runs',1758988372762,0),(412,133864,NULL,NULL,NULL,NULL,NULL,NULL,NULL,NULL,NULL,NULL,NULL,NULL,NULL,NULL,4,NULL,0,0,'NONE','B0$Warriors 281 & 253/8 d (64.1), Thomas Kaber 34(70), lead by 352 runs',1758980410442,0),(413,133864,NULL,NULL,NULL,NULL,NULL,NULL,NULL,NULL,NULL,NULL,NULL,NULL,NULL,NULL,3,NULL,0,0,'NONE','B0$ Warriors 281 & 207/7 (56), Duanne Olivier 13(28), Thomas Kaber 19(52),  lead by 306 runs',1758968429057,0),(414,133864,NULL,NULL,NULL,NULL,NULL,NULL,NULL,NULL,NULL,NULL,NULL,NULL,NULL,NULL,3,NULL,0,0,'NONE','B0$ Warriors 281 & 114/2 (27), Matthew Breetzke 36(49), Muhammad Manack 37(63),  lead by 213 runs',1758902888144,0),(415,133864,NULL,NULL,NULL,NULL,NULL,NULL,NULL,NULL,NULL,NULL,NULL,NULL,NULL,NULL,2,NULL,0,0,'NONE','B0$ Western Province 182 (56.2), Tshepo Moreki 0(3), trail by 99 runs',1758894082439,0),(416,133864,NULL,NULL,NULL,NULL,NULL,NULL,NULL,NULL,NULL,NULL,NULL,NULL,NULL,NULL,2,NULL,0,0,'NONE','B0$ Western Province 83/5 (27), Oliver Whitehead 11(15), Sello Valentine Kitime 31(68),  trail by 198 runs',1758884439176,0),(417,133864,NULL,NULL,NULL,NULL,NULL,NULL,NULL,NULL,NULL,NULL,NULL,NULL,NULL,NULL,1,NULL,0,0,'NONE','B0$ Warriors 281 (87), Ntando Soni 18(36)',1758816226313,0),(418,133864,NULL,NULL,NULL,NULL,NULL,NULL,NULL,NULL,NULL,NULL,NULL,NULL,NULL,NULL,1,NULL,0,0,'NONE','B0$ Warriors 162/7 (58), Duanne Olivier 0(12), Sinethemba Qeshile 92(154)',1758808786099,0),(419,133864,NULL,NULL,NULL,NULL,NULL,NULL,NULL,NULL,NULL,NULL,NULL,NULL,NULL,NULL,1,NULL,0,0,'NONE','B0$ Warriors 82/3 (28), Modiri Litheko 31(75), Sinethemba Qeshile 46(68)',1758797254281,0),(420,133864,NULL,NULL,NULL,NULL,NULL,NULL,NULL,NULL,NULL,NULL,NULL,NULL,NULL,NULL,0,NULL,0,0,'NONE','B0$',1758790838464,0),(421,133864,NULL,NULL,NULL,NULL,NULL,NULL,NULL,NULL,NULL,NULL,NULL,NULL,NULL,NULL,0,NULL,0,0,'NONE','B0$',1758790832965,0),(422,133864,NULL,NULL,NULL,NULL,NULL,NULL,NULL,NULL,NULL,NULL,NULL,NULL,NULL,NULL,0,NULL,0,0,'NONE','B0$ (Playing XI): Jiveshan Pillay, Edward Moore, Joshua van Heerden, Sello Valentine Kitime, Daniel Smith(w), Mihlali Mpongwana, Oliver Whitehead, Kyle Simmonds, Beuran Hendricks(c), Tshepo Moreki, Dane Paterson',1758790830576,0),(423,133864,NULL,NULL,NULL,NULL,NULL,NULL,NULL,NULL,NULL,NULL,NULL,NULL,NULL,NULL,0,NULL,0,0,'NONE','B0$ (Playing XI): Jordan Hermann, Modiri Litheko, Muhammad Manack, Matthew Breetzke(c), Sinethemba Qeshile(w), Patrick Kruger, Thomas Kaber, Matthew Boast, Duanne Olivier, Wesley Bedja, Ntando Soni',1758790783346,0),(424,133864,NULL,NULL,NULL,NULL,NULL,NULL,NULL,NULL,NULL,NULL,NULL,NULL,NULL,NULL,0,NULL,0,0,'NONE','B0$',1758790725272,0),(425,133864,NULL,NULL,NULL,NULL,NULL,NULL,NULL,NULL,NULL,NULL,NULL,NULL,NULL,NULL,0,NULL,0,0,'NONE','B0$',1758790633157,0),(426,133864,NULL,NULL,NULL,NULL,NULL,NULL,NULL,NULL,NULL,NULL,NULL,NULL,NULL,NULL,0,NULL,0,0,'NONE','B0$ Squad: Edward Moore, Tshepo Moreki, Daniel Smith(w), Kyle Simmonds, Dane Paterson, Jiveshan Pillay, Mihlali Mpongwana, Beuran Hendricks(c), Joshua van Heerden, Oliver Whitehead, Sello Valentine Kitime',1758790630640,0),(427,133864,NULL,NULL,NULL,NULL,NULL,NULL,NULL,NULL,NULL,NULL,NULL,NULL,NULL,NULL,0,NULL,0,0,'NONE','B0$ Squad: Matthew Breetzke(c), Duanne Olivier, Patrick Kruger, Thomas Kaber, Sinethemba Qeshile(w), Modiri Litheko, Jordan Hermann, Matthew Boast, Muhammad Manack, Wesley Bedja, Ntando Soni',1758790607815,0),(428,133869,NULL,NULL,NULL,NULL,NULL,NULL,NULL,NULL,NULL,NULL,NULL,NULL,NULL,NULL,4,NULL,0,0,'NONE','B0$ North West won by 8 wickets',1759097729686,0),(429,133869,NULL,NULL,NULL,NULL,NULL,NULL,NULL,NULL,NULL,NULL,NULL,NULL,NULL,NULL,3,NULL,0,0,'NONE','B0$ KwaZulu-Natal Inland 98 all-out, lead by 36 runs',1759097542284,0),(430,133869,NULL,NULL,NULL,NULL,NULL,NULL,NULL,NULL,NULL,NULL,NULL,NULL,NULL,NULL,2,NULL,0,0,'NONE','B0$ North West 461/8 declared, lead by 62 runs',1759096836137,0),(431,133869,NULL,NULL,NULL,NULL,NULL,NULL,NULL,NULL,NULL,NULL,NULL,NULL,NULL,NULL,2,NULL,0,0,'NONE','B0$ North West 370/5 (92), Ruan de Swardt 55(108), Dian Forrester 9(23), trail by 29 runs',1758988790665,0),(432,133869,NULL,NULL,NULL,NULL,NULL,NULL,NULL,NULL,NULL,NULL,NULL,NULL,NULL,NULL,2,NULL,0,0,'NONE','B0$ North West 331/4 (82.5), Ruan de Swardt 36(84), Lesiba Ngoepe 148(198), trail by 68 runs',1758979651233,0),(433,133869,NULL,NULL,NULL,NULL,NULL,NULL,NULL,NULL,NULL,NULL,NULL,NULL,NULL,NULL,2,NULL,0,0,'NONE','B0$ North West 278/4 (64), Ruan de Swardt 8(15), Lesiba Ngoepe 123(154), trail by 121 runs',1758967625238,0),(434,133869,NULL,NULL,NULL,NULL,NULL,NULL,NULL,NULL,NULL,NULL,NULL,NULL,NULL,NULL,2,NULL,0,0,'NONE','B0$North West 190/1 (46), Raynard van Tonder 54(72), Lesiba Ngoepe 88(120), trail by 209 runs',1758901880991,0),(435,133869,NULL,NULL,NULL,NULL,NULL,NULL,NULL,NULL,NULL,NULL,NULL,NULL,NULL,NULL,2,NULL,0,0,'NONE','B0$ North West 64/0 (19), Lesiba Ngoepe 33(50), Meeka eel Prince 29(64), trail by 335 runs',1758896219337,0),(436,133869,NULL,NULL,NULL,NULL,NULL,NULL,NULL,NULL,NULL,NULL,NULL,NULL,NULL,NULL,1,NULL,0,0,'NONE','B0$KwaZulu-Natal Inland 355/7 (96), Bamanye Xenxe 11(23), Michael Erlank 173(276)',1758884837824,0),(437,133869,NULL,NULL,NULL,NULL,NULL,NULL,NULL,NULL,NULL,NULL,NULL,NULL,NULL,NULL,1,NULL,0,0,'NONE','B0$KwaZulu-Natal Inland 207/5 (60), Andile Mogakane 24(48), Michael Erlank 95(168)',1758816670757,0),(438,133869,NULL,NULL,NULL,NULL,NULL,NULL,NULL,NULL,NULL,NULL,NULL,NULL,NULL,NULL,1,NULL,0,0,'NONE','B0$KwaZulu-Natal Inland 181/5 (50), Andile Mogakane 15(26), Michael Erlank 80(128)',1758806893037,0),(439,133869,NULL,NULL,NULL,NULL,NULL,NULL,NULL,NULL,NULL,NULL,NULL,NULL,NULL,NULL,1,NULL,0,0,'NONE','B0$ KwaZulu-Natal Inland 82/4 (26), Cameron Shekleton 13(14), Michael Erlank 37(70)',1758797854325,0),(440,133869,NULL,NULL,NULL,NULL,NULL,NULL,NULL,NULL,NULL,NULL,NULL,NULL,NULL,NULL,0,NULL,0,0,'NONE','B0$',1758794455426,0),(441,133869,NULL,NULL,NULL,NULL,NULL,NULL,NULL,NULL,NULL,NULL,NULL,NULL,NULL,NULL,0,NULL,0,0,'NONE','B0$',1758794442292,0),(442,133869,NULL,NULL,NULL,NULL,NULL,NULL,NULL,NULL,NULL,NULL,NULL,NULL,NULL,NULL,0,NULL,0,0,'NONE','B0$ (Playing XI): Kagiso Rapulana, Muhammed Bulbulia, Sean Gilson, Andile Mogakane, Michael Erlank(c), Cameron Shekleton(w), Malcolm Nofal, Bamanye Xenxe, Hardus Viljoen, Daryn Dupavillon, Ziyaad Abrahams',1758794437451,0),(443,133869,NULL,NULL,NULL,NULL,NULL,NULL,NULL,NULL,NULL,NULL,NULL,NULL,NULL,NULL,0,NULL,0,0,'NONE','B0$ (Playing XI): Meeka eel Prince, Lesiba Ngoepe, Raynard van Tonder, Wihan Lubbe(c), Rubin Hermann(w), Ruan de Swardt, Dian Forrester, Onke Nyaku, Jade de Klerk, Achille Cloete, Shimane Alfred Mothoa',1758794374480,0),(444,133869,NULL,NULL,NULL,NULL,NULL,NULL,NULL,NULL,NULL,NULL,NULL,NULL,NULL,NULL,0,NULL,0,0,'NONE','B0$',1758794295327,0),(445,133869,NULL,NULL,NULL,NULL,NULL,NULL,NULL,NULL,NULL,NULL,NULL,NULL,NULL,NULL,0,NULL,0,0,'NONE','B0$',1758794149563,0),(446,133869,NULL,NULL,NULL,NULL,NULL,NULL,NULL,NULL,NULL,NULL,NULL,NULL,NULL,NULL,0,NULL,0,0,'NONE','B0$ Squad: Hardus Viljoen, Michael Erlank(c), Malcolm Nofal, Daryn Dupavillon, Cameron Shekleton(w), Ziyaad Abrahams, Kagiso Rapulana, Bamanye Xenxe, Sean Gilson, Andile Mogakane, Muhammed Bulbulia',1758794146556,0),(447,133869,NULL,NULL,NULL,NULL,NULL,NULL,NULL,NULL,NULL,NULL,NULL,NULL,NULL,NULL,0,NULL,0,0,'NONE','B0$ Squad: Lesiba Ngoepe, Wihan Lubbe(c), Shimane Alfred Mothoa, Rubin Hermann(w), Raynard van Tonder, Jade de Klerk, Onke Nyaku, Achille Cloete, Ruan de Swardt, Meeka eel Prince, Dian Forrester',1758794105573,0),(448,119852,NULL,NULL,NULL,NULL,NULL,NULL,NULL,NULL,NULL,NULL,NULL,NULL,NULL,NULL,4,NULL,0,0,'NONE','B0$- India A won by 5 wickets, win the series 1-0',1758875720309,0),(449,119852,NULL,NULL,NULL,NULL,NULL,NULL,NULL,NULL,NULL,NULL,NULL,NULL,NULL,NULL,4,NULL,0,0,'NONE','B0$: India \'A\' 194 and 261 for 3 v Australia \'A\' 420 and 185. India \'A\' need another 151 runs to win',1758866976483,0),(450,119852,NULL,NULL,NULL,NULL,NULL,NULL,NULL,NULL,NULL,NULL,NULL,NULL,NULL,NULL,4,NULL,0,0,'NONE','B0$Sudharsan 44(84), Manav Suthar 1(8), need 243 runs',1758800671092,0),(451,119852,NULL,NULL,NULL,NULL,NULL,NULL,NULL,NULL,NULL,NULL,NULL,NULL,NULL,NULL,4,NULL,0,0,'NONE','B0$ KL Rahul 69(85), Sudharsan 27(53), need 271 runs',1758797916505,0),(452,119852,NULL,NULL,NULL,NULL,NULL,NULL,NULL,NULL,NULL,NULL,NULL,NULL,NULL,NULL,4,NULL,0,0,'NONE','B0$KL Rahul 48(54), Sai Sudharsan 6(6), need 314 runs',1758794294344,0),(453,119852,NULL,NULL,NULL,NULL,NULL,NULL,NULL,NULL,NULL,NULL,NULL,NULL,NULL,NULL,4,NULL,0,0,'NONE','B0$ 39/0 (8) N Jagadeesan 29(30), Rahul 8(19), need 373 runs',1758790016606,0),(454,119852,NULL,NULL,NULL,NULL,NULL,NULL,NULL,NULL,NULL,NULL,NULL,NULL,NULL,NULL,3,NULL,0,0,'NONE','B0$ :  Australia A 185 (46.5) Nathan McSweeney 85(149), lead by 411 runs',1758787967901,0),(455,119852,NULL,NULL,NULL,NULL,NULL,NULL,NULL,NULL,NULL,NULL,NULL,NULL,NULL,NULL,3,NULL,0,0,'NONE','B0$ - 179/8 (43),Corey Rocchiccioli 7 (4),Nathan McSweeney 83 (143), lead by 405 runs',1758786433878,0),(456,119852,NULL,NULL,NULL,NULL,NULL,NULL,NULL,NULL,NULL,NULL,NULL,NULL,NULL,NULL,3,NULL,0,0,'NONE','B0$ 127/5 (33), Edwards 7(19), McSweeney 58(109), lead by 353 runs',1758781232101,0),(457,119852,NULL,NULL,NULL,NULL,NULL,NULL,NULL,NULL,NULL,NULL,NULL,NULL,NULL,NULL,3,NULL,0,0,'NONE','B0$ - 109/5 (30) McSweeney 47(96), Jack Edwards 0(14)',1758779726374,0),(458,119852,NULL,NULL,NULL,NULL,NULL,NULL,NULL,NULL,NULL,NULL,NULL,NULL,NULL,NULL,3,NULL,0,0,'NONE','B0$ - 80/4 (20) McSweeney 32(69), Philippe 38(29)',1758776536685,0),(459,119852,NULL,NULL,NULL,NULL,NULL,NULL,NULL,NULL,NULL,NULL,NULL,NULL,NULL,NULL,3,NULL,0,0,'NONE','B0$ - 25/4 (10) Philippe 4(5), McSweeney 15(33)',1758773802143,0),(460,119852,NULL,NULL,NULL,NULL,NULL,NULL,NULL,NULL,NULL,NULL,NULL,NULL,NULL,NULL,3,NULL,0,0,'NONE','B0$ 16/3 (7.5), lead by 242 runs McSweeney 11(27)',1758713825659,0),(461,119852,NULL,NULL,NULL,NULL,NULL,NULL,NULL,NULL,NULL,NULL,NULL,NULL,NULL,NULL,2,NULL,0,0,'NONE','B0$',1758710989834,0),(462,119852,NULL,NULL,NULL,NULL,NULL,NULL,NULL,NULL,NULL,NULL,NULL,NULL,NULL,NULL,2,NULL,0,0,'NONE','B0$ Prasidh Krishna out, Yash Thakur in (2nd innings, 52.3 overs)',1758709773455,0),(463,119852,NULL,NULL,NULL,NULL,NULL,NULL,NULL,NULL,NULL,NULL,NULL,NULL,NULL,NULL,2,NULL,0,0,'NONE','B0$ - 189/8 (50) Sai Sudharsan 71(131), Gurnoor Brar 1(16)',1758709773445,0),(464,119852,NULL,NULL,NULL,NULL,NULL,NULL,NULL,NULL,NULL,NULL,NULL,NULL,NULL,NULL,2,NULL,0,0,'NONE','B0$ - 157/7 (40) Sai Sudharsan 47(93), Prasidh 15(21)',1758706504667,0),(465,119852,NULL,NULL,NULL,NULL,NULL,NULL,NULL,NULL,NULL,NULL,NULL,NULL,NULL,NULL,2,NULL,0,0,'NONE','B0$ 127/7 (33.4) Sai Sudharsan 32(76), trail by 293 runs',1758703546834,0),(466,119852,NULL,NULL,NULL,NULL,NULL,NULL,NULL,NULL,NULL,NULL,NULL,NULL,NULL,NULL,2,NULL,0,0,'NONE','B0$ - 108/5 (30) Ayush Badoni 12(29), Sai Sudharsan 23(61)',1758702570249,0),(467,119852,NULL,NULL,NULL,NULL,NULL,NULL,NULL,NULL,NULL,NULL,NULL,NULL,NULL,NULL,2,NULL,0,0,'NONE','B0$ - 71/4 (20) Nitish Reddy 1(12), Sai Sudharsan 11(28)',1758699127586,0),(468,135101,NULL,NULL,NULL,NULL,NULL,NULL,NULL,NULL,NULL,NULL,NULL,NULL,NULL,NULL,2,NULL,0,0,'NONE','B0$ B1$ England Women won by 153 runs',1758819554354,0),(469,135101,NULL,NULL,NULL,NULL,NULL,NULL,NULL,NULL,NULL,NULL,NULL,NULL,NULL,NULL,2,NULL,33.6,204,'over-break,WICKET','Smith to Shree Charani, B0$ Caught by Amy Jones!! B1$',1758819156427,0),(470,135101,NULL,NULL,NULL,NULL,NULL,NULL,NULL,NULL,NULL,NULL,NULL,NULL,NULL,NULL,2,NULL,0,0,'NONE','Smith to Shree Charani, B0$ Caught!!',1758819155818,0),(471,135101,NULL,NULL,NULL,NULL,NULL,NULL,NULL,NULL,NULL,NULL,NULL,NULL,NULL,NULL,2,NULL,33.5,203,'SIX','Smith to Shree Charani, B0$',1758819072893,0),(472,135101,NULL,NULL,NULL,NULL,NULL,NULL,NULL,NULL,NULL,NULL,NULL,NULL,NULL,NULL,2,NULL,33.4,202,'NONE','Smith to Shree Charani, no run',1758819071338,0),(473,135101,NULL,NULL,NULL,NULL,NULL,NULL,NULL,NULL,NULL,NULL,NULL,NULL,NULL,NULL,2,NULL,33.3,201,'NONE','Smith to Shree Charani, no run',1758819071073,0),(474,135101,NULL,NULL,NULL,NULL,NULL,NULL,NULL,NULL,NULL,NULL,NULL,NULL,NULL,NULL,2,NULL,33.2,200,'FOUR','Smith to Shree Charani, B0$',1758819070012,0),(475,135101,NULL,NULL,NULL,NULL,NULL,NULL,NULL,NULL,NULL,NULL,NULL,NULL,NULL,NULL,2,NULL,33.1,199,'NONE','Smith to Shree Charani, no run',1758819067642,0),(476,135101,NULL,NULL,NULL,NULL,NULL,NULL,NULL,NULL,NULL,NULL,NULL,NULL,NULL,NULL,2,NULL,0,0,'NONE','B0$',1758819065555,0),(477,135101,NULL,NULL,NULL,NULL,NULL,NULL,NULL,NULL,NULL,NULL,NULL,NULL,NULL,NULL,2,NULL,32.6,198,'over-break','Lauren Filer to Shree Charani, 1 run',1758818992058,0),(478,135101,NULL,NULL,NULL,NULL,NULL,NULL,NULL,NULL,NULL,NULL,NULL,NULL,NULL,NULL,2,NULL,32.5,197,'NONE','Lauren Filer to Renuka Singh, 1 run',1758818989611,0),(479,135101,NULL,NULL,NULL,NULL,NULL,NULL,NULL,NULL,NULL,NULL,NULL,NULL,NULL,NULL,2,NULL,0,0,'NONE','B0$',1758818986524,0),(480,135101,NULL,NULL,NULL,NULL,NULL,NULL,NULL,NULL,NULL,NULL,NULL,NULL,NULL,NULL,2,NULL,32.4,196,'WICKET','Lauren Filer to Deepti Sharma, B0$ Caught by Amy Jones!! B1$',1758818981215,0),(481,135101,NULL,NULL,NULL,NULL,NULL,NULL,NULL,NULL,NULL,NULL,NULL,NULL,NULL,NULL,2,NULL,0,0,'NONE','Lauren Filer to Deepti Sharma, B0$ Caught!!',1758818980422,0),(482,135101,NULL,NULL,NULL,NULL,NULL,NULL,NULL,NULL,NULL,NULL,NULL,NULL,NULL,NULL,2,NULL,32.3,195,'NONE','Lauren Filer to Deepti Sharma, no run',1758818975511,0),(483,135101,NULL,NULL,NULL,NULL,NULL,NULL,NULL,NULL,NULL,NULL,NULL,NULL,NULL,NULL,2,NULL,32.3,195,'NONE','Lauren Filer to Deepti Sharma, B0$',1758818974269,0),(484,135101,NULL,NULL,NULL,NULL,NULL,NULL,NULL,NULL,NULL,NULL,NULL,NULL,NULL,NULL,2,NULL,0,0,'NONE','B0$',1758818965199,0),(485,135101,NULL,NULL,NULL,NULL,NULL,NULL,NULL,NULL,NULL,NULL,NULL,NULL,NULL,NULL,2,NULL,32.2,194,'WICKET','Lauren Filer to Deepti Sharma, B0$ Radha Yadav Run Out!! B1$',1758818955177,0),(486,135101,NULL,NULL,NULL,NULL,NULL,NULL,NULL,NULL,NULL,NULL,NULL,NULL,NULL,NULL,2,NULL,0,0,'NONE','Lauren Filer to Deepti Sharma, B0$ Run Out!!',1758818954492,0),(487,135101,NULL,NULL,NULL,NULL,NULL,NULL,NULL,NULL,NULL,NULL,NULL,NULL,NULL,NULL,2,NULL,32.1,193,'NONE','Lauren Filer to Deepti Sharma, no run',1758818882741,0),(488,135090,NULL,NULL,NULL,NULL,NULL,NULL,NULL,NULL,NULL,NULL,NULL,NULL,NULL,NULL,1,NULL,0,0,'NONE','B0$ Result- No result due to rain',1758806870844,0),(489,135090,NULL,NULL,NULL,NULL,NULL,NULL,NULL,NULL,NULL,NULL,NULL,NULL,NULL,NULL,1,NULL,0,0,'NONE','B0$ Rain stops play',1758795294772,0),(490,135090,NULL,NULL,NULL,NULL,NULL,NULL,NULL,NULL,NULL,NULL,NULL,NULL,NULL,NULL,1,NULL,8.6,54,'over-break','Sanjida Akter Meghla to Bosch, no run',1758795095650,0),(491,135090,NULL,NULL,NULL,NULL,NULL,NULL,NULL,NULL,NULL,NULL,NULL,NULL,NULL,NULL,1,NULL,8.5,53,'NONE','Sanjida Akter Meghla to Bosch, no run',1758795089082,0),(492,135090,NULL,NULL,NULL,NULL,NULL,NULL,NULL,NULL,NULL,NULL,NULL,NULL,NULL,NULL,1,NULL,8.4,52,'NONE','Sanjida Akter Meghla to Bosch, no run',1758795056905,0),(493,135090,NULL,NULL,NULL,NULL,NULL,NULL,NULL,NULL,NULL,NULL,NULL,NULL,NULL,NULL,1,NULL,8.3,51,'NONE','Sanjida Akter Meghla to Bosch, no run',1758795050313,0),(494,135090,NULL,NULL,NULL,NULL,NULL,NULL,NULL,NULL,NULL,NULL,NULL,NULL,NULL,NULL,1,NULL,8.2,50,'NONE','Sanjida Akter Meghla to Bosch, no run',1758795049299,0),(495,135090,NULL,NULL,NULL,NULL,NULL,NULL,NULL,NULL,NULL,NULL,NULL,NULL,NULL,NULL,1,NULL,8.1,49,'NONE','Sanjida Akter Meghla to Tazmin Brits, 1 run',1758795048901,0),(496,135090,NULL,NULL,NULL,NULL,NULL,NULL,NULL,NULL,NULL,NULL,NULL,NULL,NULL,NULL,1,NULL,0,0,'NONE','B0$',1758795036171,0),(497,135090,NULL,NULL,NULL,NULL,NULL,NULL,NULL,NULL,NULL,NULL,NULL,NULL,NULL,NULL,1,NULL,0,0,'NONE','B0$',1758794989925,0),(498,135090,NULL,NULL,NULL,NULL,NULL,NULL,NULL,NULL,NULL,NULL,NULL,NULL,NULL,NULL,1,NULL,7.6,48,'over-break,WICKET','Nahida Akter to Kapp, B0$ Bowled!! B1$',1758794818058,0),(499,135090,NULL,NULL,NULL,NULL,NULL,NULL,NULL,NULL,NULL,NULL,NULL,NULL,NULL,NULL,1,NULL,0,0,'NONE','Nahida Akter to Kapp, B0$ Bowled!!',1758794816797,0),(500,135090,NULL,NULL,NULL,NULL,NULL,NULL,NULL,NULL,NULL,NULL,NULL,NULL,NULL,NULL,1,NULL,7.5,47,'FOUR','Nahida Akter to Kapp, B0$',1758794784167,0),(501,135090,NULL,NULL,NULL,NULL,NULL,NULL,NULL,NULL,NULL,NULL,NULL,NULL,NULL,NULL,1,NULL,7.4,46,'NONE','Nahida Akter to Kapp, 2 runs',1758794782511,0),(502,135090,NULL,NULL,NULL,NULL,NULL,NULL,NULL,NULL,NULL,NULL,NULL,NULL,NULL,NULL,1,NULL,7.3,45,'NONE','Nahida Akter to Kapp, no run',1758794779095,0),(503,135090,NULL,NULL,NULL,NULL,NULL,NULL,NULL,NULL,NULL,NULL,NULL,NULL,NULL,NULL,1,NULL,7.2,44,'NONE','Nahida Akter to Kapp, no run',1758794778713,0),(504,135090,NULL,NULL,NULL,NULL,NULL,NULL,NULL,NULL,NULL,NULL,NULL,NULL,NULL,NULL,1,NULL,7.1,43,'NONE','Nahida Akter to Kapp, no run',1758794778306,0),(505,135090,NULL,NULL,NULL,NULL,NULL,NULL,NULL,NULL,NULL,NULL,NULL,NULL,NULL,NULL,1,NULL,0,0,'NONE','B0$',1758794775367,0),(506,135090,NULL,NULL,NULL,NULL,NULL,NULL,NULL,NULL,NULL,NULL,NULL,NULL,NULL,NULL,1,NULL,6.6,42,'over-break','Marufa Akter to Tazmin Brits, no run',1758794660106,0),(507,135090,NULL,NULL,NULL,NULL,NULL,NULL,NULL,NULL,NULL,NULL,NULL,NULL,NULL,NULL,1,NULL,6.5,41,'NONE','Marufa Akter to Tazmin Brits, no run',1758794659776,0),(508,135096,NULL,NULL,NULL,NULL,NULL,NULL,NULL,NULL,NULL,NULL,NULL,NULL,NULL,NULL,1,NULL,0,0,'NONE','B0$ No result due to rain',1758808520997,0),(509,135096,NULL,NULL,NULL,NULL,NULL,NULL,NULL,NULL,NULL,NULL,NULL,NULL,NULL,NULL,1,NULL,0,0,'NONE','B0$ Rain stops play',1758795316805,0),(510,135096,NULL,NULL,NULL,NULL,NULL,NULL,NULL,NULL,NULL,NULL,NULL,NULL,NULL,NULL,1,NULL,7.3,45,'NONE','Diana Baig to Harshitha Madavi, no run',1758795108627,0),(511,135096,NULL,NULL,NULL,NULL,NULL,NULL,NULL,NULL,NULL,NULL,NULL,NULL,NULL,NULL,1,NULL,7.2,44,'NONE','Diana Baig to Harshitha Madavi, no run',1758795108147,0),(512,135096,NULL,NULL,NULL,NULL,NULL,NULL,NULL,NULL,NULL,NULL,NULL,NULL,NULL,NULL,1,NULL,7.1,43,'NONE','Diana Baig to Harshitha Madavi, no run',1758795107665,0),(513,135096,NULL,NULL,NULL,NULL,NULL,NULL,NULL,NULL,NULL,NULL,NULL,NULL,NULL,NULL,1,NULL,6.6,42,'over-break','Fatima Sana to Hasini Perera, 2 runs',1758794906905,0),(514,135096,NULL,NULL,NULL,NULL,NULL,NULL,NULL,NULL,NULL,NULL,NULL,NULL,NULL,NULL,1,NULL,6.5,41,'NONE','Fatima Sana to Hasini Perera, 2 runs',1758794830203,0),(515,135096,NULL,NULL,NULL,NULL,NULL,NULL,NULL,NULL,NULL,NULL,NULL,NULL,NULL,NULL,1,NULL,6.4,40,'FOUR','Fatima Sana to Hasini Perera, B0$',1758794726902,0),(516,135096,NULL,NULL,NULL,NULL,NULL,NULL,NULL,NULL,NULL,NULL,NULL,NULL,NULL,NULL,1,NULL,6.3,39,'NONE','Fatima Sana to Hasini Perera, no run',1758794724877,0),(517,135096,NULL,NULL,NULL,NULL,NULL,NULL,NULL,NULL,NULL,NULL,NULL,NULL,NULL,NULL,1,NULL,6.2,38,'DROPPED','Fatima Sana to Hasini Perera, no run',1758794675756,0),(518,135096,NULL,NULL,NULL,NULL,NULL,NULL,NULL,NULL,NULL,NULL,NULL,NULL,NULL,NULL,1,NULL,6.1,37,'NONE','Fatima Sana to Hasini Perera, no run',1758794675342,0),(519,135096,NULL,NULL,NULL,NULL,NULL,NULL,NULL,NULL,NULL,NULL,NULL,NULL,NULL,NULL,1,NULL,5.6,36,'over-break','Diana Baig to Hasini Perera, 1 run',1758794570296,0),(520,135096,NULL,NULL,NULL,NULL,NULL,NULL,NULL,NULL,NULL,NULL,NULL,NULL,NULL,NULL,1,NULL,5.5,35,'NONE','Diana Baig to Hasini Perera, no run',1758794568639,0),(521,135096,NULL,NULL,NULL,NULL,NULL,NULL,NULL,NULL,NULL,NULL,NULL,NULL,NULL,NULL,1,NULL,5.4,34,'NONE','Diana Baig to Hasini Perera, no run',1758794567830,0),(522,135096,NULL,NULL,NULL,NULL,NULL,NULL,NULL,NULL,NULL,NULL,NULL,NULL,NULL,NULL,1,NULL,5.3,33,'NONE','Diana Baig to Hasini Perera, no run',1758794567428,0),(523,135096,NULL,NULL,NULL,NULL,NULL,NULL,NULL,NULL,NULL,NULL,NULL,NULL,NULL,NULL,1,NULL,5.2,32,'NONE','Diana Baig to Hasini Perera, no run',1758794567056,0),(524,135096,NULL,NULL,NULL,NULL,NULL,NULL,NULL,NULL,NULL,NULL,NULL,NULL,NULL,NULL,1,NULL,5.1,31,'NONE','Diana Baig to Hasini Perera, no run',1758794566644,0),(525,135096,NULL,NULL,NULL,NULL,NULL,NULL,NULL,NULL,NULL,NULL,NULL,NULL,NULL,NULL,1,NULL,4.6,30,'over-break','Fatima Sana to Harshitha Madavi, no run',1758794438527,0),(526,135096,NULL,NULL,NULL,NULL,NULL,NULL,NULL,NULL,NULL,NULL,NULL,NULL,NULL,NULL,1,NULL,4.5,29,'NONE','Fatima Sana to Harshitha Madavi, no run',1758794264362,0),(527,135096,NULL,NULL,NULL,NULL,NULL,NULL,NULL,NULL,NULL,NULL,NULL,NULL,NULL,NULL,1,NULL,4.4,28,'NONE','Fatima Sana to Harshitha Madavi, 2 runs',1758794263936,0),(528,135079,NULL,NULL,NULL,NULL,NULL,NULL,NULL,NULL,NULL,NULL,NULL,NULL,NULL,NULL,2,NULL,0,0,'PARTNERSHIP','B0$India A Women won by 4 wkts - 2nd inns reduced to 40 overs - Target 224 - B1$ - due to rain',1758802015590,0),(529,135079,NULL,NULL,NULL,NULL,NULL,NULL,NULL,NULL,NULL,NULL,NULL,NULL,NULL,NULL,2,NULL,39.3,237,'FOUR','Eden Carson to Mamatha Madiwala, B0$',1758801908723,0),(530,135079,NULL,NULL,NULL,NULL,NULL,NULL,NULL,NULL,NULL,NULL,NULL,NULL,NULL,NULL,2,NULL,39.2,236,'NONE','Eden Carson to Minnu Mani, 1 run',1758801907183,0),(531,135079,NULL,NULL,NULL,NULL,NULL,NULL,NULL,NULL,NULL,NULL,NULL,NULL,NULL,NULL,2,NULL,39.1,235,'PARTNERSHIP','Eden Carson to Mamatha Madiwala, 1 run',1758801898488,0),(532,135079,NULL,NULL,NULL,NULL,NULL,NULL,NULL,NULL,NULL,NULL,NULL,NULL,NULL,NULL,2,NULL,38.6,234,'over-break,FOUR','Devine to Minnu Mani, B0$',1758801893926,0),(533,135079,NULL,NULL,NULL,NULL,NULL,NULL,NULL,NULL,NULL,NULL,NULL,NULL,NULL,NULL,2,NULL,0,0,'NONE','B0$',1758801875042,0),(534,135079,NULL,NULL,NULL,NULL,NULL,NULL,NULL,NULL,NULL,NULL,NULL,NULL,NULL,NULL,2,NULL,0,0,'NONE','B0$ Rain stops play',1758797854329,0),(535,135079,NULL,NULL,NULL,NULL,NULL,NULL,NULL,NULL,NULL,NULL,NULL,NULL,NULL,NULL,2,NULL,38.5,233,'NONE','Devine to Minnu Mani, no run',1758797694611,0),(536,135079,NULL,NULL,NULL,NULL,NULL,NULL,NULL,NULL,NULL,NULL,NULL,NULL,NULL,NULL,2,NULL,38.4,232,'NONE','Devine to Mamatha Madiwala, 1 run',1758797692773,0),(537,135079,NULL,NULL,NULL,NULL,NULL,NULL,NULL,NULL,NULL,NULL,NULL,NULL,NULL,NULL,2,NULL,38.3,231,'NONE','Devine to Minnu Mani, 1 run',1758797408636,0),(538,135079,NULL,NULL,NULL,NULL,NULL,NULL,NULL,NULL,NULL,NULL,NULL,NULL,NULL,NULL,2,NULL,38.2,230,'NONE','Devine to Minnu Mani, no run',1758797406219,0),(539,135079,NULL,NULL,NULL,NULL,NULL,NULL,NULL,NULL,NULL,NULL,NULL,NULL,NULL,NULL,2,NULL,38.1,229,'SIX','Devine to Minnu Mani, B0$',1758797402389,0),(540,135079,NULL,NULL,NULL,NULL,NULL,NULL,NULL,NULL,NULL,NULL,NULL,NULL,NULL,NULL,2,NULL,0,0,'NONE','B0$',1758797398900,0),(541,135079,NULL,NULL,NULL,NULL,NULL,NULL,NULL,NULL,NULL,NULL,NULL,NULL,NULL,NULL,2,NULL,37.6,228,'over-break','Eden Carson to Minnu Mani, 1 run',1758797389517,0),(542,135079,NULL,NULL,NULL,NULL,NULL,NULL,NULL,NULL,NULL,NULL,NULL,NULL,NULL,NULL,2,NULL,37.5,227,'NONE','Eden Carson to Minnu Mani, no run',1758797385532,0),(543,135079,NULL,NULL,NULL,NULL,NULL,NULL,NULL,NULL,NULL,NULL,NULL,NULL,NULL,NULL,2,NULL,37.4,226,'FIFTY','Eden Carson to Mamatha Madiwala, 1 run',1758797380875,0),(544,135079,NULL,NULL,NULL,NULL,NULL,NULL,NULL,NULL,NULL,NULL,NULL,NULL,NULL,NULL,2,NULL,37.3,225,'NONE','Eden Carson to Mamatha Madiwala, no run',1758797378940,0),(545,135079,NULL,NULL,NULL,NULL,NULL,NULL,NULL,NULL,NULL,NULL,NULL,NULL,NULL,NULL,2,NULL,37.2,224,'NONE','Eden Carson to Minnu Mani, 1 run',1758797375429,0),(546,135079,NULL,NULL,NULL,NULL,NULL,NULL,NULL,NULL,NULL,NULL,NULL,NULL,NULL,NULL,2,NULL,37.1,223,'NONE','Eden Carson to Minnu Mani, 2 runs',1758797373385,0),(547,135079,NULL,NULL,NULL,NULL,NULL,NULL,NULL,NULL,NULL,NULL,NULL,NULL,NULL,NULL,2,NULL,0,0,'NONE','B0$',1758797368276,0);
/*!40000 ALTER TABLE `match_commentary` ENABLE KEYS */;
UNLOCK TABLES;

--
-- Table structure for table `match_info`
--

DROP TABLE IF EXISTS `match_info`;
/*!40101 SET @saved_cs_client     = @@character_set_client */;
/*!50503 SET character_set_client = utf8mb4 */;
CREATE TABLE `match_info` (
  `matchId` bigint DEFAULT NULL,
  `seriesId` bigint DEFAULT NULL,
  `seriesName` text,
  `matchDesc` text,
  `matchFormat` text,
  `startDate` text,
  `endDate` text,
  `state` text,
  `status` text,
  `currBatTeamId` bigint DEFAULT NULL,
  `seriesStartDt` text,
  `seriesEndDt` text,
  `isTimeAnnounced` tinyint(1) DEFAULT NULL,
  `stateTitle` text,
  `match_type` text,
  `series_id` bigint DEFAULT NULL,
  `series_name` text,
  `fetched_at` datetime DEFAULT NULL
) ENGINE=InnoDB DEFAULT CHARSET=utf8mb4 COLLATE=utf8mb4_0900_ai_ci;
/*!40101 SET character_set_client = @saved_cs_client */;

--
-- Dumping data for table `match_info`
--

LOCK TABLES `match_info` WRITE;
/*!40000 ALTER TABLE `match_info` DISABLE KEYS */;
INSERT INTO `match_info` VALUES (122517,10201,'Australia tour of New Zealand, 2025','1st T20I','T20','1759299300000','1759311900000','In Progress','Australia opt to bowl',13,'1759276800000','1759708800000',1,'In Progress','International',10201,'Australia tour of New Zealand, 2025','2025-10-01 12:30:01'),(123650,10300,'Irani Cup 2025','Irani Cup','TEST','1759291200000','1759662000000','Lunch','Day 1: Lunch Break',248,'1759276800000','1759795200000',1,'Lunch','Domestic',10300,'Irani Cup 2025','2025-10-01 12:30:01'),(131020,10636,'India Under 19 tour of Australia, 2025','1st Youth Test','TEST','1759190400000','1759474800000','In Progress','Day 2: 3rd Session - Australia U19 trail by 179 runs',129,'1758412800000','1760227200000',1,'In Progress','Domestic',10636,'India Under 19 tour of Australia, 2025','2025-10-01 12:30:01');
/*!40000 ALTER TABLE `match_info` ENABLE KEYS */;
UNLOCK TABLES;

--
-- Table structure for table `player_info`
--

DROP TABLE IF EXISTS `player_info`;
/*!40101 SET @saved_cs_client     = @@character_set_client */;
/*!50503 SET character_set_client = utf8mb4 */;
CREATE TABLE `player_info` (
  `player_id` int NOT NULL,
  `player_name` varchar(255) DEFAULT NULL,
  `role` varchar(100) DEFAULT NULL,
  `dob` varchar(100) DEFAULT NULL,
  `birth_place` varchar(255) DEFAULT NULL,
  `country` varchar(100) DEFAULT NULL,
  `batting_style` varchar(100) DEFAULT NULL,
  `bowling_style` varchar(100) DEFAULT NULL,
  `major_teams` text,
  `playing_role` varchar(100) DEFAULT NULL,
  PRIMARY KEY (`player_id`)
) ENGINE=InnoDB DEFAULT CHARSET=utf8mb4 COLLATE=utf8mb4_0900_ai_ci;
/*!40101 SET character_set_client = @saved_cs_client */;

--
-- Dumping data for table `player_info`
--

LOCK TABLES `player_info` WRITE;
/*!40000 ALTER TABLE `player_info` DISABLE KEYS */;
INSERT INTO `player_info` VALUES (576,'Rohit Sharma','Batsman','April 30, 1987','Nagpur, Maharashtra','India','Right Handed Bat','Right-arm offbreak','India, Deccan Chargers, India A, India Green, India U19, Mumbai, Mumbai Indians, Indians, India Blue, Board Presidents XI','Batsman'),(587,'Ravindra Jadeja','Bowling Allrounder','December 06, 1988','Navagam-Khed, Saurashtra','India','Left Handed Bat','Left-arm orthodox','India, India U19, Rajasthan Royals, Saurashtra, Board Presidents XI, Kochi Tuskers Kerala, Chennai Super Kings, India B, Indians, India A, Gujarat Lions, India Blue, Rest of India','Bowling Allrounder'),(1413,'Virat Kohli','Batsman','November 05, 1988','Delhi','India','Right Handed Bat','Right-arm medium','India, Delhi, India Red, India U19, Royal Challengers Bengaluru, Board Presidents XI, North Zone, Indians, India A, Asia XI','Batsman'),(7915,'Suryakumar Yadav','Batsman','September 14, 1990','Mumbai, Maharashtra','India','Right Handed Bat','Right-arm offbreak','Mumbai Indians, Mumbai, India A, Mumbai A, West Zone, Kolkata Knight Riders, India AT20, India B, India Blue, India Red, India C, Triumphs Knights MNE, India, Indians','Batsman'),(8257,'Karun Nair','Batsman','December 06, 1991','Jodhpur','India','Right Handed Bat','Right-arm offbreak','India, Royal Challengers Bengaluru, Karnataka, Rajasthan Royals, South Zone, India A, Mangalore Dragons, Indian Board Presidents XI, Rest of India, Delhi Capitals, Mysore Warriors, India Green, Punjab Kings, Board Presidents XI, India Red, Kolkata Knight Riders, Lucknow Super Giants, Vidarbha, Northamptonshire','Batsman'),(8271,'Sanju Samson','WK-Batsman','November 11, 1994','Pulluvila, Vizhinjam, Trivandrum','India','Right Handed Bat','','India, Kolkata Knight Riders, India U19, Kerala, East Zone, South Zone, Rajasthan Royals, India A, Indians, India AT20, Delhi Capitals, Indian Board Presidents XI, Kochi Blue Tigers','WK-Batsman'),(8292,'Kuldeep Yadav','Bowler','December 14, 1994','Kanpur, Uttar Pradesh ','India','Left Handed Bat','Left-arm wrist-spin','India, India U19, Kolkata Knight Riders, Central Zone, India A, Uttar Pradesh, India AT20, Indian Board Presidents XI, India Red, Rest of India, Asia XI, Delhi Capitals','Bowler'),(8683,'Shardul Thakur','Bowling Allrounder','October 16, 1991','Palghar, Maharashtra ','India','Right Handed Bat','Right-arm fast-medium','India, Tata Sports Club, Mumbai A, Mumbai, Punjab Kings, West Zone, Rest of India, India A, Indian Board Presidents XI, India B, Mumbai Cricket Association XI, India Blue, Rising Pune Supergiant, Chennai Super Kings, Eagle Thane Strikers, Board Presidents XI, Indians, Delhi Capitals, Kolkata Knight Riders, Lucknow Super Giants','Bowling Allrounder'),(8733,'KL Rahul','WK-Batsman','April 18, 1992','Mangaluru, Karnataka ','India','Right Handed Bat','','India, Karnataka, East Zone, South Zone, Royal Challengers Bengaluru, India A, Sunrisers Hyderabad, Indians, Hubli Tigers, Indian Board Presidents XI, Bellary Tuskers, Punjab Kings, Asia XI, Lucknow Super Giants, Delhi Capitals','WK-Batsman'),(8808,'Axar Patel','Bowling Allrounder','January 20, 1994','Anand, Gujarat','India','Left Handed Bat','Left-arm orthodox','India, Gujarat, Mumbai Indians, Punjab Kings, West Zone, India A, India Red, India B, Durham, Delhi Capitals, India C, Indians, Haryana','Bowling Allrounder'),(9129,'Nida Dar','Bowling Allrounder','January 02, 1987','Gujranwala, Punjab','Pakistan','Right Handed Bat','Right-arm offbreak','Pakistan Women, Sydney Thunder Women','Bowling Allrounder'),(9311,'Jasprit Bumrah','Bowler','December 06, 1993',' Ahmedabad','India','Right Handed Bat','Right-arm fast','India, Mumbai Indians, Gujarat, West Zone, India A, India Green, Indians, Leicestershire','Bowler'),(9428,'Shreyas Iyer','Batsman','December 06, 1994','Mumbai','India','Right Handed Bat','Right-arm legbreak','India, India U19, West Zone, Mumbai, Delhi Capitals, India A, Indian Board Presidents XI, India B, Mumbai Cricket Association XI, India Blue, India Green, Board Presidents XI, Rest of India, NaMo Bandra Blasters, Kolkata Knight Riders, Punjab Kings, SoBo Mumbai Falcons','Batsman'),(9647,'Hardik Pandya','Batting Allrounder','October 11, 1993','Choryasi, Gujarat','India','Right Handed Bat','Right-arm fast-medium','India, Baroda, Mumbai Indians, India A, India AT20, Indian Board Presidents XI, World XI, Gujarat Titans, Indians','Batting Allrounder'),(10276,'Ishan Kishan','WK-Batsman','July 18, 1998','Patna, Bihar','India','Left Handed Bat','','Jharkhand, India U19, Gujarat Lions, India A, Rest of India, East Zone, India Blue, Mumbai Indians, Board Presidents XI, India B, Indian Board Presidents XI, India Red, India C, India, Indians, Sunrisers Hyderabad, Nottinghamshire','WK-Batsman'),(10551,'Prasidh Krishna','Bowler','February 19, 1996','','India','Right Handed Bat','Right-arm fast','Bellary Tuskers, Karnataka, India Blue, India A, Bengaluru Blasters, Kolkata Knight Riders, India B, Mysore Warriors, India Red, Board Presidents XI, India U23, India, Rajasthan Royals, Leicestershire, Indians, Gujarat Titans','Bowler'),(10636,'Rajat Patidar','Batsman','June 01, 1993','Indore, Madhya Pradesh','India','Right Handed Bat','Right-arm offbreak','Madhya Pradesh, India B, India Blue, Royal Challengers Bengaluru, India A, India, India C, Gwalior Cheetahs, Central Zone','Batsman'),(10744,'Rishabh Pant','WK-Batsman','October 04, 1997','Haridwar, Uttarakhand','India','Left Handed Bat','','Delhi, India U19, Delhi Capitals, India, India A, North Zone, India Blue, India Red, Indian Board Presidents XI, Asia XI, Indians, Leicestershire, Lucknow Super Giants, Purani Dilli 6','WK-Batsman'),(10754,'Mukesh Kumar','Bowler','October 12, 1993','Gopalganj, Bihar','India','Right Handed Bat','Right-arm fast-medium','Bengal, India A, Rest of India, India, Delhi Capitals, East Zone','Bowler'),(10808,'Mohammed Siraj','Bowler','March 13, 1994','Hyderabad ','India','Right Handed Bat','Right-arm fast','Hyderabad, Rest of India, India A, Sunrisers Hyderabad, India Green, India, Royal Challengers Bengaluru, India B, Indians, Warwickshire, Gujarat Titans','Bowler'),(10896,'Rinku Singh','Batsman','October 12, 1997','Aligarh, Uttar Pradesh','India','Left Handed Bat','Right-arm offbreak','Uttar Pradesh, Punjab Kings, Services, Kolkata Knight Riders, Rest of India, India A, Central Zone, India, , Meerut Mavericks','Batsman'),(10945,'Washington Sundar','Bowling Allrounder','October 05, 1999','Chennai, Tamil Nadu ','India','Left Handed Bat','Right-arm offbreak','India U19, Tamil Nadu, TUTI Patriots, Rising Pune Supergiant, Indian Board Presidents XI, India Red, India, Royal Challengers Bengaluru, India C, India A, Salem Spartans, Professional County Club Select XI, Sunrisers Hyderabad, Lancashire, Siechem Madurai Panthers, South Zone, Gujarat Titans, Trichy Grand Cholas, Hampshire','Bowling Allrounder'),(11195,'Shivam Dube','Batting Allrounder','June 26, 1993','Mumbai','India','Left Handed Bat','Right-arm medium','Mumbai, Royal Challengers Bengaluru, Shivaji Park Lions, India A, India U23, India, Rajasthan Royals, Chennai Super Kings, West Zone, ARCS Andheri','Batting Allrounder'),(11808,'Shubman Gill','Batsman','September 08, 1999','Firozpur,  Punjab','India','Right Handed Bat','Right-arm offbreak','Punjab, India U19, India U23, India A, Kolkata Knight Riders, India B, India, India C, India Blue, Gujarat Titans, Leicestershire, Glamorgan, North Zone','Batsman'),(11813,'Ruturaj Gaikwad','Batsman','January 31, 1997','Pune, Maharashtra','India','Right Handed Bat','Right-arm offbreak','Maharashtra, India Blue, India A, India B, India U23, Chennai Super Kings, India, Indians, West Zone, India C, Puneri Bappa','Batsman'),(12086,'Abhishek Sharma','Batting Allrounder','September 04, 2000','Amritsar, Punjab','India','Left Handed Bat','Left-arm orthodox','India U19, Panchkula Kings, Punjab, Delhi Capitals, Sunrisers Hyderabad, North Zone, India','Batting Allrounder'),(12926,'Varun Chakaravarthy','Bowler','August 29, 1991','Bidar, Karnataka','India','Right Handed Bat','Right-arm legbreak','Karaikudi Kaalai, Siechem Madurai Panthers, Tamil Nadu, Punjab Kings, Kolkata Knight Riders, India, Dindigul Dragons','Bowler'),(13217,'Arshdeep Singh','Bowler','February 05, 1999','Guna, Madhya Pradesh','India','Left Handed Bat','Left-arm fast-medium','India U19, Punjab, Punjab Kings, India U23, India, Indians, Kent, India A, North Zone','Bowler'),(13866,'Sai Sudharsan','Batsman','October 15, 2001','Chennai','India','Left Handed Bat','Right-arm legbreak','Chepauk Super Gillies, Lyca Kovai Kings, Tamil Nadu, Gujarat Titans, South Zone, India A, India, India C','Batsman'),(13940,'Yashasvi Jaiswal','Batsman','December 28, 2001','Suriya, Uttar Pradesh','India','Left Handed Bat','Right-arm legbreak','India U19, Mumbai, India U19 A, North Mumbai Panthers, India B, Rajasthan Royals, West Zone, Rest of India, India A, India','Batsman'),(14504,'Tilak Varma','Batsman','November 08, 2002','Guntur, Andhra Pradesh','India','Left Handed Bat','Right-arm offbreak','Hyderabad, India U19 B, India U19, Mumbai Indians, India A, South Zone, India, Hampshire','Batsman'),(14659,'Ravi Bishnoi','Bowler','September 05, 2000','Jodhpur, Rajasthan','India','Right Handed Bat','Right-arm legbreak','Rajasthan, India U19 A, India U19, India A, Punjab Kings, India, Lucknow Super Giants, Indians, Gujarat','Bowler'),(14691,'Dhruv Jurel','WK-Batsman','January 21, 2001','Agra, Uttar Pradesh','India','Right Handed Bat','','India U19 A, India U19, Uttar Pradesh, Rajasthan Royals, Central Zone, India A, India, Gaur Gorakhapur Lions','WK-Batsman'),(14701,'Nitish Kumar Reddy','Batting Allrounder','May 26, 2003','Visakhapatnam, Andhra Pradesh','India','Right Handed Bat','Right-arm fast-medium','India U19 B, Andhra, Sunrisers Hyderabad, India A, India, Bhimavaram Bulls','Batting Allrounder'),(14726,'Akash Deep','Bowler','December 15, 1996','Dehri, Rohtas, Bihar','India','Right Handed Bat','Right-arm fast-medium','Bengal, Royal Challengers Bengaluru, East Zone, Rest of India, India A, India, Lucknow Super Giants','Bowler'),(24729,'Harshit Rana','Bowler','December 22, 2001','New Delhi','India','Right Handed Bat','Right-arm fast-medium','Kolkata Knight Riders, Delhi, North Zone, India, India A, North Delhi Strikers','Bowler');
/*!40000 ALTER TABLE `player_info` ENABLE KEYS */;
UNLOCK TABLES;

--
-- Table structure for table `player_stats`
--

DROP TABLE IF EXISTS `player_stats`;
/*!40101 SET @saved_cs_client     = @@character_set_client */;
/*!50503 SET character_set_client = utf8mb4 */;
CREATE TABLE `player_stats` (
  `player_id` int NOT NULL,
  `player_name` varchar(255) DEFAULT NULL,
  `format_type` varchar(20) NOT NULL,
  `matches` int DEFAULT '0',
  `innings` int DEFAULT '0',
  `runs` int DEFAULT '0',
  `balls` int DEFAULT '0',
  `highest` varchar(10) DEFAULT '0',
  `average` decimal(6,2) DEFAULT '0.00',
  `strike_rate` decimal(6,2) DEFAULT '0.00',
  `not_out` int DEFAULT '0',
  `wickets` int DEFAULT '0',
  `bowling_average` decimal(6,2) DEFAULT '0.00',
  `bowling_strike_rate` decimal(6,2) DEFAULT '0.00',
  `economy_rate` decimal(6,2) DEFAULT '0.00',
  `overs_bowled` decimal(8,1) DEFAULT '0.0',
  `maidens` int DEFAULT '0',
  `runs_conceded` int DEFAULT '0',
  `best_bowling` varchar(10) DEFAULT '0/0',
  `five_wickets` int DEFAULT '0',
  `ten_wickets` int DEFAULT '0',
  `fours` int DEFAULT '0',
  `sixes` int DEFAULT '0',
  `ducks` int DEFAULT '0',
  `fifties` int DEFAULT '0',
  `hundreds` int DEFAULT '0',
  `two_hundreds` int DEFAULT '0',
  `three_hundreds` int DEFAULT '0',
  `four_hundreds` int DEFAULT '0',
  `created_at` timestamp NULL DEFAULT CURRENT_TIMESTAMP,
  `updated_at` timestamp NULL DEFAULT CURRENT_TIMESTAMP ON UPDATE CURRENT_TIMESTAMP,
  PRIMARY KEY (`player_id`,`format_type`),
  KEY `idx_player_name` (`player_name`),
  KEY `idx_format` (`format_type`),
  KEY `idx_runs` (`runs` DESC),
  KEY `idx_wickets` (`wickets` DESC)
) ENGINE=InnoDB DEFAULT CHARSET=utf8mb4 COLLATE=utf8mb4_0900_ai_ci;
/*!40101 SET character_set_client = @saved_cs_client */;

--
-- Dumping data for table `player_stats`
--

LOCK TABLES `player_stats` WRITE;
/*!40000 ALTER TABLE `player_stats` DISABLE KEYS */;
INSERT INTO `player_stats` VALUES (25,'Sachin Tendulkar','IPL',78,78,2334,1948,'100',33.83,119.82,9,0,0.00,0.00,9.67,6.0,0,58,'0/7',0,0,295,29,4,13,1,0,0,0,'2025-09-22 12:18:55','2025-09-22 12:18:55'),(25,'Sachin Tendulkar','ODI',463,452,18426,21367,'200',44.83,86.24,41,154,44.48,52.30,5.10,1342.3,24,6850,'5/32',2,0,2016,195,20,96,49,1,0,0,'2025-09-22 12:18:55','2025-09-22 12:18:55'),(25,'Sachin Tendulkar','T20',1,1,10,12,'10',10.00,83.34,0,1,12.00,15.00,4.80,2.5,0,12,'1/12',0,0,2,0,0,0,0,0,0,0,'2025-09-22 12:18:55','2025-09-22 12:18:55'),(25,'Sachin Tendulkar','Test',200,329,15921,29437,'248',53.79,54.09,33,46,54.17,92.17,3.53,706.7,83,2492,'3/10',0,0,2058,69,14,68,51,6,0,0,'2025-09-22 12:18:55','2025-09-22 12:18:55'),(27,'Rahul Dravid','IPL',89,82,2174,1882,'75',28.23,115.52,5,0,0.00,0.00,0.00,0.0,0,0,'0/0',0,0,268,28,3,11,0,0,0,0,'2025-09-22 12:19:17','2025-09-22 12:19:17'),(27,'Rahul Dravid','ODI',344,318,10889,15284,'153',39.17,71.25,40,4,42.50,46.50,5.48,31.0,1,170,'2/43',0,0,950,42,13,83,12,0,0,0,'2025-09-22 12:19:17','2025-09-22 12:19:17'),(27,'Rahul Dravid','T20',1,1,31,21,'31',31.00,147.62,0,0,0.00,0.00,0.00,0.0,0,0,'0/0',0,0,0,3,0,0,0,0,0,0,'2025-09-22 12:19:17','2025-09-22 12:19:17'),(27,'Rahul Dravid','Test',164,286,13288,31258,'270',52.31,42.52,32,1,39.00,120.00,1.95,20.0,4,39,'1/18',0,0,1655,21,8,63,36,5,0,0,'2025-09-22 12:19:17','2025-09-22 12:19:17'),(29,'Sourav Ganguly','IPL',59,56,1349,1263,'91',25.45,106.81,3,10,36.30,27.60,7.89,46.0,0,363,'2/21',0,0,137,42,4,7,0,0,0,0,'2025-09-22 12:19:13','2025-09-22 12:19:13'),(29,'Sourav Ganguly','ODI',311,300,11363,15416,'183',40.73,73.71,21,100,38.49,45.61,5.06,760.2,30,3849,'5/16',2,0,1122,190,16,72,22,0,0,0,'2025-09-22 12:19:13','2025-09-22 12:19:13'),(29,'Sourav Ganguly','T20',0,0,0,0,'0',0.00,0.00,0,0,0.00,0.00,0.00,0.0,0,0,'0/0',0,0,0,0,0,0,0,0,0,0,'2025-09-22 12:19:13','2025-09-22 12:19:13'),(29,'Sourav Ganguly','Test',113,188,7212,14070,'239',42.18,51.26,17,32,52.53,97.41,3.24,519.5,110,1681,'3/28',0,0,900,57,13,35,16,1,0,0,'2025-09-22 12:19:13','2025-09-22 12:19:13'),(34,'Mohammad Yousuf','IPL',0,0,0,0,'0',0.00,0.00,0,0,0.00,0.00,0.00,0.0,0,0,'0/0',0,0,0,0,0,0,0,0,0,0,'2025-09-22 12:19:28','2025-09-22 12:19:28'),(34,'Mohammad Yousuf','ODI',288,273,9720,12942,'141',41.72,75.11,40,1,1.00,2.00,0.00,0.3,0,1,'1/0',0,0,785,90,15,64,15,0,0,0,'2025-09-22 12:19:28','2025-09-22 12:19:28'),(34,'Mohammad Yousuf','T20',3,3,50,43,'26',16.67,116.28,0,0,0.00,0.00,0.00,0.0,0,0,'0/0',0,0,5,1,0,0,0,0,0,0,'2025-09-22 12:19:28','2025-09-22 12:19:28'),(34,'Mohammad Yousuf','Test',90,156,7530,14372,'223',52.29,52.40,12,0,0.00,0.00,3.00,1.0,0,3,'0/3',0,0,957,51,11,33,24,4,0,0,'2025-09-22 12:19:28','2025-09-22 12:19:28'),(35,'Inzamam-ul-Haq','IPL',0,0,0,0,'0',0.00,0.00,0,0,0.00,0.00,0.00,0.0,0,0,'0/0',0,0,0,0,0,0,0,0,0,0,'2025-09-22 12:19:08','2025-09-22 12:19:08'),(35,'Inzamam-ul-Haq','ODI',378,350,11739,15812,'137',39.53,74.25,53,3,21.33,19.33,6.62,9.7,1,64,'1/0',0,0,971,144,20,83,10,0,0,0,'2025-09-22 12:19:08','2025-09-22 12:19:08'),(35,'Inzamam-ul-Haq','T20',1,1,11,15,'11',0.00,73.34,1,0,0.00,0.00,0.00,0.0,0,0,'0/0',0,0,0,1,0,0,0,0,0,0,'2025-09-22 12:19:08','2025-09-22 12:19:08'),(35,'Inzamam-ul-Haq','Test',120,200,8830,16345,'329',49.33,54.03,21,0,0.00,0.00,5.33,1.5,0,8,'0/8',0,0,1105,48,15,46,25,2,1,0,'2025-09-22 12:19:08','2025-09-22 12:19:08'),(36,'Adam Gilchrist','IPL',80,80,2069,1495,'109',27.22,138.40,4,1,0.00,1.00,0.00,0.2,0,0,'1/0',0,0,239,92,7,11,2,0,0,0,'2025-09-22 12:19:30','2025-09-22 12:19:30'),(36,'Adam Gilchrist','ODI',287,279,9619,9922,'172',35.89,96.95,11,0,0.00,0.00,0.00,0.0,0,0,'0/0',0,0,1162,149,19,55,16,0,0,0,'2025-09-22 12:19:30','2025-09-22 12:19:30'),(36,'Adam Gilchrist','T20',13,13,272,192,'48',22.67,141.67,1,0,0.00,0.00,0.00,0.0,0,0,'0/0',0,0,27,13,0,0,0,0,0,0,'2025-09-22 12:19:30','2025-09-22 12:19:30'),(36,'Adam Gilchrist','Test',96,137,5570,6796,'204',47.61,81.96,20,0,0.00,0.00,0.00,0.0,0,0,'0/0',0,0,677,100,14,26,17,1,0,0,'2025-09-22 12:19:30','2025-09-22 12:19:30'),(38,'Ricky Ponting','IPL',10,9,91,128,'28',10.11,71.10,0,0,0.00,0.00,0.00,0.0,0,0,'0/0',0,0,5,2,3,0,0,0,0,0,'2025-09-22 12:19:02','2025-09-22 12:19:02'),(38,'Ricky Ponting','ODI',375,365,13704,17046,'164',42.04,80.40,39,3,34.67,50.00,4.16,25.0,0,104,'1/12',0,0,1231,162,20,82,30,0,0,0,'2025-09-22 12:19:02','2025-09-22 12:19:02'),(38,'Ricky Ponting','T20',17,16,401,302,'98',28.64,132.79,2,0,0.00,0.00,0.00,0.0,0,0,'0/0',0,0,41,11,2,2,0,0,0,0,'2025-09-22 12:19:02','2025-09-22 12:19:02'),(38,'Ricky Ponting','Test',168,287,13378,22782,'257',51.85,58.73,29,5,55.20,117.40,2.82,97.8,24,276,'1/0',0,0,1509,73,17,62,41,6,0,0,'2025-09-22 12:19:02','2025-09-22 12:19:02'),(101,'Mahela Jayawardene','IPL',80,78,1802,1462,'110',28.60,123.26,15,0,0.00,0.00,0.00,0.0,0,0,'0/0',0,0,200,39,2,10,1,0,0,0,'2025-09-22 12:19:06','2025-09-22 12:19:06'),(101,'Mahela Jayawardene','ODI',448,418,12650,16019,'144',33.38,78.97,39,8,70.38,74.13,5.70,98.8,1,563,'2/56',0,0,1119,76,28,77,19,0,0,0,'2025-09-22 12:19:06','2025-09-22 12:19:06'),(101,'Mahela Jayawardene','T20',55,55,1493,1121,'100',31.77,133.19,8,0,0.00,0.00,8.00,1.0,0,8,'0/8',0,0,173,33,4,9,1,0,0,0,'2025-09-22 12:19:06','2025-09-22 12:19:06'),(101,'Mahela Jayawardene','Test',149,252,11814,22959,'374',49.85,51.46,15,6,51.67,98.17,3.16,98.2,20,310,'2/32',0,0,1387,61,15,50,34,7,1,0,'2025-09-22 12:19:06','2025-09-22 12:19:06'),(102,'Sanath Jayasuriya','IPL',30,30,768,532,'114',27.43,144.37,2,13,30.00,22.62,7.96,49.0,1,390,'3/14',0,0,84,39,2,4,1,0,0,0,'2025-09-22 12:19:04','2025-09-22 12:19:04'),(102,'Sanath Jayasuriya','ODI',445,433,13430,14723,'189',32.13,91.22,15,323,36.75,46.05,4.79,2479.0,45,11871,'6/29',4,0,1500,270,34,68,28,0,0,0,'2025-09-22 12:19:04','2025-09-22 12:19:04'),(102,'Sanath Jayasuriya','T20',31,30,629,487,'88',23.30,129.16,3,19,24.00,19.53,7.37,61.8,0,456,'3/21',0,0,76,23,4,4,0,0,0,0,'2025-09-22 12:19:04','2025-09-22 12:19:04'),(102,'Sanath Jayasuriya','Test',110,188,6973,10683,'340',40.07,65.28,14,98,34.35,83.55,2.47,1364.7,323,3366,'5/34',2,0,910,59,15,31,14,3,1,0,'2025-09-22 12:19:04','2025-09-22 12:19:04'),(104,'Kumar Sangakkara','IPL',71,68,1687,1392,'94',25.95,121.20,3,0,0.00,0.00,0.00,0.0,0,0,'0/0',0,0,195,27,4,10,0,0,0,0,'2025-09-22 12:18:58','2025-09-22 12:18:58'),(104,'Kumar Sangakkara','ODI',404,380,14234,18049,'169',41.99,78.87,41,0,0.00,0.00,0.00,0.0,0,0,'0/0',0,0,1385,88,15,93,25,0,0,0,'2025-09-22 12:18:58','2025-09-22 12:18:58'),(104,'Kumar Sangakkara','T20',56,53,1382,1156,'78',31.41,119.56,9,0,0.00,0.00,0.00,0.0,0,0,'0/0',0,0,139,20,2,8,0,0,0,0,'2025-09-22 12:18:58','2025-09-22 12:18:58'),(104,'Kumar Sangakkara','Test',134,233,12400,22882,'319',57.14,54.20,16,0,0.00,0.00,3.50,14.0,0,49,'0/4',0,0,1491,51,11,52,38,11,1,0,'2025-09-22 12:18:58','2025-09-22 12:18:58'),(105,'Tillakaratne Dilshan','IPL',52,50,1153,1007,'76',26.81,114.50,7,5,73.20,54.20,8.10,45.2,0,366,'1/3',0,0,140,24,6,9,0,0,0,0,'2025-09-22 12:19:26','2025-09-22 12:19:26'),(105,'Tillakaratne Dilshan','ODI',330,303,10290,11933,'161',39.27,86.24,41,106,45.08,55.47,4.88,980.0,22,4778,'4/4',0,0,1111,56,11,47,22,0,0,0,'2025-09-22 12:19:26','2025-09-22 12:19:26'),(105,'Tillakaratne Dilshan','T20',80,79,1889,1568,'104',28.19,120.48,12,9,34.78,28.67,7.28,43.0,0,313,'2/4',0,0,223,33,10,13,1,0,0,0,'2025-09-22 12:19:26','2025-09-22 12:19:26'),(105,'Tillakaratne Dilshan','Test',87,145,5492,8379,'193',40.99,65.55,11,39,43.85,86.79,3.03,564.2,83,1710,'4/10',0,0,677,24,14,23,16,0,0,0,'2025-09-22 12:19:26','2025-09-22 12:19:26'),(213,'Jacques Kallis','IPL',98,96,2427,2222,'89',28.55,109.23,11,65,35.28,26.80,7.90,290.3,3,2293,'3/13',0,0,255,44,9,17,0,0,0,0,'2025-09-22 12:19:10','2025-09-22 12:19:10'),(213,'Jacques Kallis','ODI',328,314,11579,15885,'139',44.36,72.90,53,273,31.79,39.38,4.84,1791.7,78,8680,'5/30',2,0,911,137,17,86,17,0,0,0,'2025-09-22 12:19:10','2025-09-22 12:19:10'),(213,'Jacques Kallis','T20',25,23,666,558,'73',35.05,119.36,4,12,27.75,23.00,7.24,46.0,1,333,'4/15',0,0,56,20,0,5,0,0,0,0,'2025-09-22 12:19:10','2025-09-22 12:19:10'),(213,'Jacques Kallis','Test',166,280,13289,28903,'224',55.37,45.98,40,292,32.65,69.29,2.83,3372.0,846,9535,'6/54',5,0,1488,97,16,58,45,2,0,0,'2025-09-22 12:19:10','2025-09-22 12:19:10'),(240,'Brian Lara','IPL',0,0,0,0,'0',0.00,0.00,0,0,0.00,0.00,0.00,0.0,0,0,'0/0',0,0,0,0,0,0,0,0,0,0,'2025-09-22 12:19:24','2025-09-22 12:19:24'),(240,'Brian Lara','ODI',299,289,10405,13086,'169',40.17,79.52,30,4,15.25,12.25,7.47,8.2,0,61,'2/5',0,0,1035,133,16,63,19,0,0,0,'2025-09-22 12:19:24','2025-09-22 12:19:24'),(240,'Brian Lara','T20',0,0,0,0,'0',0.00,0.00,0,0,0.00,0.00,0.00,0.0,0,0,'0/0',0,0,0,0,0,0,0,0,0,0,'2025-09-22 12:19:24','2025-09-22 12:19:24'),(240,'Brian Lara','Test',131,232,11953,19753,'400',52.89,60.52,6,0,0.00,0.00,2.80,10.0,1,28,'0/0',0,0,1559,88,17,48,34,9,2,1,'2025-09-22 12:19:24','2025-09-22 12:19:24'),(247,'Chris Gayle','IPL',142,141,4965,3333,'175',39.72,148.97,16,18,40.50,30.78,7.90,92.3,0,729,'3/21',0,0,405,357,8,31,6,0,0,0,'2025-09-22 12:19:22','2025-09-22 12:19:22'),(247,'Chris Gayle','ODI',301,294,10480,12019,'215',37.70,87.20,16,167,35.49,44.46,4.79,1237.3,38,5926,'5/46',1,0,1128,331,25,54,25,1,0,0,'2025-09-22 12:19:22','2025-09-22 12:19:22'),(247,'Chris Gayle','T20',79,75,1899,1381,'117',27.93,137.51,7,20,22.00,19.05,6.93,63.5,0,440,'2/15',0,0,158,124,4,14,2,0,0,0,'2025-09-22 12:19:22','2025-09-22 12:19:22'),(247,'Chris Gayle','Test',103,182,7215,11970,'333',42.19,60.28,11,73,42.74,97.38,2.63,1184.8,230,3120,'5/34',2,0,1046,98,15,37,15,3,2,0,'2025-09-22 12:19:22','2025-09-22 12:19:22'),(265,'MS Dhoni','IPL',278,242,5439,3957,'84',38.30,137.46,100,0,0.00,0.00,0.00,0.0,0,0,'0/0',0,0,375,264,6,24,0,0,0,0,'2025-09-22 12:19:20','2025-09-22 12:19:20'),(265,'MS Dhoni','ODI',350,297,10773,12303,'183',50.58,87.57,84,1,31.00,36.00,5.17,6.0,0,31,'1/14',0,0,826,229,10,73,10,0,0,0,'2025-09-22 12:19:20','2025-09-22 12:19:20'),(265,'MS Dhoni','T20',98,85,1617,1282,'56',37.60,126.14,42,0,0.00,0.00,0.00,0.0,0,0,'0/0',0,0,116,52,1,2,0,0,0,0,'2025-09-22 12:19:20','2025-09-22 12:19:20'),(265,'MS Dhoni','Test',90,144,4876,8248,'224',38.09,59.12,16,0,0.00,0.00,4.19,16.0,1,67,'0/1',0,0,544,78,10,33,6,1,0,0,'2025-09-22 12:19:20','2025-09-22 12:19:20'),(370,'AB de Villiers','IPL',184,170,5162,3403,'133',39.71,151.69,40,0,0.00,0.00,0.00,0.0,0,0,'0/0',0,0,413,251,10,40,3,0,0,0,'2025-09-22 12:19:32','2025-09-22 12:19:32'),(370,'AB de Villiers','ODI',228,218,9577,9473,'176',53.50,101.10,39,7,28.86,27.43,6.31,32.0,0,202,'2/15',0,0,840,204,7,53,25,0,0,0,'2025-09-22 12:19:32','2025-09-22 12:19:32'),(370,'AB de Villiers','T20',78,75,1672,1237,'79',26.13,135.17,11,0,0.00,0.00,0.00,0.0,0,0,'0/0',0,0,140,60,5,10,0,0,0,0,'2025-09-22 12:19:32','2025-09-22 12:19:32'),(370,'AB de Villiers','Test',114,191,8765,16076,'278',50.66,54.53,18,2,52.00,102.00,3.06,34.0,6,104,'2/49',0,0,1024,64,8,46,22,2,0,0,'2025-09-22 12:19:32','2025-09-22 12:19:32'),(576,'Rohit Sharma','IPL',272,267,7046,5334,'109',29.73,132.10,30,15,30.20,22.60,8.02,56.5,0,453,'4/6',0,0,640,302,18,47,2,0,0,0,'2025-09-22 12:19:15','2025-09-22 12:19:15'),(576,'Rohit Sharma','ODI',273,265,11168,12034,'264',48.77,92.81,36,9,59.22,67.78,5.24,101.7,2,533,'2/27',0,0,1044,344,16,58,32,3,0,0,'2025-09-22 12:19:15','2025-09-22 12:19:15'),(576,'Rohit Sharma','T20',159,151,4231,3003,'121',31.34,140.90,16,1,113.00,68.00,9.97,11.3,0,113,'1/22',0,0,383,205,12,32,5,0,0,0,'2025-09-22 12:19:15','2025-09-22 12:19:15'),(576,'Rohit Sharma','Test',67,116,4301,7538,'212',40.58,57.06,10,2,112.00,191.50,3.51,63.8,5,224,'1/26',0,0,473,88,6,18,12,1,0,0,'2025-09-22 12:19:15','2025-09-22 12:19:15'),(1413,'Virat Kohli','IPL',267,259,8661,6519,'113',39.55,132.86,40,4,92.00,62.75,8.80,41.8,0,368,'2/25',0,0,771,291,10,63,8,0,0,0,'2025-09-22 12:19:00','2025-09-22 12:19:00'),(1413,'Virat Kohli','ODI',302,290,14181,15192,'183',57.88,93.35,45,5,136.00,132.40,6.16,110.3,1,680,'1/13',0,0,1325,153,16,74,51,0,0,0,'2025-09-22 12:19:00','2025-09-22 12:19:00'),(1413,'Virat Kohli','T20',125,117,4188,3056,'122',48.70,137.05,31,4,51.00,38.00,8.05,25.3,0,204,'1/13',0,0,369,124,7,38,1,0,0,0,'2025-09-22 12:19:00','2025-09-22 12:19:00'),(1413,'Virat Kohli','Test',123,210,9230,16608,'254',46.85,55.58,13,0,0.00,0.00,2.88,29.2,2,84,'0/0',0,0,1027,30,15,31,30,7,0,0,'2025-09-22 12:19:00','2025-09-22 12:19:00'),(3531,'Aravinda de Silva','IPL',0,0,0,0,'0',0.00,0.00,0,0,0.00,0.00,0.00,0.0,0,0,'0/0',0,0,0,0,0,0,0,0,0,0,'2025-09-22 12:19:37','2025-09-22 12:19:37'),(3531,'Aravinda de Silva','ODI',308,296,9284,11443,'145',34.90,81.14,30,106,39.41,48.57,4.87,858.0,27,4177,'4/30',0,0,712,102,17,64,11,0,0,0,'2025-09-22 12:19:37','2025-09-22 12:19:37'),(3531,'Aravinda de Silva','T20',0,0,0,0,'0',0.00,0.00,0,0,0.00,0.00,0.00,0.0,0,0,'0/0',0,0,0,0,0,0,0,0,0,0,'2025-09-22 12:19:37','2025-09-22 12:19:37'),(3531,'Aravinda de Silva','Test',93,159,6361,11249,'267',42.98,56.55,11,29,41.66,89.48,2.79,432.5,77,1208,'3/30',0,0,756,48,7,22,20,2,0,0,'2025-09-22 12:19:37','2025-09-22 12:19:37'),(3864,'Mohammad Azharuddin','IPL',0,0,0,0,'0',0.00,0.00,0,0,0.00,0.00,0.00,0.0,0,0,'0/0',0,0,0,0,0,0,0,0,0,0,'2025-09-22 12:19:34','2025-09-22 12:19:34'),(3864,'Mohammad Azharuddin','ODI',334,308,9378,12669,'153',36.92,74.03,54,12,39.92,46.00,5.21,92.0,1,479,'3/19',0,0,622,77,9,58,7,0,0,0,'2025-09-22 12:19:34','2025-09-22 12:19:34'),(3864,'Mohammad Azharuddin','T20',0,0,0,0,'0',0.00,0.00,0,0,0.00,0.00,0.00,0.0,0,0,'0/0',0,0,0,0,0,0,0,0,0,0,'2025-09-22 12:19:34','2025-09-22 12:19:34'),(3864,'Mohammad Azharuddin','Test',99,147,6215,9852,'199',45.04,63.09,9,0,0.00,0.00,7.38,2.2,0,16,'0/4',0,0,720,19,5,21,22,0,0,0,'2025-09-22 12:19:34','2025-09-22 12:19:34');
/*!40000 ALTER TABLE `player_stats` ENABLE KEYS */;
UNLOCK TABLES;

--
-- Table structure for table `recent_matches`
--

DROP TABLE IF EXISTS `recent_matches`;
/*!40101 SET @saved_cs_client     = @@character_set_client */;
/*!50503 SET character_set_client = utf8mb4 */;
CREATE TABLE `recent_matches` (
  `Match_Type` text,
  `Series_Name` text,
  `Team_1` text,
  `Team_2` text,
  `Team_1_Score` text,
  `Team_2_Score` text,
  `Venue` text,
  `Start_Time` datetime DEFAULT NULL,
  `Status` text
) ENGINE=InnoDB DEFAULT CHARSET=utf8mb4 COLLATE=utf8mb4_0900_ai_ci;
/*!40101 SET character_set_client = @saved_cs_client */;

--
-- Dumping data for table `recent_matches`
--

LOCK TABLES `recent_matches` WRITE;
/*!40000 ALTER TABLE `recent_matches` DISABLE KEYS */;
INSERT INTO `recent_matches` VALUES ('International','Asia Cup 2025','Pakistan','India','146/10 (19.1 ov)','150/5 (19.4 ov)','Dubai International Cricket Stadium, Dubai','2025-09-28 14:30:00','India won by 5 wkts'),('International','Asia Cup 2025','Pakistan','Bangladesh','135/8 (19.6 ov)','124/9 (19.6 ov)','Dubai International Cricket Stadium, Dubai','2025-09-25 14:30:00','Pakistan won by 11 runs'),('International','Asia Cup 2025','Sri Lanka','Pakistan','133/8 (19.6 ov)','138/5 (17.6 ov)','Sheikh Zayed Stadium, Abu Dhabi','2025-09-23 14:30:00','Pakistan won by 5 wkts'),('International','Asia Cup 2025','India','Bangladesh','168/6 (19.6 ov)','127/10 (19.3 ov)','Dubai International Cricket Stadium, Dubai','2025-09-24 14:30:00','India won by 41 runs'),('International','Asia Cup 2025','India','Sri Lanka','202/5 (19.6 ov)','202/5 (19.6 ov)','Dubai International Cricket Stadium, Dubai','2025-09-26 14:30:00','Match tied (India Won the Super Over)'),('International','West Indies vs Nepal in UAE, 2025','Nepal','West Indies','173/6 (19.6 ov)','83/10 (17.1 ov)','Sharjah Cricket Stadium, Sharjah','2025-09-29 14:30:00','Nepal won by 90 runs'),('International','West Indies vs Nepal in UAE, 2025','Nepal','West Indies','148/8 (19.6 ov)','129/9 (19.6 ov)','Sharjah Cricket Stadium, Sharjah','2025-09-27 14:30:00','Nepal won by 19 runs'),('International','ICC Mens T20 World Cup Africa Regional Final 2025','Namibia','Nigeria','235/6 (19.6 ov)','118/9 (19.6 ov)','Harare Sports Club, Harare','2025-09-28 07:30:00','Namibia won by 117 runs'),('International','ICC Mens T20 World Cup Africa Regional Final 2025','Tanzania','Uganda','128/6 (19.6 ov)','119/9 (19.6 ov)','Takashinga Sports Club, Harare','2025-09-28 07:30:00','Tanzania won by 9 runs'),('International','ICC Mens T20 World Cup Africa Regional Final 2025','Botswana','Tanzania','122/6 (19.6 ov)','124/3 (13.5 ov)','Takashinga Sports Club, Harare','2025-09-26 11:50:00','Tanzania won by 7 wkts'),('International','ICC Mens T20 World Cup Africa Regional Final 2025','Zimbabwe','Botswana','259/5 (19.6 ov)','89/8 (19.6 ov)','Harare Sports Club, Harare','2025-09-28 11:50:00','Zimbabwe won by 170 runs'),('International','ICC Mens T20 World Cup Africa Regional Final 2025','Uganda','Zimbabwe','152/9 (19.6 ov)','157/5 (17.3 ov)','Harare Sports Club, Harare','2025-09-26 11:50:00','Zimbabwe won by 5 wkts'),('International','ICC Mens T20 World Cup Africa Regional Final 2025','Malawi','Nigeria','88/10 (19.3 ov)','92/1 (11.2 ov)','Takashinga Sports Club, Harare','2025-09-26 07:30:00','Nigeria won by 9 wkts'),('International','ICC Mens T20 World Cup Africa Regional Final 2025','Malawi','Kenya','130/4 (19.6 ov)','127/10 (19.5 ov)','Takashinga Sports Club, Harare','2025-09-28 11:50:00','Malawi won by 3 runs'),('International','ICC Mens T20 World Cup Africa Regional Final 2025','Namibia','Kenya','241/5 (19.6 ov)','105/7 (19.6 ov)','Harare Sports Club, Harare','2025-09-26 07:30:00','Namibia won by 136 runs'),('Domestic','India Under 19 tour of Australia, 2025','India U19','Australia U19','280/9 (49.6 ov)','113/10 (28.3 ov)','Ian Healy Oval, Brisbane','2025-09-26 04:00:00','India U19 won by 167 runs'),('Domestic','India Under 19 tour of Australia, 2025','India U19','Australia U19','300/10 (49.4 ov)','249/10 (47.2 ov)','Ian Healy Oval, Brisbane','2025-09-24 04:00:00','India U19 won by 51 runs'),('Domestic','Australia Domestic One-Day Cup 2025-26','Western Australia','South Australia','298/9 (49.6 ov)','232/10 (44.3 ov)','Karen Rolton Oval, Adelaide, South Australia','2025-09-24 00:30:00','Western Australia won by 66 runs'),('Domestic','Australia A tour of India, 2025','Australia A','India A','185/10 (46.5 ov)','413/5 (91.3 ov)','Bharat Ratna Shri Atal Bihari Vajpayee Ekana Cricket Stadium, Lucknow','2025-09-23 04:00:00','India A won by 5 wkts'),('Domestic','County Championship Division One 2025','Warwickshire','Nottinghamshire','133/10 (53.6 ov)','20/N/A (3.4 ov)','Trent Bridge, Nottingham','2025-09-24 09:30:00','Nottinghamshire won by 10 wkts'),('Domestic','County Championship Division One 2025','Durham','Yorkshire','85/10 (44.5 ov)','475/10 (141.4 ov)','Headingley, Leeds','2025-09-24 09:30:00','Yorkshire won by an innings and 44 runs'),('Domestic','County Championship Division One 2025','Somerset','Essex','99/10 (33.3 ov)','99/3 (18.1 ov)','County Ground, Chelmsford','2025-09-24 09:30:00','Essex won by 7 wkts'),('Domestic','County Championship Division One 2025','Worcestershire','Sussex','287/10 (74.6 ov)','63/7 (15.2 ov)','New Road, Worcester','2025-09-24 09:30:00','Sussex won by 3 wkts'),('Domestic','County Championship Division One 2025','Surrey','Hampshire','281/10 (85.3 ov)','160/10 (58.6 ov)','The Rose Bowl, Southampton','2025-09-24 09:30:00','Surrey won by 20 runs'),('Domestic','County Championship Division Two 2025','Middlesex','Gloucestershire','634/9 (147.4 ov)','281/10 (89.6 ov)','Lord\'s, London','2025-09-24 09:30:00','Middlesex won by an innings and 67 runs'),('Domestic','County Championship Division Two 2025','Leicestershire','Northamptonshire','260/5 (62.6 ov)','333/10 (105.5 ov)','County Ground, Northampton','2025-09-24 09:30:00','Leicestershire won by 167 runs'),('Domestic','County Championship Division Two 2025','Derbyshire','Kent','698/6 (144.6 ov)','198/10 (61.5 ov)','St Lawrence Ground, Canterbury','2025-09-24 09:30:00','Derbyshire won by an innings and 229 runs'),('Domestic','County Championship Division Two 2025','Glamorgan','Lancashire','241/10 (84.6 ov)','134/3 (19.6 ov)','Sophia Gardens, Cardiff','2025-09-24 09:30:00','Lancashire won by 7 wkts'),('Domestic','CSA Four-Day Series Division One 2025-26','KwaZulu-Natal Inland','North West','98/10 (29.5 ov)','37/2 (9.6 ov)','Senwes Park, Potchefstroom','2025-09-25 08:00:00','North West won by 8 wkts'),('Domestic','CSA Four-Day Series Division One 2025-26','Warriors','Western Province','253/8 (64.1 ov)','304/10 (83.4 ov)','St George\'s Park, Gqeberha','2025-09-25 08:00:00','Warriors won by 48 runs'),('Domestic','CSA Four-Day Series Division One 2025-26','Boland','Titans','52/1 (4.6 ov)','301/10 (85.5 ov)','Boland Park, Paarl','2025-09-25 08:00:00','Boland won by 9 wkts'),('Domestic','CSA Four-Day Series Division Two 2025-26','Limpopo','Eastern Storm','166/10 (57.1 ov)','570/9 (147.2 ov)','Willowmoore Park, Benoni','2025-09-25 08:00:00','Eastern Storm won by an innings and 63 runs'),('Women','United Arab Emirates Women tour of Zimbabwe 2025','United Arab Emirates Women','Zimbabwe Women','160/10 (40.5 ov)','161/4 (40.2 ov)','Queens Sports Club, Bulawayo','2025-09-28 07:15:00','Zimbabwe Women won by 6 wkts'),('Women','United Arab Emirates Women tour of Zimbabwe 2025','United Arab Emirates Women','Zimbabwe Women','222/5 (49.6 ov)','186/10 (46.3 ov)','Queens Sports Club, Bulawayo','2025-09-26 07:15:00','United Arab Emirates Women won by 36 runs'),('Women','Womens T20I Quadrangular Series in China 2025','Mongolia Women','China Women','89/9 (19.6 ov)','90/2 (14.4 ov)','Zhejiang University of Technology Cricket Field, Hangzhou','2025-09-25 01:00:00','China Women won by 8 wkts'),('Women','Womens T20I Quadrangular Series in China 2025','Hong Kong Women','Myanmar Women','96/6 (19.6 ov)','70/6 (19.6 ov)','Zhejiang University of Technology Cricket Field, Hangzhou','2025-09-25 06:00:00','Hong Kong Women won by 26 runs'),('Women','ICC Womens World Cup Warm-up Matches 2025','Australia Women','England Women','247/10 (34.4 ov)','251/6 (44.3 ov)','BCCI Centre of Excellence Ground, Bengaluru','2025-09-28 09:30:00','England Women won by 4 wkts'),('Women','ICC Womens World Cup Warm-up Matches 2025','Pakistan Women','South Africa Women','229/10 (45.6 ov)','233/6 (40.1 ov)','R.Premadasa Stadium, Colombo','2025-09-28 09:30:00','South Africa Women won by 4 wkts'),('Women','ICC Womens World Cup Warm-up Matches 2025','New Zealand Women','India Women','232/8 (41.6 ov)','237/6 (40.2 ov)','BCCI Centre of Excellence Ground, Bengaluru','2025-09-27 09:30:00','India Women won by 4 wkts  (DLS method)'),('Women','ICC Womens World Cup Warm-up Matches 2025','New Zealand Women','India A Women','273/9 (49.6 ov)','226/6 (39.3 ov)','BCCI Centre of Excellence Ground B, Bengaluru','2025-09-25 04:00:00','India A Women won by 4 wkts  -  2nd inns reduced to 40 overs - DLS Target 224'),('Women','ICC Womens World Cup Warm-up Matches 2025','Bangladesh Women','Sri Lanka Women','242/8 (49.6 ov)','241/10 (49.5 ov)','Colombo Cricket Club Ground, Colombo','2025-09-27 09:30:00','Bangladesh Women won by 1 run'),('Women','ICC Womens World Cup Warm-up Matches 2025','England Women','India Women','340/9 (49.6 ov)','187/10 (33.6 ov)','BCCI Centre of Excellence Ground, Bengaluru','2025-09-25 09:30:00','England Women won by 153 runs'),('Women','ICC Womens World Cup Warm-up Matches 2025','Sri Lanka Women','Pakistan Women','33/1 (7.3 ov)','N/A','Colombo Cricket Club Ground, Colombo','2025-09-25 09:30:00','No result due to rain'),('Women','ICC Womens World Cup Warm-up Matches 2025','South Africa Women','Bangladesh Women','45/3 (8.6 ov)','N/A','R.Premadasa Stadium, Colombo','2025-09-25 09:30:00','No result due to rain');
/*!40000 ALTER TABLE `recent_matches` ENABLE KEYS */;
UNLOCK TABLES;

--
-- Table structure for table `schedules`
--

DROP TABLE IF EXISTS `schedules`;
/*!40101 SET @saved_cs_client     = @@character_set_client */;
/*!50503 SET character_set_client = utf8mb4 */;
CREATE TABLE `schedules` (
  `matchId` bigint DEFAULT NULL,
  `series` text,
  `team1` text,
  `team2` text,
  `venue` text,
  `startTime` datetime DEFAULT NULL,
  `status` text
) ENGINE=InnoDB DEFAULT CHARSET=utf8mb4 COLLATE=utf8mb4_0900_ai_ci;
/*!40101 SET character_set_client = @saved_cs_client */;

--
-- Dumping data for table `schedules`
--

LOCK TABLES `schedules` WRITE;
/*!40000 ALTER TABLE `schedules` DISABLE KEYS */;
INSERT INTO `schedules` VALUES (117359,'West Indies tour of India, 2025','India','West Indies','Narendra Modi Stadium','2025-10-02 09:30:00','Match starts at Oct 02, 04:00 GMT'),(133644,'Afghanistan vs Bangladesh in UAE 2025','Afghanistan','Bangladesh','Sharjah Cricket Stadium','2025-10-02 20:30:00','Match starts at Oct 02, 15:00 GMT'),(133655,'Afghanistan vs Bangladesh in UAE 2025','Afghanistan','Bangladesh','Sharjah Cricket Stadium','2025-10-03 20:30:00','Match starts at Oct 03, 15:00 GMT'),(133666,'Afghanistan vs Bangladesh in UAE 2025','Afghanistan','Bangladesh','Sharjah Cricket Stadium','2025-10-05 20:30:00','Match starts at Oct 05, 15:00 GMT'),(121362,'West Indies vs Nepal in UAE, 2025','West Indies','Nepal','Sharjah Cricket Stadium','2025-09-30 20:00:00','Match starts at Sep 30, 14:30 GMT'),(122517,'Australia tour of New Zealand, 2025','New Zealand','Australia','Bay Oval','2025-10-01 11:45:00','Match starts at Oct 01, 06:15 GMT'),(122522,'Australia tour of New Zealand, 2025','New Zealand','Australia','Bay Oval','2025-10-03 11:45:00','Match starts at Oct 03, 06:10 GMT'),(122528,'Australia tour of New Zealand, 2025','New Zealand','Australia','Bay Oval','2025-10-04 11:45:00','Match starts at Oct 04, 06:15 GMT'),(134843,'ICC Mens T20 World Cup Africa Regional Final 2025','Namibia','Malawi','Harare Sports Club','2025-09-30 17:20:00','Match starts at Sep 30, 11:50 GMT'),(134848,'ICC Mens T20 World Cup Africa Regional Final 2025','Kenya','Nigeria','Takashinga Sports Club','2025-09-30 17:20:00','Match starts at Sep 30, 11:50 GMT'),(134859,'ICC Mens T20 World Cup Africa Regional Final 2025','TBC','TBC','Harare Sports Club','2025-10-02 13:00:00','Match starts at Oct 02, 07:30 GMT'),(134865,'ICC Mens T20 World Cup Africa Regional Final 2025','TBC','TBC','Takashinga Sports Club','2025-10-02 13:00:00','Match starts at Oct 02, 07:30 GMT'),(134876,'ICC Mens T20 World Cup Africa Regional Final 2025','TBC','TBC','Harare Sports Club','2025-10-02 17:20:00','Match starts at Oct 02, 11:50 GMT'),(134881,'ICC Mens T20 World Cup Africa Regional Final 2025','TBC','TBC','Takashinga Sports Club','2025-10-02 17:20:00','Match starts at Oct 02, 11:50 GMT'),(134892,'ICC Mens T20 World Cup Africa Regional Final 2025','TBC','TBC','Harare Sports Club','2025-10-04 13:00:00','Match starts at Oct 04, 07:30 GMT'),(134903,'ICC Mens T20 World Cup Africa Regional Final 2025','TBC','TBC','Takashinga Sports Club','2025-10-04 13:00:00','Match starts at Oct 04, 07:30 GMT'),(134914,'ICC Mens T20 World Cup Africa Regional Final 2025','TBC','TBC','Takashinga Sports Club','2025-10-04 17:20:00','Match starts at Oct 04, 11:50 GMT'),(134925,'ICC Mens T20 World Cup Africa Regional Final 2025','TBC','TBC','Harare Sports Club','2025-10-04 17:20:00','Match starts at Oct 04, 11:50 GMT'),(135354,'Kuwait tour of Oman, 2025','Oman','Kuwait','Al Amerat Cricket Ground (Ministry Turf 2)','2025-09-30 20:30:00','Match starts at Sep 30, 10:30 GMT'),(133198,'Sheffield Shield 2025-26','Queensland','Tasmania','Allan Border Field','2025-10-04 05:30:00','Match starts at Oct 04, 00:00 GMT'),(133209,'Sheffield Shield 2025-26','South Australia','Victoria','Adelaide Oval','2025-10-04 05:30:00','Match starts at Oct 04, 00:00 GMT'),(133220,'Sheffield Shield 2025-26','Western Australia','New South Wales','W.A.C.A. Ground','2025-10-04 08:00:00','Match starts at Oct 04, 02:30 GMT'),(131026,'India Under 19 tour of Australia, 2025','Australia U19','India U19','Great Barrier Reef Arena','2025-10-07 05:30:00','Match starts at Oct 07, 00:00 GMT'),(119864,'Australia A tour of India, 2025','India A','Australia A','Green Park','2025-10-03 13:30:00','Match starts at Oct 03, 08:00 GMT'),(119870,'Australia A tour of India, 2025','India A','Australia A','Green Park','2025-10-05 13:30:00','Match starts at Oct 05, 08:00 GMT'),(123650,'Irani Cup 2025','Vidarbha','Rest of India','Vidarbha Cricket Association Stadium','2025-10-01 09:30:00','Match starts at Oct 01, 04:00 GMT'),(133886,'CSA Four-Day Series Division One 2025-26','KwaZulu-Natal Inland','Warriors','City Oval','2025-10-02 12:30:00','Match starts at Oct 02, 07:00 GMT'),(133875,'CSA Four-Day Series Division One 2025-26','Boland','Dolphins','Boland Park','2025-10-02 13:30:00','Match starts at Oct 02, 08:00 GMT'),(133880,'CSA Four-Day Series Division One 2025-26','Western Province','Lions','Newlands','2025-10-02 13:30:00','Match starts at Oct 02, 08:00 GMT'),(133897,'CSA Four-Day Series Division One 2025-26','North West','Titans','Senwes Park','2025-10-02 13:30:00','Match starts at Oct 02, 08:00 GMT'),(134480,'CSA Four-Day Series Division Two 2025-26','Knights','Eastern Storm','Mangaung Oval','2025-10-02 13:30:00','Match starts at Oct 02, 08:00 GMT'),(134485,'CSA Four-Day Series Division Two 2025-26','Northern Cape','Mpumalanga Rhinos','Diamond Oval','2025-10-02 13:30:00','Match starts at Oct 02, 08:00 GMT'),(134491,'CSA Four-Day Series Division Two 2025-26','Limpopo','South Western Districts','Polokwane Cricket Club','2025-10-02 13:30:00','Match starts at Oct 02, 08:00 GMT'),(121450,'ICC Womens World Cup 2025','Australia Women','New Zealand Women','Holkar Cricket Stadium','2025-10-01 15:00:00','Match starts at Oct 01, 09:30 GMT'),(121455,'ICC Womens World Cup 2025','Bangladesh Women','Pakistan Women','R.Premadasa Stadium','2025-10-02 15:00:00','Match starts at Oct 02, 09:30 GMT'),(121466,'ICC Womens World Cup 2025','England Women','South Africa Women','Barsapara Cricket Stadium','2025-10-03 15:00:00','Match starts at Oct 03, 09:30 GMT'),(121477,'ICC Womens World Cup 2025','Sri Lanka Women','Australia Women','R.Premadasa Stadium','2025-10-04 15:00:00','Match starts at Oct 04, 09:30 GMT'),(121488,'ICC Womens World Cup 2025','India Women','Pakistan Women','R.Premadasa Stadium','2025-10-05 15:00:00','Match starts at Oct 05, 09:30 GMT'),(121494,'ICC Womens World Cup 2025','New Zealand Women','South Africa Women','Holkar Cricket Stadium','2025-10-06 15:00:00','Match starts at Oct 06, 09:30 GMT'),(121505,'ICC Womens World Cup 2025','England Women','Bangladesh Women','Barsapara Cricket Stadium','2025-10-07 15:00:00','Match starts at Oct 07, 09:30 GMT'),(135173,'United Arab Emirates Women tour of Zimbabwe 2025','Zimbabwe Women','United Arab Emirates Women','Queens Sports Club','2025-10-02 12:45:00','Match starts at Oct 02, 07:15 GMT'),(135184,'United Arab Emirates Women tour of Zimbabwe 2025','Zimbabwe Women','United Arab Emirates Women','Queens Sports Club','2025-10-05 12:45:00','Match starts at Oct 05, 07:15 GMT'),(135195,'United Arab Emirates Women tour of Zimbabwe 2025','Zimbabwe Women','United Arab Emirates Women','Queens Sports Club','2025-10-06 12:45:00','Match starts at Oct 06, 07:15 GMT');
/*!40000 ALTER TABLE `schedules` ENABLE KEYS */;
UNLOCK TABLES;

--
-- Table structure for table `scoreboard`
--

DROP TABLE IF EXISTS `scoreboard`;
/*!40101 SET @saved_cs_client     = @@character_set_client */;
/*!50503 SET character_set_client = utf8mb4 */;
CREATE TABLE `scoreboard` (
  `id` int NOT NULL AUTO_INCREMENT,
  `record_type` enum('batsman','partnership','bowler') NOT NULL,
  `player_id` int DEFAULT NULL,
  `player_name` varchar(100) DEFAULT NULL,
  `runs` int DEFAULT NULL,
  `balls` int DEFAULT NULL,
  `dots` int DEFAULT NULL,
  `fours` int DEFAULT NULL,
  `sixes` int DEFAULT NULL,
  `strike_rate` float DEFAULT NULL,
  `dismissal` varchar(200) DEFAULT NULL,
  `bat_partner_id` int DEFAULT NULL,
  `bat_partner_name` varchar(100) DEFAULT NULL,
  `bat_partner_runs` int DEFAULT NULL,
  `bat_partner_fours` int DEFAULT NULL,
  `bat_partner_sixes` int DEFAULT NULL,
  `total_runs` int DEFAULT NULL,
  `total_balls` int DEFAULT NULL,
  `bowler_id` int DEFAULT NULL,
  `bowler_name` varchar(100) DEFAULT NULL,
  `overs` float DEFAULT NULL,
  `maidens` int DEFAULT NULL,
  `bowler_runs` int DEFAULT NULL,
  `wickets` int DEFAULT NULL,
  `economy` float DEFAULT NULL,
  PRIMARY KEY (`id`)
) ENGINE=InnoDB AUTO_INCREMENT=105 DEFAULT CHARSET=utf8mb4 COLLATE=utf8mb4_0900_ai_ci;
/*!40101 SET character_set_client = @saved_cs_client */;

--
-- Dumping data for table `scoreboard`
--

LOCK TABLES `scoreboard` WRITE;
/*!40000 ALTER TABLE `scoreboard` DISABLE KEYS */;
INSERT INTO `scoreboard` VALUES (1,'batsman',1114,'Stirling',5,5,NULL,1,0,100,'lbw b Nisarg Patel',NULL,NULL,NULL,NULL,NULL,NULL,NULL,NULL,NULL,NULL,NULL,NULL,NULL,NULL),(2,'batsman',6710,'Balbirnie',10,5,NULL,2,0,200,'c Sushant Modani b Netravalkar',NULL,NULL,NULL,NULL,NULL,NULL,NULL,NULL,NULL,NULL,NULL,NULL,NULL,NULL),(3,'batsman',11131,'Lorcan Tucker',84,56,NULL,9,3,150,'b Netravalkar',NULL,NULL,NULL,NULL,NULL,NULL,NULL,NULL,NULL,NULL,NULL,NULL,NULL,NULL),(4,'batsman',18143,'Curtis Campher',17,11,NULL,2,1,154.55,'c Marty Kain b Yasir Mohammad',NULL,NULL,NULL,NULL,NULL,NULL,NULL,NULL,NULL,NULL,NULL,NULL,NULL,NULL),(5,'batsman',6471,'Getkate',5,10,NULL,0,0,50,'c Ritwik Behera b Vatsal Vaghela',NULL,NULL,NULL,NULL,NULL,NULL,NULL,NULL,NULL,NULL,NULL,NULL,NULL,NULL),(6,'batsman',13309,'Neil Rock',4,5,NULL,0,0,80,'c Ritwik Behera b Vatsal Vaghela',NULL,NULL,NULL,NULL,NULL,NULL,NULL,NULL,NULL,NULL,NULL,NULL,NULL,NULL),(7,'batsman',11129,'William McClintock',1,3,NULL,0,0,33.33,'c Marty Kain b Nisarg Patel',NULL,NULL,NULL,NULL,NULL,NULL,NULL,NULL,NULL,NULL,NULL,NULL,NULL,NULL),(8,'batsman',10449,'Mark Adair',3,4,NULL,0,0,75,'b Netravalkar',NULL,NULL,NULL,NULL,NULL,NULL,NULL,NULL,NULL,NULL,NULL,NULL,NULL,NULL),(9,'batsman',12769,'Simi Singh',13,11,NULL,1,0,118.18,'c Ali Khan b Yasir Mohammad',NULL,NULL,NULL,NULL,NULL,NULL,NULL,NULL,NULL,NULL,NULL,NULL,NULL,NULL),(10,'batsman',10451,'Barry McCarthy',0,1,NULL,0,0,0,'run out (Monank Patel)',NULL,NULL,NULL,NULL,NULL,NULL,NULL,NULL,NULL,NULL,NULL,NULL,NULL,NULL),(11,'batsman',11124,'Benjamin White',2,2,NULL,0,0,100,'not out',NULL,NULL,NULL,NULL,NULL,NULL,NULL,NULL,NULL,NULL,NULL,NULL,NULL,NULL),(12,'bowler',NULL,NULL,NULL,NULL,NULL,NULL,NULL,NULL,NULL,NULL,NULL,NULL,NULL,NULL,NULL,NULL,15475,'Nisarg Patel',4,0,29,2,7.2),(13,'bowler',NULL,NULL,NULL,NULL,NULL,NULL,NULL,NULL,NULL,NULL,NULL,NULL,NULL,NULL,NULL,NULL,9748,'Netravalkar',3.5,0,33,3,8.6),(14,'bowler',NULL,NULL,NULL,NULL,NULL,NULL,NULL,NULL,NULL,NULL,NULL,NULL,NULL,NULL,NULL,NULL,11450,'Ali Khan',3,0,34,0,11.3),(15,'bowler',NULL,NULL,NULL,NULL,NULL,NULL,NULL,NULL,NULL,NULL,NULL,NULL,NULL,NULL,NULL,NULL,22901,'Yasir Mohammad',4,0,32,2,8),(16,'bowler',NULL,NULL,NULL,NULL,NULL,NULL,NULL,NULL,NULL,NULL,NULL,NULL,NULL,NULL,NULL,NULL,22531,'Vatsal Vaghela',3,0,16,2,5.3),(17,'bowler',NULL,NULL,NULL,NULL,NULL,NULL,NULL,NULL,NULL,NULL,NULL,NULL,NULL,NULL,NULL,NULL,22891,'Ritwik Behera',1,0,5,0,5),(18,'partnership',1114,'Stirling',5,NULL,NULL,1,0,NULL,NULL,6710,'Balbirnie',1,0,0,6,6,NULL,NULL,NULL,NULL,NULL,NULL,NULL),(19,'partnership',11131,'Lorcan Tucker',5,NULL,NULL,1,0,NULL,NULL,6710,'Balbirnie',9,2,0,14,6,NULL,NULL,NULL,NULL,NULL,NULL,NULL),(20,'partnership',11131,'Lorcan Tucker',22,NULL,NULL,3,1,NULL,NULL,18143,'Curtis Campher',17,2,1,39,25,NULL,NULL,NULL,NULL,NULL,NULL,NULL),(21,'partnership',11131,'Lorcan Tucker',19,NULL,NULL,3,0,NULL,NULL,6471,'Getkate',5,0,0,24,22,NULL,NULL,NULL,NULL,NULL,NULL,NULL),(22,'partnership',11131,'Lorcan Tucker',5,NULL,NULL,0,0,NULL,NULL,13309,'Neil Rock',4,0,0,9,11,NULL,NULL,NULL,NULL,NULL,NULL,NULL),(23,'partnership',11131,'Lorcan Tucker',3,NULL,NULL,0,0,NULL,NULL,11129,'William McClintock',1,0,0,4,6,NULL,NULL,NULL,NULL,NULL,NULL,NULL),(24,'partnership',11131,'Lorcan Tucker',3,NULL,NULL,0,0,NULL,NULL,10449,'Mark Adair',3,0,0,6,7,NULL,NULL,NULL,NULL,NULL,NULL,NULL),(25,'partnership',11131,'Lorcan Tucker',7,NULL,NULL,0,0,NULL,NULL,12769,'Simi Singh',13,1,0,26,18,NULL,NULL,NULL,NULL,NULL,NULL,NULL),(26,'partnership',11131,'Lorcan Tucker',6,NULL,NULL,0,1,NULL,NULL,10451,'McCarthy',0,0,0,6,4,NULL,NULL,NULL,NULL,NULL,NULL,NULL),(27,'partnership',11131,'Lorcan Tucker',14,NULL,NULL,2,1,NULL,NULL,11124,'Benjamin White',2,0,0,16,8,NULL,NULL,NULL,NULL,NULL,NULL,NULL),(28,'batsman',22891,'Ritwik Behera',16,23,NULL,1,0,69.57,'c Getkate b Mark Adair',NULL,NULL,NULL,NULL,NULL,NULL,NULL,NULL,NULL,NULL,NULL,NULL,NULL,NULL),(29,'batsman',22896,'Ryan Scott',11,11,NULL,2,0,100,'run out (Curtis Campher)',NULL,NULL,NULL,NULL,NULL,NULL,NULL,NULL,NULL,NULL,NULL,NULL,NULL,NULL),(30,'batsman',14732,'Monank Patel',26,27,NULL,2,1,96.3,'c Mark Adair b Benjamin White',NULL,NULL,NULL,NULL,NULL,NULL,NULL,NULL,NULL,NULL,NULL,NULL,NULL,NULL),(31,'batsman',12788,'Gajanand Singh',22,20,NULL,1,1,110,'lbw b Curtis Campher',NULL,NULL,NULL,NULL,NULL,NULL,NULL,NULL,NULL,NULL,NULL,NULL,NULL,NULL),(32,'batsman',20217,'Sushant Modani',27,16,NULL,1,2,168.75,'c Lorcan Tucker b Curtis Campher',NULL,NULL,NULL,NULL,NULL,NULL,NULL,NULL,NULL,NULL,NULL,NULL,NULL,NULL),(33,'batsman',10699,'Marty Kain',11,11,NULL,1,0,100,'b Curtis Campher',NULL,NULL,NULL,NULL,NULL,NULL,NULL,NULL,NULL,NULL,NULL,NULL,NULL,NULL),(34,'batsman',15475,'Nisarg Patel',10,6,NULL,2,0,166.67,'not out',NULL,NULL,NULL,NULL,NULL,NULL,NULL,NULL,NULL,NULL,NULL,NULL,NULL,NULL),(35,'batsman',22901,'Yasir Mohammad',0,2,NULL,0,0,0,'c and b Curtis Campher',NULL,NULL,NULL,NULL,NULL,NULL,NULL,NULL,NULL,NULL,NULL,NULL,NULL,NULL),(36,'batsman',9748,'Saurabh Netravalkar',5,6,NULL,0,0,83.33,'not out',NULL,NULL,NULL,NULL,NULL,NULL,NULL,NULL,NULL,NULL,NULL,NULL,NULL,NULL),(37,'batsman',22531,'Vatsal Vaghela',0,0,NULL,0,0,0,'',NULL,NULL,NULL,NULL,NULL,NULL,NULL,NULL,NULL,NULL,NULL,NULL,NULL,NULL),(38,'batsman',11450,'Ali Khan',0,0,NULL,0,0,0,'',NULL,NULL,NULL,NULL,NULL,NULL,NULL,NULL,NULL,NULL,NULL,NULL,NULL,NULL),(39,'bowler',NULL,NULL,NULL,NULL,NULL,NULL,NULL,NULL,NULL,NULL,NULL,NULL,NULL,NULL,NULL,NULL,10449,'Mark Adair',4,0,25,1,6.2),(40,'bowler',NULL,NULL,NULL,NULL,NULL,NULL,NULL,NULL,NULL,NULL,NULL,NULL,NULL,NULL,NULL,NULL,10451,'Barry McCarthy',4,0,24,0,6),(41,'bowler',NULL,NULL,NULL,NULL,NULL,NULL,NULL,NULL,NULL,NULL,NULL,NULL,NULL,NULL,NULL,NULL,18143,'Curtis Campher',4,1,25,4,6.2),(42,'bowler',NULL,NULL,NULL,NULL,NULL,NULL,NULL,NULL,NULL,NULL,NULL,NULL,NULL,NULL,NULL,NULL,12769,'Simi Singh',4,0,31,0,7.8),(43,'bowler',NULL,NULL,NULL,NULL,NULL,NULL,NULL,NULL,NULL,NULL,NULL,NULL,NULL,NULL,NULL,NULL,11124,'Benjamin White',3,0,27,1,9),(44,'bowler',NULL,NULL,NULL,NULL,NULL,NULL,NULL,NULL,NULL,NULL,NULL,NULL,NULL,NULL,NULL,NULL,1114,'Paul Stirling',1,0,4,0,4),(45,'partnership',22891,'Ritwik Behera',6,NULL,NULL,0,0,NULL,NULL,22896,'Ryan Scott',11,2,0,20,18,NULL,NULL,NULL,NULL,NULL,NULL,NULL),(46,'partnership',22891,'Ritwik Behera',10,NULL,NULL,1,0,NULL,NULL,14732,'Monank Patel',10,1,0,20,26,NULL,NULL,NULL,NULL,NULL,NULL,NULL),(47,'partnership',12788,'Gajanand',8,NULL,NULL,0,0,NULL,NULL,14732,'Monank Patel',16,1,1,28,27,NULL,NULL,NULL,NULL,NULL,NULL,NULL),(48,'partnership',12788,'Gajanand',14,NULL,NULL,1,1,NULL,NULL,20217,'Sushant Modani',7,0,0,21,17,NULL,NULL,NULL,NULL,NULL,NULL,NULL),(49,'partnership',10699,'Marty Kain',11,NULL,NULL,1,0,NULL,NULL,20217,'Sushant Modani',20,1,2,33,19,NULL,NULL,NULL,NULL,NULL,NULL,NULL),(50,'partnership',10699,'Marty Kain',0,NULL,NULL,0,0,NULL,NULL,15475,'Nisarg Patel',0,0,0,0,1,NULL,NULL,NULL,NULL,NULL,NULL,NULL),(51,'partnership',22901,'Yasir Mohammad',0,NULL,NULL,0,0,NULL,NULL,15475,'Nisarg Patel',0,0,0,1,2,NULL,NULL,NULL,NULL,NULL,NULL,NULL),(52,'partnership',9748,'Netravalkar',5,NULL,NULL,0,0,NULL,NULL,15475,'Nisarg Patel',10,2,0,18,12,NULL,NULL,NULL,NULL,NULL,NULL,NULL),(53,'batsman',1114,'Stirling',5,5,NULL,1,0,100,'lbw b Nisarg Patel',NULL,NULL,NULL,NULL,NULL,NULL,NULL,NULL,NULL,NULL,NULL,NULL,NULL,NULL),(54,'batsman',6710,'Balbirnie',10,5,NULL,2,0,200,'c Sushant Modani b Netravalkar',NULL,NULL,NULL,NULL,NULL,NULL,NULL,NULL,NULL,NULL,NULL,NULL,NULL,NULL),(55,'batsman',11131,'Lorcan Tucker',84,56,NULL,9,3,150,'b Netravalkar',NULL,NULL,NULL,NULL,NULL,NULL,NULL,NULL,NULL,NULL,NULL,NULL,NULL,NULL),(56,'batsman',18143,'Curtis Campher',17,11,NULL,2,1,154.55,'c Marty Kain b Yasir Mohammad',NULL,NULL,NULL,NULL,NULL,NULL,NULL,NULL,NULL,NULL,NULL,NULL,NULL,NULL),(57,'batsman',6471,'Getkate',5,10,NULL,0,0,50,'c Ritwik Behera b Vatsal Vaghela',NULL,NULL,NULL,NULL,NULL,NULL,NULL,NULL,NULL,NULL,NULL,NULL,NULL,NULL),(58,'batsman',13309,'Neil Rock',4,5,NULL,0,0,80,'c Ritwik Behera b Vatsal Vaghela',NULL,NULL,NULL,NULL,NULL,NULL,NULL,NULL,NULL,NULL,NULL,NULL,NULL,NULL),(59,'batsman',11129,'William McClintock',1,3,NULL,0,0,33.33,'c Marty Kain b Nisarg Patel',NULL,NULL,NULL,NULL,NULL,NULL,NULL,NULL,NULL,NULL,NULL,NULL,NULL,NULL),(60,'batsman',10449,'Mark Adair',3,4,NULL,0,0,75,'b Netravalkar',NULL,NULL,NULL,NULL,NULL,NULL,NULL,NULL,NULL,NULL,NULL,NULL,NULL,NULL),(61,'batsman',12769,'Simi Singh',13,11,NULL,1,0,118.18,'c Ali Khan b Yasir Mohammad',NULL,NULL,NULL,NULL,NULL,NULL,NULL,NULL,NULL,NULL,NULL,NULL,NULL,NULL),(62,'batsman',10451,'Barry McCarthy',0,1,NULL,0,0,0,'run out (Monank Patel)',NULL,NULL,NULL,NULL,NULL,NULL,NULL,NULL,NULL,NULL,NULL,NULL,NULL,NULL),(63,'batsman',11124,'Benjamin White',2,2,NULL,0,0,100,'not out',NULL,NULL,NULL,NULL,NULL,NULL,NULL,NULL,NULL,NULL,NULL,NULL,NULL,NULL),(64,'bowler',NULL,NULL,NULL,NULL,NULL,NULL,NULL,NULL,NULL,NULL,NULL,NULL,NULL,NULL,NULL,NULL,15475,'Nisarg Patel',4,0,29,2,7.2),(65,'bowler',NULL,NULL,NULL,NULL,NULL,NULL,NULL,NULL,NULL,NULL,NULL,NULL,NULL,NULL,NULL,NULL,9748,'Netravalkar',3.5,0,33,3,8.6),(66,'bowler',NULL,NULL,NULL,NULL,NULL,NULL,NULL,NULL,NULL,NULL,NULL,NULL,NULL,NULL,NULL,NULL,11450,'Ali Khan',3,0,34,0,11.3),(67,'bowler',NULL,NULL,NULL,NULL,NULL,NULL,NULL,NULL,NULL,NULL,NULL,NULL,NULL,NULL,NULL,NULL,22901,'Yasir Mohammad',4,0,32,2,8),(68,'bowler',NULL,NULL,NULL,NULL,NULL,NULL,NULL,NULL,NULL,NULL,NULL,NULL,NULL,NULL,NULL,NULL,22531,'Vatsal Vaghela',3,0,16,2,5.3),(69,'bowler',NULL,NULL,NULL,NULL,NULL,NULL,NULL,NULL,NULL,NULL,NULL,NULL,NULL,NULL,NULL,NULL,22891,'Ritwik Behera',1,0,5,0,5),(70,'partnership',1114,'Stirling',5,NULL,NULL,1,0,NULL,NULL,6710,'Balbirnie',1,0,0,6,6,NULL,NULL,NULL,NULL,NULL,NULL,NULL),(71,'partnership',11131,'Lorcan Tucker',5,NULL,NULL,1,0,NULL,NULL,6710,'Balbirnie',9,2,0,14,6,NULL,NULL,NULL,NULL,NULL,NULL,NULL),(72,'partnership',11131,'Lorcan Tucker',22,NULL,NULL,3,1,NULL,NULL,18143,'Curtis Campher',17,2,1,39,25,NULL,NULL,NULL,NULL,NULL,NULL,NULL),(73,'partnership',11131,'Lorcan Tucker',19,NULL,NULL,3,0,NULL,NULL,6471,'Getkate',5,0,0,24,22,NULL,NULL,NULL,NULL,NULL,NULL,NULL),(74,'partnership',11131,'Lorcan Tucker',5,NULL,NULL,0,0,NULL,NULL,13309,'Neil Rock',4,0,0,9,11,NULL,NULL,NULL,NULL,NULL,NULL,NULL),(75,'partnership',11131,'Lorcan Tucker',3,NULL,NULL,0,0,NULL,NULL,11129,'William McClintock',1,0,0,4,6,NULL,NULL,NULL,NULL,NULL,NULL,NULL),(76,'partnership',11131,'Lorcan Tucker',3,NULL,NULL,0,0,NULL,NULL,10449,'Mark Adair',3,0,0,6,7,NULL,NULL,NULL,NULL,NULL,NULL,NULL),(77,'partnership',11131,'Lorcan Tucker',7,NULL,NULL,0,0,NULL,NULL,12769,'Simi Singh',13,1,0,26,18,NULL,NULL,NULL,NULL,NULL,NULL,NULL),(78,'partnership',11131,'Lorcan Tucker',6,NULL,NULL,0,1,NULL,NULL,10451,'McCarthy',0,0,0,6,4,NULL,NULL,NULL,NULL,NULL,NULL,NULL),(79,'partnership',11131,'Lorcan Tucker',14,NULL,NULL,2,1,NULL,NULL,11124,'Benjamin White',2,0,0,16,8,NULL,NULL,NULL,NULL,NULL,NULL,NULL),(80,'batsman',22891,'Ritwik Behera',16,23,NULL,1,0,69.57,'c Getkate b Mark Adair',NULL,NULL,NULL,NULL,NULL,NULL,NULL,NULL,NULL,NULL,NULL,NULL,NULL,NULL),(81,'batsman',22896,'Ryan Scott',11,11,NULL,2,0,100,'run out (Curtis Campher)',NULL,NULL,NULL,NULL,NULL,NULL,NULL,NULL,NULL,NULL,NULL,NULL,NULL,NULL),(82,'batsman',14732,'Monank Patel',26,27,NULL,2,1,96.3,'c Mark Adair b Benjamin White',NULL,NULL,NULL,NULL,NULL,NULL,NULL,NULL,NULL,NULL,NULL,NULL,NULL,NULL),(83,'batsman',12788,'Gajanand Singh',22,20,NULL,1,1,110,'lbw b Curtis Campher',NULL,NULL,NULL,NULL,NULL,NULL,NULL,NULL,NULL,NULL,NULL,NULL,NULL,NULL),(84,'batsman',20217,'Sushant Modani',27,16,NULL,1,2,168.75,'c Lorcan Tucker b Curtis Campher',NULL,NULL,NULL,NULL,NULL,NULL,NULL,NULL,NULL,NULL,NULL,NULL,NULL,NULL),(85,'batsman',10699,'Marty Kain',11,11,NULL,1,0,100,'b Curtis Campher',NULL,NULL,NULL,NULL,NULL,NULL,NULL,NULL,NULL,NULL,NULL,NULL,NULL,NULL),(86,'batsman',15475,'Nisarg Patel',10,6,NULL,2,0,166.67,'not out',NULL,NULL,NULL,NULL,NULL,NULL,NULL,NULL,NULL,NULL,NULL,NULL,NULL,NULL),(87,'batsman',22901,'Yasir Mohammad',0,2,NULL,0,0,0,'c and b Curtis Campher',NULL,NULL,NULL,NULL,NULL,NULL,NULL,NULL,NULL,NULL,NULL,NULL,NULL,NULL),(88,'batsman',9748,'Saurabh Netravalkar',5,6,NULL,0,0,83.33,'not out',NULL,NULL,NULL,NULL,NULL,NULL,NULL,NULL,NULL,NULL,NULL,NULL,NULL,NULL),(89,'batsman',22531,'Vatsal Vaghela',0,0,NULL,0,0,0,'',NULL,NULL,NULL,NULL,NULL,NULL,NULL,NULL,NULL,NULL,NULL,NULL,NULL,NULL),(90,'batsman',11450,'Ali Khan',0,0,NULL,0,0,0,'',NULL,NULL,NULL,NULL,NULL,NULL,NULL,NULL,NULL,NULL,NULL,NULL,NULL,NULL),(91,'bowler',NULL,NULL,NULL,NULL,NULL,NULL,NULL,NULL,NULL,NULL,NULL,NULL,NULL,NULL,NULL,NULL,10449,'Mark Adair',4,0,25,1,6.2),(92,'bowler',NULL,NULL,NULL,NULL,NULL,NULL,NULL,NULL,NULL,NULL,NULL,NULL,NULL,NULL,NULL,NULL,10451,'Barry McCarthy',4,0,24,0,6),(93,'bowler',NULL,NULL,NULL,NULL,NULL,NULL,NULL,NULL,NULL,NULL,NULL,NULL,NULL,NULL,NULL,NULL,18143,'Curtis Campher',4,1,25,4,6.2),(94,'bowler',NULL,NULL,NULL,NULL,NULL,NULL,NULL,NULL,NULL,NULL,NULL,NULL,NULL,NULL,NULL,NULL,12769,'Simi Singh',4,0,31,0,7.8),(95,'bowler',NULL,NULL,NULL,NULL,NULL,NULL,NULL,NULL,NULL,NULL,NULL,NULL,NULL,NULL,NULL,NULL,11124,'Benjamin White',3,0,27,1,9),(96,'bowler',NULL,NULL,NULL,NULL,NULL,NULL,NULL,NULL,NULL,NULL,NULL,NULL,NULL,NULL,NULL,NULL,1114,'Paul Stirling',1,0,4,0,4),(97,'partnership',22891,'Ritwik Behera',6,NULL,NULL,0,0,NULL,NULL,22896,'Ryan Scott',11,2,0,20,18,NULL,NULL,NULL,NULL,NULL,NULL,NULL),(98,'partnership',22891,'Ritwik Behera',10,NULL,NULL,1,0,NULL,NULL,14732,'Monank Patel',10,1,0,20,26,NULL,NULL,NULL,NULL,NULL,NULL,NULL),(99,'partnership',12788,'Gajanand',8,NULL,NULL,0,0,NULL,NULL,14732,'Monank Patel',16,1,1,28,27,NULL,NULL,NULL,NULL,NULL,NULL,NULL),(100,'partnership',12788,'Gajanand',14,NULL,NULL,1,1,NULL,NULL,20217,'Sushant Modani',7,0,0,21,17,NULL,NULL,NULL,NULL,NULL,NULL,NULL),(101,'partnership',10699,'Marty Kain',11,NULL,NULL,1,0,NULL,NULL,20217,'Sushant Modani',20,1,2,33,19,NULL,NULL,NULL,NULL,NULL,NULL,NULL),(102,'partnership',10699,'Marty Kain',0,NULL,NULL,0,0,NULL,NULL,15475,'Nisarg Patel',0,0,0,0,1,NULL,NULL,NULL,NULL,NULL,NULL,NULL),(103,'partnership',22901,'Yasir Mohammad',0,NULL,NULL,0,0,NULL,NULL,15475,'Nisarg Patel',0,0,0,1,2,NULL,NULL,NULL,NULL,NULL,NULL,NULL),(104,'partnership',9748,'Netravalkar',5,NULL,NULL,0,0,NULL,NULL,15475,'Nisarg Patel',10,2,0,18,12,NULL,NULL,NULL,NULL,NULL,NULL,NULL);
/*!40000 ALTER TABLE `scoreboard` ENABLE KEYS */;
UNLOCK TABLES;

--
-- Table structure for table `series_list`
--

DROP TABLE IF EXISTS `series_list`;
/*!40101 SET @saved_cs_client     = @@character_set_client */;
/*!50503 SET character_set_client = utf8mb4 */;
CREATE TABLE `series_list` (
  `Series_ID` bigint DEFAULT NULL,
  `Series_Name` text,
  `Start_Date` datetime DEFAULT NULL,
  `End_Date` datetime DEFAULT NULL,
  `Year` text
) ENGINE=InnoDB DEFAULT CHARSET=utf8mb4 COLLATE=utf8mb4_0900_ai_ci;
/*!40101 SET character_set_client = @saved_cs_client */;

--
-- Dumping data for table `series_list`
--

LOCK TABLES `series_list` WRITE;
/*!40000 ALTER TABLE `series_list` DISABLE KEYS */;
INSERT INTO `series_list` VALUES (8553,'Sri Lanka tour of New Zealand, 2024-25','2024-12-23 05:30:00','2025-01-11 05:30:00','2024'),(9297,'Gulf Cricket T20I Championship, 2024','2024-12-13 05:30:00','2024-12-21 05:30:00','2024'),(8044,'Pakistan tour of South Africa, 2024 -25','2024-12-10 05:30:00','2025-01-07 05:30:00','2024'),(9171,'Afghanistan tour of Zimbabwe, 2024-25','2024-12-09 05:30:00','2025-01-06 05:30:00','2024'),(9265,'ICC Mens T20 World Cup Americas Sub Regional Qualifier, 2024','2024-12-06 05:30:00','2024-12-16 05:30:00','2024'),(9289,'Africa Continental Cup 2024','2024-12-04 05:30:00','2024-12-14 05:30:00','2024'),(8058,'Sri Lanka tour of South Africa, 2024','2024-11-27 05:30:00','2024-12-09 05:30:00','2024'),(8494,'Pakistan tour of Zimbabwe, 2024','2024-11-24 05:30:00','2024-12-05 05:30:00','2024'),(7853,'England tour of New Zealand, 2024','2024-11-23 05:30:00','2024-12-18 05:30:00','2024'),(9132,'ICC Mens T20 World Cup Africa Sub Regional Qualifier C 2024','2024-11-23 05:30:00','2024-11-28 05:30:00','2024'),(7745,'India tour of Australia, 2024-25','2024-11-22 05:30:00','2025-01-07 05:30:00','2024'),(9129,'ICC Mens T20 World Cup Asia Qualifier B 2024','2024-11-19 05:30:00','2024-11-28 05:30:00','2024'),(8116,'Bangladesh tour of West Indies, 2024','2024-11-17 05:30:00','2024-12-19 05:30:00','2024'),(9125,'Netherlands tour of Oman, 2024','2024-11-13 05:30:00','2024-11-16 05:30:00','2024'),(9146,'Myanmar tour of Indonesia, 2024','2024-11-12 05:30:00','2024-11-19 05:30:00','2024'),(9083,'New Zealand tour of Sri Lanka, 2024','2024-11-09 05:30:00','2024-11-19 05:30:00','2024'),(8404,'India tour of South Africa, 2024','2024-11-08 05:30:00','2024-11-15 05:30:00','2024'),(9091,'Afghanistan v Bangladesh in UAE, 2024','2024-11-06 05:30:00','2024-11-11 05:30:00','2024'),(7781,'Pakistan tour of Australia, 2024','2024-11-03 05:30:00','2024-11-17 05:30:00','2024'),(8107,'England tour of West Indies, 2024','2024-10-31 05:30:00','2024-11-17 05:30:00','2024'),(9157,'Bahrain in Uganda 2024','2024-10-28 05:30:00','2024-10-29 05:30:00','2024'),(9033,'South Africa tour of Bangladesh, 2024','2024-10-21 05:30:00','2024-11-02 05:30:00','2024'),(9041,'ICC Mens T20 World Cup Sub Regional Africa Qualifier Group B, 2024','2024-10-19 05:30:00','2024-10-24 05:30:00','2024'),(9025,'Quadrangular T20I Series in Bhutan, 2024','2024-10-19 05:30:00','2024-10-25 05:30:00','2024'),(9115,'Seychelles tour of Kenya, Only T20I','2024-10-18 05:30:00','2024-10-18 05:30:00','2024'),(9043,'Nepal tour of United States of America 2024','2024-10-17 05:30:00','2024-10-20 05:30:00','2024'),(8395,'New Zealand tour of India, 2024','2024-10-16 05:30:00','2024-11-05 05:30:00','2024'),(9009,'West Indies tour of Sri Lanka, 2024','2024-10-13 05:30:00','2024-10-26 05:30:00','2024'),(9057,'Rwanda tour of Malawi 2024','2024-10-09 05:30:00','2024-10-14 05:30:00','2024'),(8497,'England tour of Pakistan, 2024','2024-10-07 05:30:00','2024-10-28 05:30:00','2024'),(9017,'Serbia tour of Gibraltar, 2024','2024-09-30 05:30:00','2024-09-30 05:30:00','2024'),(8947,'Namibia T20I Tri-Series 2024','2024-09-29 05:30:00','2024-10-05 05:30:00','2024'),(8598,'ICC Mens T20 World Cup Sub Regional East Asia-Pacific Qualifier B, 2024','2024-09-28 05:30:00','2024-10-05 05:30:00','2024'),(8955,'Canada T20I Tri-Series 2024','2024-09-28 05:30:00','2024-10-03 05:30:00','2024'),(7981,'Ireland v South Africa in UAE, 2024','2024-09-26 05:30:00','2024-10-06 05:30:00','2024'),(8969,'T20I Tri-Series in South Korea, 2024','2024-09-25 05:30:00','2024-09-26 05:30:00','2024'),(8835,'ICC Mens T20 World Cup Africa Sub Regional Qualifier A 2024','2024-09-21 05:30:00','2024-09-26 05:30:00','2024'),(8393,'Bangladesh tour of India, 2024','2024-09-19 05:30:00','2024-10-12 05:30:00','2024'),(8818,'New Zealand tour of Sri Lanka, 2024','2024-09-18 05:30:00','2024-09-30 05:30:00','2024'),(8661,'Afghanistan v South Africa in UAE, 2024','2024-09-18 05:30:00','2024-09-22 05:30:00','2024'),(6794,'Australia tour of England, 2024','2024-09-11 05:30:00','2024-09-29 05:30:00','2024'),(8625,'Afghanistan v New Zealand in India, 2024','2024-09-09 05:30:00','2024-09-13 05:30:00','2024'),(8552,'Australia tour of Scotland, 2024','2024-09-04 05:30:00','2024-09-07 05:30:00','2024'),(8764,'ICC Mens T20 World Cup Asia Qualifier A 2024','2024-08-30 05:30:00','2024-09-09 05:30:00','2024'),(8632,'Netherlands T20I Tri-Series, 2024','2024-08-23 05:30:00','2024-08-28 05:30:00','2024'),(8596,'ICC Mens T20 World Cup Sub Regional Europe Qualifier C, 2024','2024-08-21 05:30:00','2024-08-28 05:30:00','2024'),(8495,'Bangladesh tour of Pakistan, 2024','2024-08-21 05:30:00','2024-09-03 05:30:00','2024'),(8686,'Malaysia T20I Tri Nations Cup, 2024','2024-08-21 05:30:00','2024-08-27 05:30:00','2024'),(8587,'ICC Mens T20 World Cup Sub Regional East Asia-Pacific Qualifier A, 2024','2024-08-17 05:30:00','2024-08-24 05:30:00','2024'),(6787,'Sri Lanka tour of England, 2024','2024-08-14 05:30:00','2024-09-10 05:30:00','2024'),(8578,'Spain tour of Croatia, 2024','2024-08-02 05:30:00','2024-08-06 05:30:00','2024'),(8238,'South Africa tour of West Indies, 2024','2024-07-31 05:30:00','2024-08-27 05:30:00','2024'),(8528,'India tour of Sri Lanka, 2024','2024-07-27 05:30:00','2024-08-07 05:30:00','2024'),(7979,'Zimbabwe tour of Ireland, 2024','2024-07-25 05:30:00','2024-07-29 05:30:00','2024'),(8476,'Nigeria tour of Kenya 2024','2024-07-12 05:30:00','2024-07-17 05:30:00','2024'),(8337,'ICC Mens T20 World Cup Sub Regional Europe Qualifier B, 2024','2024-07-07 05:30:00','2024-07-14 05:30:00','2024'),(7546,'India tour of Zimbabwe, 2024','2024-07-06 05:30:00','2024-07-14 05:30:00','2024'),(6780,'West Indies tour of England, 2024','2024-07-03 05:30:00','2024-07-30 05:30:00','2024'),(8422,'Serbia tour of Slovenia, 2024','2024-06-29 05:30:00','2024-06-30 05:30:00','2024'),(8382,'Kenya Quadrangular Cup 2024','2024-06-28 05:30:00','2024-07-10 05:30:00','2024'),(8413,'Jersey tour of Guernsey, 2024','2024-06-22 05:30:00','2024-06-23 05:30:00','2024'),(8310,'Estonia tour of Cyprus 2024','2024-06-17 05:30:00','2024-06-19 05:30:00','2024'),(8260,'Jersey tour of Denmark, 2024','2024-06-15 05:30:00','2024-06-16 05:30:00','2024'),(8332,'Nordic T20I Cup 2024','2024-06-14 05:30:00','2024-06-16 05:30:00','2024'),(8256,'ICC Mens T20 World Cup Sub Regional Europe Qualifier A, 2024','2024-06-09 05:30:00','2024-06-16 05:30:00','2024'),(8294,'Guernsey tour of Belgium, 2024','2024-06-08 05:30:00','2024-06-09 05:30:00','2024'),(7476,'ICC Mens T20 World Cup 2024','2024-06-01 05:30:00','2024-06-29 05:30:00','2024'),(8247,'Belgium tour of Austria, 2024','2024-05-25 05:30:00','2024-05-26 05:30:00','2024'),(8166,'Continental Cup 2024','2024-05-24 05:30:00','2024-05-26 05:30:00','2024'),(8103,'South Africa tour of West Indies, 2024','2024-05-23 05:30:00','2024-05-26 05:30:00','2024'),(6773,'Pakistan tour of England, 2024','2024-05-22 05:30:00','2024-05-30 05:30:00','2024'),(7700,'Bangladesh tour of USA, 2024','2024-05-21 05:30:00','2024-05-25 05:30:00','2024'),(7819,'Netherlands T20I Tri-Series, 2024','2024-05-18 05:30:00','2024-05-24 05:30:00','2024'),(7808,'Pakistan tour of Ireland, 2024','2024-05-10 05:30:00','2024-05-14 05:30:00','2024'),(8080,'Mdina Cup 2024','2024-05-09 05:30:00','2024-05-12 05:30:00','2024'),(7896,'Mongolia tour of Japan, 2024','2024-05-07 05:30:00','2024-05-12 05:30:00','2024'),(7706,'Zimbabwe tour of Bangladesh, 2024','2024-05-03 05:30:00','2024-05-12 05:30:00','2024'),(8042,'Thailand tour of Indonesia 2024','2024-05-01 05:30:00','2024-05-06 05:30:00','2024'),(7679,'New Zealand tour of Pakistan, 2024','2024-04-18 05:30:00','2024-04-27 05:30:00','2024'),(7817,'Jersey tour of Spain, 2024','2024-04-14 05:30:00','2024-04-14 05:30:00','2024'),(7667,'ACC Mens T20I Premier Cup, 2024','2024-04-12 05:30:00','2024-04-21 05:30:00','2024'),(7900,'Central American Cricket Championships 2024','2024-04-11 05:30:00','2024-04-14 05:30:00','2024'),(7693,'Canada tour of USA, 2024','2024-04-07 05:30:00','2024-04-13 05:30:00','2024'),(7727,'Namibia tour of Oman, 2024','2024-04-01 05:30:00','2024-04-07 05:30:00','2024'),(7790,'Lesotho tour of Eswatini, 2024','2024-03-29 05:30:00','2024-03-31 05:30:00','2024'),(7672,'Mens African Games, 2024','2024-03-17 05:30:00','2024-03-23 05:30:00','2024'),(7686,'Papua New Guinea tour of Malaysia, 2024','2024-03-16 05:30:00','2024-03-17 05:30:00','2024'),(7590,'Scotland tour of United Arab Emirates 2024','2024-03-11 05:30:00','2024-03-14 05:30:00','2024'),(7644,'Hong Kong T20I Tri-Series, 2024','2024-03-10 05:30:00','2024-03-13 05:30:00','2024'),(7637,'Hong Kong Friendship Cup, 2024','2024-03-09 05:30:00','2024-03-09 05:30:00','2024'),(7586,'Malaysia Open T20I Championship, 2024','2024-03-05 05:30:00','2024-03-11 05:30:00','2024'),(7534,'Sri Lanka tour of Bangladesh, 2024','2024-03-04 05:30:00','2024-04-03 05:30:00','2024'),(7623,'Papua New Guinea tour of Oman 2024','2024-03-03 05:30:00','2024-03-08 05:30:00','2024'),(7485,'Afghanistan v Ireland in UAE, 2024','2024-02-28 05:30:00','2024-03-18 05:30:00','2024'),(7618,'Hong Kong tour of Qatar 2024','2024-02-27 05:30:00','2024-03-01 05:30:00','2024'),(7583,'Nepal T20I Tri-Series 2024','2024-02-27 05:30:00','2024-03-05 05:30:00','2024'),(6899,'Australia tour of New Zealand, 2024','2024-02-21 05:30:00','2024-03-12 05:30:00','2024'),(7572,'ICC Cricket World Cup League Two 2023-27','2024-02-15 05:30:00','2027-03-30 05:30:00','2024'),(7558,'East Asia Cup 2024','2024-02-14 05:30:00','2024-02-17 05:30:00','2024'),(7579,'Quadrangular Twenty20 Series in Thailand 2024','2024-02-12 05:30:00','2024-02-16 05:30:00','2024'),(7553,'Canada tour of Nepal, 2024','2024-02-08 05:30:00','2024-02-12 05:30:00','2024'),(7481,'Afghanistan tour of Sri Lanka, 2024','2024-02-02 05:30:00','2024-02-21 05:30:00','2024'),(6892,'South Africa tour of New Zealand, 2024','2024-01-29 05:30:00','2024-02-17 05:30:00','2024'),(7511,'ACC Mens T20I Challenger Cup 2024','2024-01-27 05:30:00','2024-02-11 05:30:00','2024'),(6927,'England tour of India, 2024','2024-01-25 05:30:00','2024-03-11 05:30:00','2024'),(6885,'Pakistan tour of New Zealand, 2024','2024-01-12 05:30:00','2024-01-21 05:30:00','2024'),(6920,'Afghanistan tour of India, 2024','2024-01-11 05:30:00','2024-01-17 05:30:00','2024'),(6297,'West Indies tour of Australia, 2024','2024-01-10 05:30:00','2024-02-13 05:30:00','2024'),(7411,'Zimbabwe tour of Sri Lanka 2024','2024-01-06 05:30:00','2024-01-18 05:30:00','2024');
/*!40000 ALTER TABLE `series_list` ENABLE KEYS */;
UNLOCK TABLES;

--
-- Table structure for table `team_results`
--

DROP TABLE IF EXISTS `team_results`;
/*!40101 SET @saved_cs_client     = @@character_set_client */;
/*!50503 SET character_set_client = utf8mb4 */;
CREATE TABLE `team_results` (
  `Series_Name` text,
  `Match_Type` text,
  `Team_1` text,
  `Team_2` text,
  `Team_1_Score` text,
  `Team_2_Score` text,
  `Start_Time` datetime DEFAULT NULL,
  `Status` text
) ENGINE=InnoDB DEFAULT CHARSET=utf8mb4 COLLATE=utf8mb4_0900_ai_ci;
/*!40101 SET character_set_client = @saved_cs_client */;

--
-- Dumping data for table `team_results`
--

LOCK TABLES `team_results` WRITE;
/*!40000 ALTER TABLE `team_results` DISABLE KEYS */;
INSERT INTO `team_results` VALUES ('Asia Cup 2025','T20','Pakistan','India','146/10 (19.1 ov)','150/5 (19.0 ov)','2025-09-28 14:30:00','India won by 5 wkts'),('Asia Cup 2025','T20','India','Sri Lanka','202/5 (20.0 ov)','202/5 (20.0 ov)','2025-09-26 14:30:00','Match tied (India Won the Super Over)'),('Asia Cup 2025','T20','India','Bangladesh','168/6 (20.0 ov)','127/10 (19.3 ov)','2025-09-24 14:30:00','India won by 41 runs'),('Asia Cup 2025','T20','Pakistan','India','171/5 (20.0 ov)','174/4 (18.0 ov)','2025-09-21 14:30:00','India won by 6 wkts'),('Asia Cup 2025','T20','India','Oman','188/8 (20.0 ov)','167/4 (20.0 ov)','2025-09-19 14:30:00','India won by 21 runs'),('Asia Cup 2025','T20','Pakistan','India','127/9 (20.0 ov)','131/3 (15.0 ov)','2025-09-14 14:30:00','India won by 7 wkts'),('Asia Cup 2025','T20','United Arab Emirates','India','57/10 (13.1 ov)','60/1 (4.0 ov)','2025-09-10 14:30:00','India won by 9 wkts'),('India tour of England, 2025','TEST','India','England','396/10 (88.0 ov)','367/10 (85.1 ov)','2025-07-31 10:00:00','India won by 6 runs'),('India tour of England, 2025','TEST','India','England','425/4 (143.0 ov)','669/10 (157.1 ov)','2025-07-23 10:00:00','Match drawn'),('India tour of England, 2025','TEST','England','India','192/10 (62.1 ov)','170/10 (74.5 ov)','2025-07-10 10:00:00','England won by 22 runs');
/*!40000 ALTER TABLE `team_results` ENABLE KEYS */;
UNLOCK TABLES;

--
-- Table structure for table `team_standings`
--

DROP TABLE IF EXISTS `team_standings`;
/*!40101 SET @saved_cs_client     = @@character_set_client */;
/*!50503 SET character_set_client = utf8mb4 */;
CREATE TABLE `team_standings` (
  `rank` int NOT NULL,
  `flag` int DEFAULT NULL,
  `team` varchar(100) DEFAULT NULL,
  `pct` float DEFAULT NULL,
  PRIMARY KEY (`rank`)
) ENGINE=InnoDB DEFAULT CHARSET=utf8mb4 COLLATE=utf8mb4_0900_ai_ci;
/*!40101 SET character_set_client = @saved_cs_client */;

--
-- Dumping data for table `team_standings`
--

LOCK TABLES `team_standings` WRITE;
/*!40000 ALTER TABLE `team_standings` DISABLE KEYS */;
INSERT INTO `team_standings` VALUES (1,172117,'Australia',100),(2,172119,'Sri Lanka',66.67),(3,719031,'India',46.67),(4,172123,'England',43.33),(5,172120,'Bangladesh',16.67),(6,172124,'West Indies',0);
/*!40000 ALTER TABLE `team_standings` ENABLE KEYS */;
UNLOCK TABLES;

--
-- Table structure for table `venue_matches`
--

DROP TABLE IF EXISTS `venue_matches`;
/*!40101 SET @saved_cs_client     = @@character_set_client */;
/*!50503 SET character_set_client = utf8mb4 */;
CREATE TABLE `venue_matches` (
  `match_id` bigint NOT NULL,
  `venue_id` int DEFAULT NULL,
  `series_id` bigint DEFAULT NULL,
  `series_name` varchar(255) DEFAULT NULL,
  `match_desc` varchar(255) DEFAULT NULL,
  `match_format` varchar(50) DEFAULT NULL,
  `start_time` bigint DEFAULT NULL,
  `end_time` bigint DEFAULT NULL,
  `team1` varchar(100) DEFAULT NULL,
  `team2` varchar(100) DEFAULT NULL,
  `venue_name` varchar(255) DEFAULT NULL,
  `city` varchar(100) DEFAULT NULL,
  `country` varchar(100) DEFAULT NULL,
  PRIMARY KEY (`match_id`),
  KEY `venue_id` (`venue_id`),
  CONSTRAINT `venue_matches_ibfk_1` FOREIGN KEY (`venue_id`) REFERENCES `venues` (`venue_id`)
) ENGINE=InnoDB DEFAULT CHARSET=utf8mb4 COLLATE=utf8mb4_0900_ai_ci;
/*!40101 SET character_set_client = @saved_cs_client */;

--
-- Dumping data for table `venue_matches`
--

LOCK TABLES `venue_matches` WRITE;
/*!40000 ALTER TABLE `venue_matches` DISABLE KEYS */;
INSERT INTO `venue_matches` VALUES (108787,512,9107,'The Ashes, 2025-26','1st Test','TEST',1763692200000,1764063000000,'Australia','England','Perth Stadium','Perth',''),(108801,40,9107,'The Ashes, 2025-26','3rd Test','TEST',1765929600000,1766300400000,'Australia','England','Adelaide Oval','Adelaide',''),(108809,87,9107,'The Ashes, 2025-26','4th Test','TEST',1766707200000,1767078000000,'Australia','England','Melbourne Cricket Ground','Melbourne',''),(116912,512,9596,'India tour of Australia, 2025','1st ODI','ODI',1760844600000,1760873400000,'Australia','India','Perth Stadium','Perth',''),(116921,40,9596,'India tour of Australia, 2025','2nd ODI','ODI',1761190200000,1761219000000,'Australia','India','Adelaide Oval','Adelaide',''),(116945,87,9596,'India tour of Australia, 2025','2nd T20I ','T20',1761898500000,1761911100000,'Australia','India','Melbourne Cricket Ground','Melbourne',''),(117044,40,9611,'India Women tour of Australia, 2026','3rd T20I','T20',1771662600000,1771675200000,'Australia Women','India Women','Adelaide Oval','Adelaide',''),(117074,512,9611,'India Women tour of Australia, 2026','Only Test','TEST',1772775000000,1773059400000,'Australia Women','India Women','Perth Stadium','Perth',''),(117359,50,9629,'West Indies tour of India, 2025','1st Test','TEST',1759377600000,1759748400000,'India','West Indies','Narendra Modi Stadium','Ahmedabad',''),(117362,51,9629,'West Indies tour of India, 2025','2nd Test','TEST',1760068800000,1760439600000,'India','West Indies','Arun Jaitley Stadium','Delhi',''),(117371,31,9638,'South Africa tour of India, 2025','1st Test','TEST',1763092800000,1763463600000,'India','South Africa','Eden Gardens','Kolkata',''),(117380,380,9638,'South Africa tour of India, 2025','2nd Test','TEST',1763784000000,1764154800000,'India','South Africa','Barsapara Cricket Stadium','Guwahati',''),(117398,335,9638,'South Africa tour of India, 2025','2nd ODI','ODI',1764748800000,1764777600000,'India','South Africa','Shaheed Veer Narayan Singh International Stadium','Raipur',''),(117404,154,9638,'South Africa tour of India, 2025','3rd ODI','ODI',1765008000000,1765036800000,'India','South Africa','Dr. Y.S. Rajasekhara Reddy ACA-VDCA Cricket Stadium','Visakhapatnam',''),(117416,851,9638,'South Africa tour of India, 2025','2nd T20I','T20',1765459800000,1765472400000,'India','South Africa','Maharaja Yadavindra Singh International Cricket Stadium, Mullanpur','New Chandigarh',''),(117434,485,9638,'South Africa tour of India, 2025','4th T20I','T20',1765978200000,1765990800000,'India','South Africa','Bharat Ratna Shri Atal Bihari Vajpayee Ekana Cricket Stadium','Lucknow',''),(117440,50,9638,'South Africa tour of India, 2025','5th T20I','T20',1766151000000,1766163600000,'India','South Africa','Narendra Modi Stadium','Ahmedabad',''),(119852,485,9935,'Australia A tour of India, 2025','2nd Unofficial Test','TEST',1758600000000,1758884400000,'Australia A','India A','Bharat Ratna Shri Atal Bihari Vajpayee Ekana Cricket Stadium','Lucknow',''),(121400,335,10102,'New Zealand tour of India, 2026','2nd T20I','T20',1769175000000,1769187600000,'India','New Zealand','Shaheed Veer Narayan Singh International Stadium','Raipur',''),(121406,380,10102,'New Zealand tour of India, 2026','3rd T20I','T20',1769347800000,1769360400000,'India','New Zealand','Barsapara Cricket Stadium','Guwahati',''),(121417,154,10102,'New Zealand tour of India, 2026','4th T20I','T20',1769607000000,1769619600000,'India','New Zealand','Dr. Y.S. Rajasekhara Reddy ACA-VDCA Cricket Stadium','Visakhapatnam',''),(121439,380,10009,'ICC Womens World Cup 2025','1st Match','ODI',1759224600000,1759253400000,'India Women','Sri Lanka Women','Barsapara Cricket Stadium','Guwahati',''),(121466,380,10009,'ICC Womens World Cup 2025','4th Match','ODI',1759483800000,1759512600000,'England Women','South Africa Women','Barsapara Cricket Stadium','Guwahati',''),(121505,380,10009,'ICC Womens World Cup 2025','8th Match','ODI',1759829400000,1759858200000,'England Women','Bangladesh Women','Barsapara Cricket Stadium','Guwahati',''),(121521,154,10009,'ICC Womens World Cup 2025','10th Match','ODI',1760002200000,1760031000000,'India Women','South Africa Women','Dr. Y.S. Rajasekhara Reddy ACA-VDCA Cricket Stadium','Visakhapatnam',''),(121527,380,10009,'ICC Womens World Cup 2025','11th Match','ODI',1760088600000,1760117400000,'New Zealand Women','Bangladesh Women','Barsapara Cricket Stadium','Guwahati',''),(121549,154,10009,'ICC Womens World Cup 2025','13th Match','ODI',1760261400000,1760290200000,'India Women','Australia Women','Dr. Y.S. Rajasekhara Reddy ACA-VDCA Cricket Stadium','Visakhapatnam',''),(121554,154,10009,'ICC Womens World Cup 2025','14th Match','ODI',1760347800000,1760376600000,'South Africa Women','Bangladesh Women','Dr. Y.S. Rajasekhara Reddy ACA-VDCA Cricket Stadium','Visakhapatnam',''),(121576,154,10009,'ICC Womens World Cup 2025','17th Match','ODI',1760607000000,1760635800000,'Australia Women','Bangladesh Women','Dr. Y.S. Rajasekhara Reddy ACA-VDCA Cricket Stadium','Visakhapatnam',''),(121648,154,10009,'ICC Womens World Cup 2025','27th Match','ODI',1761456600000,1761485400000,'England Women','New Zealand Women','Dr. Y.S. Rajasekhara Reddy ACA-VDCA Cricket Stadium','Visakhapatnam',''),(123072,512,10289,'Big Bash League 2025-26','1st Match','T20',1765700100000,1765712700000,'Perth Scorchers','Sydney Sixers','Perth Stadium','Perth',''),(123105,87,10289,'Big Bash League 2025-26','5th Match','T20',1766045700000,1766058300000,'Melbourne Stars','Hobart Hurricanes','Melbourne Cricket Ground','Melbourne',''),(123155,40,10289,'Big Bash League 2025-26','10th Match','T20',1766477700000,1766490300000,'Adelaide Strikers','Melbourne Stars','Adelaide Oval','Adelaide',''),(123171,512,10289,'Big Bash League 2025-26','12th Match','T20',1766744100000,1766756700000,'Perth Scorchers','Hobart Hurricanes','Perth Stadium','Perth',''),(123221,40,10289,'Big Bash League 2025-26','17th Match','T20',1767168900000,1767181500000,'Adelaide Strikers','Brisbane Heat','Adelaide Oval','Adelaide',''),(123265,87,10289,'Big Bash League 2025-26','22nd Match','T20',1767510300000,1767522900000,'Melbourne Stars','Melbourne Renegades','Melbourne Cricket Ground','Melbourne',''),(123270,512,10289,'Big Bash League 2025-26','23rd Match','T20',1767521700000,1767534300000,'Perth Scorchers','Adelaide Strikers','Perth Stadium','Perth',''),(123287,40,10289,'Big Bash League 2025-26','25th Match','T20',1767687300000,1767699900000,'Adelaide Strikers','Sydney Thunder','Adelaide Oval','Adelaide',''),(123298,512,10289,'Big Bash League 2025-26','26th Match','T20',1767773700000,1767786300000,'Perth Scorchers','Melbourne Renegades','Perth Stadium','Perth',''),(123303,87,10289,'Big Bash League 2025-26','27th Match','T20',1767860100000,1767872700000,'Melbourne Stars','Sydney Sixers','Melbourne Cricket Ground','Melbourne',''),(123358,40,10289,'Big Bash League 2025-26','32nd Match','T20',1768119300000,1768131900000,'Adelaide Strikers','Perth Scorchers','Adelaide Oval','Adelaide',''),(123375,87,10289,'Big Bash League 2025-26','34th Match','T20',1768292100000,1768304700000,'Melbourne Stars','Adelaide Strikers','Melbourne Cricket Ground','Melbourne',''),(123413,40,10289,'Big Bash League 2025-26','38th Match','T20',1768629600000,1768642200000,'Adelaide Strikers','Melbourne Renegades','Adelaide Oval','Adelaide',''),(123424,512,10289,'Big Bash League 2025-26','39th Match','T20',1768641300000,1768653900000,'Perth Scorchers','Melbourne Stars','Perth Stadium','Perth',''),(126878,40,10405,'Womens Big Bash League 2025','26th Match','T20',1764304800000,1764317400000,'Brisbane Heat Women','Sydney Sixers Women','Adelaide Oval','Adelaide',''),(126884,40,10405,'Womens Big Bash League 2025','27th Match','T20',1764317400000,1764330000000,'Adelaide Strikers Women','Sydney Thunder Women','Adelaide Oval','Adelaide',''),(133209,40,10823,'Sheffield Shield 2025-26','2nd Match','TEST',1759536000000,1759820400000,'South Australia','Victoria','Adelaide Oval','Adelaide',''),(133242,40,10823,'Sheffield Shield 2025-26','6th Match','TEST',1760486400000,1760770800000,'South Australia','Queensland','Adelaide Oval','Adelaide',''),(133308,40,10823,'Sheffield Shield 2025-26','15th Match','TEST',1763784000000,1764068400000,'South Australia','Western Australia','Adelaide Oval','Adelaide',''),(133314,87,10823,'Sheffield Shield 2025-26','16th Match','TEST',1764804600000,1765089000000,'Victoria','Western Australia','Melbourne Cricket Ground','Melbourne',''),(133330,40,10823,'Sheffield Shield 2025-26','18th Match','TEST',1764892800000,1765177200000,'South Australia','Tasmania','Adelaide Oval','Adelaide',''),(133347,87,10823,'Sheffield Shield 2025-26','20th Match','TEST',1770247800000,1770532200000,'Victoria','Queensland','Melbourne Cricket Ground','Melbourne',''),(133506,40,10829,'Australia Domestic One-Day Cup 2025-26','7th Match','ODI',1759966200000,1759995000000,'South Australia','Victoria','Adelaide Oval','Adelaide','');
/*!40000 ALTER TABLE `venue_matches` ENABLE KEYS */;
UNLOCK TABLES;

--
-- Table structure for table `venues`
--

DROP TABLE IF EXISTS `venues`;
/*!40101 SET @saved_cs_client     = @@character_set_client */;
/*!50503 SET character_set_client = utf8mb4 */;
CREATE TABLE `venues` (
  `venue_id` int NOT NULL,
  `venue_name` varchar(255) DEFAULT NULL,
  `city` varchar(100) DEFAULT NULL,
  `country` varchar(100) DEFAULT NULL,
  `capacity` int DEFAULT NULL,
  `timezone` varchar(10) DEFAULT NULL,
  `ends` text,
  `home_team` varchar(100) DEFAULT NULL,
  `image_url` text,
  `total_matches` int DEFAULT NULL,
  `matches_won_batting_first` int DEFAULT NULL,
  `matches_won_bowling_first` int DEFAULT NULL,
  `avg_first_inns` int DEFAULT NULL,
  `avg_second_inns` int DEFAULT NULL,
  `highest_total` varchar(255) DEFAULT NULL,
  `lowest_total` varchar(255) DEFAULT NULL,
  `highest_chased` varchar(255) DEFAULT NULL,
  `lowest_defended` varchar(255) DEFAULT NULL,
  PRIMARY KEY (`venue_id`)
) ENGINE=InnoDB DEFAULT CHARSET=utf8mb4 COLLATE=utf8mb4_0900_ai_ci;
/*!40101 SET character_set_client = @saved_cs_client */;

--
-- Dumping data for table `venues`
--

LOCK TABLES `venues` WRITE;
/*!40000 ALTER TABLE `venues` DISABLE KEYS */;
INSERT INTO `venues` VALUES (11,'MA Chidambaram Stadium','Chennai','India',50000,'+05:30','Anna Pavilion End, V Pattabhiraman Gate End','Tamil Nadu, Chennai Super Kings','http://i.cricketcb.com/i/stats/fth/540x303/venue/images/11.jpg',37,14,10,348,332,'759/7(190.4) by IND vs ENG','83/10(38.5) by IND vs ENG','387/4(98.3) by IND vs ENG','171/10(85.2) by IND vs AUS'),(27,'M.Chinnaswamy Stadium','Bengaluru','India',40000,'+05:30','Pavilion End, BEML End','Karnataka, Royal Challengers Bengaluru','http://i.cricketcb.com/i/stats/fth/540x303/venue/images/27.jpg',26,10,6,342,308,'626/10(150.2) by IND vs PAK','46/10(31.2) by IND vs NZ','262/5(63.2) by IND vs NZ','112/10(35.4) by AUS vs IND'),(31,'Eden Gardens','Kolkata','India',63000,'+05:30','High Court End, Pavilion End','Bengal, Kolkata Knight Riders','http://i.cricketcb.com/i/stats/fth/540x303/venue/images/31.jpg',42,12,10,323,314,'657/7(178.0) by IND vs AUS','90/10(30.0) by IND vs WI','120/2(39.4) by IND vs RSA','163/10(91.0) by ENG vs IND'),(40,'Adelaide Oval','Adelaide','Australia',53583,'+10:30','City End, Cathedral End','South Australia and Adelaide Strikers','http://i.cricketcb.com/i/stats/fth/540x303/venue/images/40.jpg',86,41,25,377,346,'674/10(151.3) by AUS vs IND','77/10(40.5) by WI vs AUS','315/6(134.0) by AUS vs ENG','184/10(79.0) by AUS vs WI'),(50,'Narendra Modi Stadium','Ahmedabad','India',132000,'+05:30','Adani Pavilion End, GMDC End','Gujarat, Gujarat Titans','http://i.cricketcb.com/i/stats/fth/540x303/venue/images/50.jpg',15,4,4,347,353,'760/7(202.4) by SL vs IND','76/10(20.0) by IND vs RSA','80/1(15.3) by IND vs ENG','105/10(38.5) by RSA vs IND'),(51,'Arun Jaitley Stadium','Delhi','India',48000,'+05:30','Stadium End, Pavilion End','Delhi, Delhi Capitals','http://i.cricketcb.com/i/stats/fth/540x303/venue/images/51.jpg',37,6,14,340,315,'644/8(214.0) by WI vs IND','75/10(30.5) by IND vs WI','276/5(80.4) by IND vs WI','207/10(60.3) by PAK vs IND'),(76,'Sawai Mansingh Stadium','Jaipur','India',30000,'+05:30','','Rajasthan, Rajasthan Royals','http://i.cricketcb.com/i/stats/fth/540x303/venue/images/76.jpg',1,0,0,465,341,'465/8(163.3) by IND vs PAK','341/10(128.5) by PAK vs IND',NULL,NULL),(80,'Rajiv Gandhi International Stadium','Hyderabad','India',38000,'+05:30','Pavilion End, North End','Hyderabad (India), Sunrisers Hyderabad','http://i.cricketcb.com/i/stats/fth/540x303/venue/images/80.jpg',6,3,2,378,387,'687/6(166.0) by IND vs BAN','127/10(46.1) by WI vs IND','75/0(16.1) by IND vs WI','202/10(69.2) by IND vs ENG'),(81,'Wankhede Stadium','Mumbai','India',33000,'+05:30','Garware Pavilion End, Tata End','Mumbai, Mumbai Indians','http://i.cricketcb.com/i/stats/fth/540x303/venue/images/81.jpg',29,12,9,331,335,'631/10(182.3) by IND vs ENG','62/10(28.1) by NZ vs IND','164/6(63.0) by RSA vs IND','93/10(30.5) by AUS vs IND'),(87,'Melbourne Cricket Ground','Melbourne','Australia',100000,'+11:00','Members End, Great Southern Stand End','Australia, Victoria','http://i.cricketcb.com/i/stats/fth/540x303/venue/images/87.jpg',119,58,43,307,314,'624/8(142.0) by AUS vs PAK','36/10(23.2) by RSA vs AUS','332/7(159.5) by ENG vs AUS','83/10(48.4) by AUS vs IND'),(154,'Dr. Y.S. Rajasekhara Reddy ACA-VDCA Cricket Stadium','Visakhapatnam','India',28000,'+05:30','Vizzy End, DV Subba Rao End','Andhra','http://i.cricketcb.com/i/stats/fth/540x303/venue/images/154.jpg',3,3,0,451,313,'502/7(136.0) by IND vs RSA','158/10(97.3) by ENG vs IND',NULL,'191/10(63.5) by RSA vs IND'),(335,'Shaheed Veer Narayan Singh International Stadium','Raipur','India',65000,'+05:30','North End, South End','Delhi Daredevils, Chhattisgarh','http://i.cricketcb.com/i/stats/fth/540x303/venue/images/335.jpg',NULL,NULL,NULL,NULL,NULL,NULL,NULL,NULL,NULL),(380,'Barsapara Cricket Stadium','Guwahati','India',40000,'+05:30','Media End, Pavilion End','Assam','http://i.cricketcb.com/i/stats/fth/540x303/venue/images/380.jpg',NULL,NULL,NULL,NULL,NULL,NULL,NULL,NULL,NULL),(485,'Bharat Ratna Shri Atal Bihari Vajpayee Ekana Cricket Stadium','Lucknow','India',50000,'+05:30','','Uttar Pradesh, Lucknow Super Giants','http://i.cricketcb.com/i/stats/fth/540x303/venue/images/485.jpg',1,0,1,187,277,'277/10(83.3) by WI vs AFG','120/10(43.1) by AFG vs WI','33/1(6.2) by WI vs AFG',NULL),(511,'Royal Selangor Club','Kuala Lumpur','Malaysia',0,'+08:00','','','http://i.cricketcb.com/i/stats/fth/540x303/venue/images/511.jpg',NULL,NULL,NULL,NULL,NULL,NULL,NULL,NULL,NULL),(512,'Perth Stadium','Perth','Australia',60000,'+08:00','','','http://i.cricketcb.com/i/stats/fth/540x303/venue/images/512.jpg',5,5,0,395,221,'598/4(152.4) by AUS vs WI','89/10(30.2) by PAK vs AUS',NULL,'140/10(56.0) by IND vs AUS'),(851,'Maharaja Yadavindra Singh International Cricket Stadium, Mullanpur','New Chandigarh','India',38000,'+05:30','','Punjab, Punjab Kings','http://i.cricketcb.com/i/stats/fth/540x303/venue/images/851.jpg',NULL,NULL,NULL,NULL,NULL,NULL,NULL,NULL,NULL);
/*!40000 ALTER TABLE `venues` ENABLE KEYS */;
UNLOCK TABLES;

--
-- Table structure for table `yearly_batting_stats`
--

DROP TABLE IF EXISTS `yearly_batting_stats`;
/*!40101 SET @saved_cs_client     = @@character_set_client */;
/*!50503 SET character_set_client = utf8mb4 */;
CREATE TABLE `yearly_batting_stats` (
  `year` bigint DEFAULT NULL,
  `format` text,
  `stats_type` text,
  `player_id` bigint DEFAULT NULL,
  `player_name` text,
  `matches` bigint DEFAULT NULL,
  `innings` bigint DEFAULT NULL,
  `runs` bigint DEFAULT NULL,
  `average` double DEFAULT NULL,
  `strike_rate` double DEFAULT NULL,
  `fours` double DEFAULT NULL,
  `sixes` double DEFAULT NULL,
  `fetched_at` datetime DEFAULT NULL
) ENGINE=InnoDB DEFAULT CHARSET=utf8mb4 COLLATE=utf8mb4_0900_ai_ci;
/*!40101 SET character_set_client = @saved_cs_client */;

--
-- Dumping data for table `yearly_batting_stats`
--

LOCK TABLES `yearly_batting_stats` WRITE;
/*!40000 ALTER TABLE `yearly_batting_stats` DISABLE KEYS */;
INSERT INTO `yearly_batting_stats` VALUES (2020,'All','mostRuns',6557,'Stokes',7,12,641,58.27,109.57,7,7,'2025-10-05 17:22:29'),(2020,'All','mostRuns',9313,'D Sibley',9,14,615,47.31,104.59,9,NULL,'2025-10-05 17:22:29'),(2020,'All','mostRuns',12770,'Zak Crawley',7,11,580,52.73,103.76,7,NULL,'2025-10-05 17:22:29'),(2020,'All','mostRuns',6326,'Williamson',4,6,498,83,106.87,4,4,'2025-10-05 17:22:29'),(2020,'All','mostRuns',2258,'Jos Buttler',9,14,497,38.23,116.94,9,9,'2025-10-05 17:22:29'),(2020,'All','mostRuns',11691,'Ollie Pope',9,14,481,43.73,105.95,9,NULL,'2025-10-05 17:22:29'),(2020,'All','mostRuns',8019,'Root',8,13,464,42.18,116,8,8,'2025-10-05 17:22:29'),(2020,'All','mostRuns',9400,'Blackwood',5,10,427,42.7,103.64,5,NULL,'2025-10-05 17:22:29'),(2020,'All','mostRuns',10182,'Labuschagne',3,6,403,67.17,102.28,3,NULL,'2025-10-05 17:22:29'),(2020,'All','mostRuns',8216,'Latham',6,10,342,38,105.56,6,NULL,'2025-10-05 17:22:29'),(2020,'All','mostRuns',8359,'Babar Azam',4,6,338,67.6,103.68,4,NULL,'2025-10-05 17:22:29'),(2020,'All','mostRuns',2239,'Elgar',4,7,317,45.29,103.93,4,NULL,'2025-10-05 17:22:29'),(2020,'All','mostRuns',9468,'Rizwan',5,7,302,43.14,NULL,NULL,NULL,'2025-10-05 17:22:29'),(2020,'All','mostRuns',7825,'du Plessis',4,7,301,43,104.15,4,NULL,'2025-10-05 17:22:29'),(2020,'All','mostRuns',9545,'Masood',5,8,289,36.12,105.47,5,NULL,'2025-10-05 17:22:29'),(2020,'All','mostRuns',6633,'Azhar Ali',5,8,287,41,105.51,5,NULL,'2025-10-05 17:22:29'),(2020,'All','mostRuns',10694,'Henry Nicholls',5,7,284,47.33,105.58,5,NULL,'2025-10-05 17:22:29'),(2020,'All','mostRuns',1629,'Mathews',2,3,277,138.5,103.75,NULL,2,'2025-10-05 17:22:29'),(2020,'All','mostRuns',1447,'Ajinkya Rahane',4,8,272,38.86,104.62,4,NULL,'2025-10-05 17:22:29'),(2020,'All','mostRuns',8520,'de Kock',4,7,269,38.43,104.67,4,NULL,'2025-10-05 17:22:29'),(2021,'All','mostRuns',8019,'Root',15,29,1708,61,102.71,15,NULL,'2025-10-05 17:22:35'),(2021,'All','mostRuns',576,'Rohit',11,21,906,47.68,110.76,11,11,'2025-10-05 17:22:35'),(2021,'All','mostRuns',7952,'Karunaratne',7,13,902,69.38,102.38,7,NULL,'2025-10-05 17:22:35'),(2021,'All','mostRuns',10744,'Pant',12,21,748,39.37,114.72,12,12,'2025-10-05 17:22:35'),(2021,'All','mostRuns',1448,'Pujara',14,26,702,28.08,106.36,14,NULL,'2025-10-05 17:22:35'),(2021,'All','mostRuns',11267,'Abid Ali',9,15,695,49.64,104.04,9,NULL,'2025-10-05 17:22:35'),(2021,'All','mostRuns',1984,'K Brathwaite',10,20,675,33.75,104.65,10,NULL,'2025-10-05 17:22:35'),(2021,'All','mostRuns',6243,'Thirimanne',7,13,659,50.69,103.29,7,NULL,'2025-10-05 17:22:35'),(2021,'All','mostRuns',8440,'K Mayers',10,20,636,35.33,114.39,10,10,'2025-10-05 17:22:35'),(2021,'All','mostRuns',8540,'Litton Das',7,12,594,49.5,103.66,7,NULL,'2025-10-05 17:22:35'),(2021,'All','mostRuns',8069,'N Bonner',9,16,577,41.21,104.91,9,NULL,'2025-10-05 17:22:35'),(2021,'All','mostRuns',697,'Alam',9,13,571,57.1,104.96,9,NULL,'2025-10-05 17:22:35'),(2021,'All','mostRuns',6633,'Azhar Ali',9,15,549,42.23,105.17,9,NULL,'2025-10-05 17:22:35'),(2021,'All','mostRuns',1413,'Kohli',11,19,536,28.21,106.56,11,NULL,'2025-10-05 17:22:35'),(2021,'All','mostRuns',7872,'Dhananjaya de Silva',6,10,530,58.89,NULL,NULL,NULL,'2025-10-05 17:22:35'),(2021,'All','mostRuns',6536,'Rory Burns',10,19,530,27.89,106,10,NULL,'2025-10-05 17:22:35'),(2021,'All','mostRuns',10182,'Labuschagne',5,9,526,65.75,NULL,NULL,NULL,'2025-10-05 17:22:35'),(2021,'All','mostRuns',8219,'Mominul',7,13,503,41.92,NULL,NULL,NULL,'2025-10-05 17:22:35'),(2021,'All','mostRuns',9400,'Blackwood',10,20,488,24.4,106.55,10,NULL,'2025-10-05 17:22:35'),(2021,'All','mostRuns',1447,'Ajinkya Rahane',13,23,479,20.83,108.86,13,NULL,'2025-10-05 17:22:35'),(2022,'All','mostRuns',8359,'Babar Azam',9,17,1184,69.65,106.47,9,9,'2025-10-05 17:22:41'),(2022,'All','mostRuns',8019,'Root',15,27,1098,45.75,104.27,15,NULL,'2025-10-05 17:22:41'),(2022,'All','mostRuns',6635,'Khawaja',11,20,1080,67.5,108.87,11,11,'2025-10-05 17:22:41'),(2022,'All','mostRuns',6507,'Bairstow',10,19,1061,66.31,108.15,10,10,'2025-10-05 17:22:41'),(2022,'All','mostRuns',10182,'Labuschagne',11,19,957,56.29,103.57,11,NULL,'2025-10-05 17:22:41'),(2022,'All','mostRuns',2250,'Steven Smith',11,18,876,58.4,103.91,11,NULL,'2025-10-05 17:22:41'),(2022,'All','mostRuns',6557,'Stokes',15,26,870,36.25,116,15,15,'2025-10-05 17:22:41'),(2022,'All','mostRuns',12770,'Zak Crawley',15,29,844,30.14,105.63,15,NULL,'2025-10-05 17:22:41'),(2022,'All','mostRuns',8364,'Imam-ul-Haq',8,16,837,55.8,108.28,8,8,'2025-10-05 17:22:41'),(2022,'All','mostRuns',12139,'Shafique',9,18,823,51.44,109.59,9,9,'2025-10-05 17:22:41'),(2022,'All','mostRuns',8540,'Litton Das',10,18,800,44.44,103.9,10,NULL,'2025-10-05 17:22:41'),(2022,'All','mostRuns',6245,'Chandimal',6,10,719,102.71,104.35,NULL,6,'2025-10-05 17:22:41'),(2022,'All','mostRuns',11691,'Ollie Pope',11,20,713,37.53,104.85,11,NULL,'2025-10-05 17:22:41'),(2022,'All','mostRuns',1984,'K Brathwaite',7,14,687,62.45,103.15,7,NULL,'2025-10-05 17:22:41'),(2022,'All','mostRuns',10713,'Daryl Mitchell',7,11,683,68.3,108.93,7,7,'2025-10-05 17:22:41'),(2022,'All','mostRuns',10744,'Pant',7,12,680,61.82,108.97,7,7,'2025-10-05 17:22:41'),(2022,'All','mostRuns',8497,'Head',10,15,655,50.38,113.91,10,10,'2025-10-05 17:22:41'),(2022,'All','mostRuns',9838,'Conway',8,14,649,49.92,103.84,8,NULL,'2025-10-05 17:22:41'),(2022,'All','mostRuns',10717,'Tom Blundell',8,13,644,58.55,103.87,8,NULL,'2025-10-05 17:22:41'),(2022,'All','mostRuns',1629,'Mathews',8,13,615,51.25,106.96,NULL,8,'2025-10-05 17:22:41'),(2023,'All','mostRuns',6635,'Khawaja',13,24,1210,52.61,109.4,13,13,'2025-10-05 17:22:47'),(2023,'All','mostRuns',2250,'Steven Smith',13,24,929,42.23,112.61,13,13,'2025-10-05 17:22:47'),(2023,'All','mostRuns',8497,'Head',12,23,919,41.77,111.66,12,12,'2025-10-05 17:22:47'),(2023,'All','mostRuns',10182,'Labuschagne',13,25,803,34.91,105.1,13,NULL,'2025-10-05 17:22:47'),(2023,'All','mostRuns',8019,'Root',8,14,787,65.58,108.85,8,8,'2025-10-05 17:22:47'),(2023,'All','mostRuns',12201,'Harry Brook',8,14,701,53.92,110.05,8,8,'2025-10-05 17:22:47'),(2023,'All','mostRuns',6326,'Williamson',7,13,695,57.92,103.12,7,NULL,'2025-10-05 17:22:47'),(2023,'All','mostRuns',1413,'Kohli',8,12,671,55.92,103.71,8,NULL,'2025-10-05 17:22:47'),(2023,'All','mostRuns',8502,'Duckett',8,15,654,46.71,103.81,8,NULL,'2025-10-05 17:22:47'),(2023,'All','mostRuns',7952,'Karunaratne',6,10,608,60.8,103.05,6,NULL,'2025-10-05 17:22:47'),(2023,'All','mostRuns',12770,'Zak Crawley',8,15,606,43.29,104.12,8,NULL,'2025-10-05 17:22:47'),(2023,'All','mostRuns',9494,'Kusal Mendis',6,10,586,58.6,108.92,6,6,'2025-10-05 17:22:47'),(2023,'All','mostRuns',1739,'Warner',11,20,573,28.65,118.14,11,11,'2025-10-05 17:22:47'),(2023,'All','mostRuns',576,'Rohit',8,13,545,41.92,113.31,8,8,'2025-10-05 17:22:47'),(2023,'All','mostRuns',6250,'Mitchell Marsh',5,10,540,67.5,108,5,5,'2025-10-05 17:22:47'),(2023,'All','mostRuns',9812,'Saud Shakeel',5,9,537,76.71,102.87,5,NULL,'2025-10-05 17:22:47'),(2023,'All','mostRuns',6557,'Stokes',8,13,515,39.62,108.42,NULL,8,'2025-10-05 17:22:47'),(2023,'All','mostRuns',7872,'Dhananjaya de Silva',6,10,486,60.75,110.96,6,6,'2025-10-05 17:22:47'),(2023,'All','mostRuns',10713,'Daryl Mitchell',7,13,469,42.64,108.06,NULL,7,'2025-10-05 17:22:47'),(2023,'All','mostRuns',9200,'Alex Carey',13,20,461,24.26,109.24,13,NULL,'2025-10-05 17:22:47'),(2024,'All','mostRuns',8019,'Root',17,31,1556,55.57,103.39,17,NULL,'2025-10-05 17:22:53'),(2024,'All','mostRuns',13940,'Yashasvi Jaiswal',15,29,1478,54.74,108.84,15,15,'2025-10-05 17:22:53'),(2024,'All','mostRuns',8502,'Duckett',17,32,1149,37.06,104.64,17,NULL,'2025-10-05 17:22:53'),(2024,'All','mostRuns',12201,'Harry Brook',12,20,1100,55,109.56,12,12,'2025-10-05 17:22:53'),(2024,'All','mostRuns',10940,'Kamindu Mendis',9,16,1049,74.93,107.37,9,9,'2025-10-05 17:22:53'),(2024,'All','mostRuns',6326,'Williamson',9,18,1013,59.59,102.74,9,NULL,'2025-10-05 17:22:53'),(2024,'All','mostRuns',11691,'Ollie Pope',17,30,994,33.13,105.41,17,NULL,'2025-10-05 17:22:53'),(2024,'All','mostRuns',11177,'Rachin Ravindra',12,24,984,42.78,110.81,12,12,'2025-10-05 17:22:53'),(2024,'All','mostRuns',11808,'Shubman Gill',12,22,866,43.3,112.47,12,12,'2025-10-05 17:22:53'),(2024,'All','mostRuns',6245,'Chandimal',10,17,724,42.59,104.32,10,NULL,'2025-10-05 17:22:53'),(2024,'All','mostRuns',7872,'Dhananjaya de Silva',10,17,710,41.76,104.41,10,NULL,'2025-10-05 17:22:53'),(2024,'All','mostRuns',12770,'Zak Crawley',14,25,695,27.8,106.43,14,NULL,'2025-10-05 17:22:53'),(2024,'All','mostRuns',1629,'Mathews',10,18,681,40.06,NULL,NULL,NULL,'2025-10-05 17:22:53'),(2024,'All','mostRuns',13810,'Jamie Smith',9,15,637,42.47,107.6,NULL,9,'2025-10-05 17:22:53'),(2024,'All','mostRuns',8216,'Latham',12,24,633,26.38,106.03,12,NULL,'2025-10-05 17:22:53'),(2024,'All','mostRuns',576,'Rohit',14,26,619,24.76,122.09,14,14,'2025-10-05 17:22:53'),(2024,'All','mostRuns',11081,'Mehidy Hasan Miraz',10,18,614,38.38,105.14,10,NULL,'2025-10-05 17:22:53'),(2024,'All','mostRuns',8497,'Head',9,15,608,40.53,113.43,9,9,'2025-10-05 17:22:53'),(2024,'All','mostRuns',10713,'Daryl Mitchell',11,21,607,30.35,109.96,NULL,11,'2025-10-05 17:22:53'),(2024,'All','mostRuns',6557,'Stokes',13,23,602,28.67,112.1,NULL,13,'2025-10-05 17:22:53'),(2025,'All','mostRuns',11808,'Shubman Gill',7,13,837,64.38,107.17,7,7,'2025-10-05 17:22:59'),(2025,'All','mostRuns',587,'Ravindra Jadeja',7,13,659,82.38,109.29,7,7,'2025-10-05 17:22:59'),(2025,'All','mostRuns',8733,'Rahul',7,13,649,49.92,103.34,7,NULL,'2025-10-05 17:22:59'),(2025,'All','mostRuns',441,'Sean Williams',8,16,648,43.2,110.96,8,8,'2025-10-05 17:22:59'),(2025,'All','mostRuns',8502,'Duckett',6,10,602,60.2,108.66,6,6,'2025-10-05 17:22:59'),(2025,'All','mostRuns',10744,'Pant',5,9,580,64.44,107.41,5,5,'2025-10-05 17:22:59'),(2025,'All','mostRuns',8019,'Root',6,10,571,63.44,103.25,6,NULL,'2025-10-05 17:22:59'),(2025,'All','mostRuns',11200,'Mulder',4,6,569,113.8,105.96,4,4,'2025-10-05 17:22:59'),(2025,'All','mostRuns',12201,'Harry Brook',6,10,539,53.9,109.78,6,6,'2025-10-05 17:22:59'),(2025,'All','mostRuns',2250,'Steven Smith',6,10,515,51.5,110.28,6,6,'2025-10-05 17:22:59'),(2025,'All','mostRuns',13940,'Yashasvi Jaiswal',7,13,479,36.85,104.59,7,NULL,'2025-10-05 17:22:59'),(2025,'All','mostRuns',11691,'Ollie Pope',6,10,477,47.7,103.92,6,NULL,'2025-10-05 17:22:59'),(2025,'All','mostRuns',9200,'Alex Carey',7,11,476,47.6,113.33,7,7,'2025-10-05 17:22:59'),(2025,'All','mostRuns',6635,'Khawaja',7,13,461,38.42,NULL,NULL,NULL,'2025-10-05 17:22:59'),(2025,'All','mostRuns',6334,'Craig Ervine',8,16,456,28.5,105.56,8,NULL,'2025-10-05 17:22:59'),(2025,'All','mostRuns',13810,'Jamie Smith',6,10,438,62.57,112.31,6,6,'2025-10-05 17:22:59'),(2025,'All','mostRuns',9864,'Shanto',4,7,423,70.5,104.96,NULL,4,'2025-10-05 17:22:59'),(2025,'All','mostRuns',12770,'Zak Crawley',6,10,414,41.4,104.55,6,NULL,'2025-10-05 17:22:59'),(2025,'All','mostRuns',13682,'Pathum Nissanka',3,5,388,77.6,102.37,3,NULL,'2025-10-05 17:22:59'),(2025,'All','mostRuns',8646,'Webster',7,12,381,34.64,105.83,7,NULL,'2025-10-05 17:22:59');
/*!40000 ALTER TABLE `yearly_batting_stats` ENABLE KEYS */;
UNLOCK TABLES;

--
-- Table structure for table `yearly_bowling_stats`
--

DROP TABLE IF EXISTS `yearly_bowling_stats`;
/*!40101 SET @saved_cs_client     = @@character_set_client */;
/*!50503 SET character_set_client = utf8mb4 */;
CREATE TABLE `yearly_bowling_stats` (
  `year` bigint DEFAULT NULL,
  `format` text,
  `stats_type` text,
  `player_id` bigint DEFAULT NULL,
  `player_name` text,
  `matches` bigint DEFAULT NULL,
  `overs` double DEFAULT NULL,
  `wickets` bigint DEFAULT NULL,
  `average` double DEFAULT NULL,
  `fetched_at` datetime DEFAULT NULL
) ENGINE=InnoDB DEFAULT CHARSET=utf8mb4 COLLATE=utf8mb4_0900_ai_ci;
/*!40101 SET character_set_client = @saved_cs_client */;

--
-- Dumping data for table `yearly_bowling_stats`
--

LOCK TABLES `yearly_bowling_stats` WRITE;
/*!40000 ALTER TABLE `yearly_bowling_stats` DISABLE KEYS */;
INSERT INTO `yearly_bowling_stats` VALUES (2020,'All','mostWickets',554,'Broad',8,242.5,38,14.76,'2025-10-05 17:22:34'),(2020,'All','mostWickets',1057,'Southee',5,187.5,30,17.03,'2025-10-05 17:22:34'),(2020,'All','mostWickets',9441,'Jamieson',5,159.2,25,14.44,'2025-10-05 17:22:34'),(2020,'All','mostWickets',65,'James Anderson',6,198,23,20.48,'2025-10-05 17:22:34'),(2020,'All','mostWickets',6670,'Chris Woakes',6,164,20,21.65,'2025-10-05 17:22:34'),(2020,'All','mostWickets',8117,'Boult',5,189,20,28.95,'2025-10-05 17:22:34'),(2020,'All','mostWickets',6557,'Stokes',7,125.4,19,18.74,'2025-10-05 17:22:34'),(2020,'All','mostWickets',2257,'Wagner',5,167.1,18,24.22,'2025-10-05 17:22:34'),(2020,'All','mostWickets',8064,'Yasir Shah',5,180.2,18,35.72,'2025-10-05 17:22:34'),(2020,'All','mostWickets',8092,'Gabriel',5,149.1,17,31.59,'2025-10-05 17:22:34'),(2020,'All','mostWickets',11534,'Dom Bess',8,249.1,16,40.63,'2025-10-05 17:22:34'),(2020,'All','mostWickets',11427,'Nortje',4,128.1,16,32.5,'2025-10-05 17:22:34'),(2020,'All','mostWickets',8095,'Cummins',3,96.3,14,17.43,'2025-10-05 17:22:34'),(2020,'All','mostWickets',7850,'Lyon',3,98.3,14,18.79,'2025-10-05 17:22:34'),(2020,'All','mostWickets',9311,'Bumrah',4,132.4,14,27.07,'2025-10-05 17:22:34'),(2020,'All','mostWickets',8383,'Mark Wood',3,92.3,14,19.5,'2025-10-05 17:22:34'),(2020,'All','mostWickets',12160,'Shaheen Afridi',5,161.4,14,36.14,'2025-10-05 17:22:34'),(2020,'All','mostWickets',1593,'Ashwin',3,114.1,13,21.23,'2025-10-05 17:22:34'),(2020,'All','mostWickets',12688,'Embuldeniya',2,130.3,13,34.69,'2025-10-05 17:22:34'),(2020,'All','mostWickets',7710,'Mitchell Starc',3,87,12,20,'2025-10-05 17:22:34'),(2020,'All','mostWickets',9354,'Raza',3,121,12,29.08,'2025-10-05 17:22:34'),(2020,'All','mostWickets',14247,'Naseem Shah',5,122.5,12,37.17,'2025-10-05 17:22:34'),(2020,'All','mostWickets',11543,'Roston Chase',5,132,12,41.92,'2025-10-05 17:22:34'),(2020,'All','mostWickets',1359,'Roach',4,146.4,11,36.91,'2025-10-05 17:22:34'),(2020,'All','mostWickets',1785,'Lakmal',2,87,10,15.1,'2025-10-05 17:22:34'),(2020,'All','mostWickets',11298,'Mohammad Abbas',5,154.4,10,31.3,'2025-10-05 17:22:34'),(2020,'All','mostWickets',8313,'Holder',5,169.5,10,44.6,'2025-10-05 17:22:34'),(2020,'All','mostWickets',12081,'Nayeem Hasan',1,62,9,16.89,'2025-10-05 17:22:34'),(2020,'All','mostWickets',10420,'Sam Curran',5,115,9,40.11,'2025-10-05 17:22:34'),(2020,'All','mostWickets',8253,'Taijul Islam',2,93,8,38.38,'2025-10-05 17:22:34'),(2021,'All','mostWickets',1593,'Ashwin',9,387.1,54,16.65,'2025-10-05 17:22:40'),(2021,'All','mostWickets',12160,'Shaheen Afridi',9,292.5,47,17.06,'2025-10-05 17:22:40'),(2021,'All','mostWickets',11320,'Hasan Ali',8,212.3,41,16.07,'2025-10-05 17:22:40'),(2021,'All','mostWickets',65,'James Anderson',12,399.5,39,21.74,'2025-10-05 17:22:40'),(2021,'All','mostWickets',9531,'Robinson',8,295.4,37,21.16,'2025-10-05 17:22:40'),(2021,'All','mostWickets',8808,'Axar',5,201.5,36,11.86,'2025-10-05 17:22:40'),(2021,'All','mostWickets',12688,'Embuldeniya',6,316.1,32,27.22,'2025-10-05 17:22:40'),(2021,'All','mostWickets',10808,'Siraj',10,292.5,31,29.97,'2025-10-05 17:22:40'),(2021,'All','mostWickets',9311,'Bumrah',9,308.4,30,26.53,'2025-10-05 17:22:40'),(2021,'All','mostWickets',8253,'Taijul Islam',6,345.3,30,30.53,'2025-10-05 17:22:40'),(2021,'All','mostWickets',8578,'Jack Leach',8,299.5,30,34,'2025-10-05 17:22:40'),(2021,'All','mostWickets',9441,'Jamieson',5,188.2,27,17.52,'2025-10-05 17:22:40'),(2021,'All','mostWickets',1359,'Roach',8,233.4,27,23.89,'2025-10-05 17:22:40'),(2021,'All','mostWickets',9502,'R Mendis',4,192.2,26,21.54,'2025-10-05 17:22:40'),(2021,'All','mostWickets',11081,'Mehidy Hasan Miraz',7,332.1,25,36.68,'2025-10-05 17:22:40'),(2021,'All','mostWickets',11427,'Nortje',5,157,25,20.76,'2025-10-05 17:22:40'),(2021,'All','mostWickets',9585,'Rabada',5,172,23,19,'2025-10-05 17:22:40'),(2021,'All','mostWickets',7909,'Shami',5,166.4,23,22.48,'2025-10-05 17:22:40'),(2021,'All','mostWickets',8313,'Holder',8,227.4,22,22.86,'2025-10-05 17:22:40'),(2021,'All','mostWickets',1057,'Southee',5,210.5,22,23.45,'2025-10-05 17:22:40'),(2021,'All','mostWickets',9603,'Lungi Ngidi',5,122.5,22,16.82,'2025-10-05 17:22:40'),(2021,'All','mostWickets',8095,'Cummins',4,156.5,21,18.76,'2025-10-05 17:22:40'),(2021,'All','mostWickets',9394,'R Cornwall',6,290.4,21,39.33,'2025-10-05 17:22:40'),(2021,'All','mostWickets',10703,'Ajaz Patel',3,143,21,20.67,'2025-10-05 17:22:40'),(2021,'All','mostWickets',14545,'Noman Ali',7,216.3,19,27.84,'2025-10-05 17:22:40'),(2021,'All','mostWickets',9720,'Maharaj',6,185.4,19,25.26,'2025-10-05 17:22:40'),(2021,'All','mostWickets',13316,'Muzarabani',5,156.1,19,22.37,'2025-10-05 17:22:40'),(2021,'All','mostWickets',10436,'Warrican',5,192.5,19,30.42,'2025-10-05 17:22:40'),(2021,'All','mostWickets',8383,'Mark Wood',7,202.3,19,34.79,'2025-10-05 17:22:40'),(2021,'All','mostWickets',19066,'Sajid Khan',4,121.4,18,19.72,'2025-10-05 17:22:40'),(2022,'All','mostWickets',7850,'Lyon',11,500.5,47,29.06,'2025-10-05 17:22:46'),(2022,'All','mostWickets',9585,'Rabada',9,267.4,47,22.26,'2025-10-05 17:22:46'),(2022,'All','mostWickets',8578,'Jack Leach',13,609,46,38.28,'2025-10-05 17:22:46'),(2022,'All','mostWickets',554,'Broad',9,317.1,40,25.75,'2025-10-05 17:22:46'),(2022,'All','mostWickets',65,'James Anderson',9,293.5,36,19.81,'2025-10-05 17:22:46'),(2022,'All','mostWickets',8095,'Cummins',10,296,36,21.83,'2025-10-05 17:22:46'),(2022,'All','mostWickets',14565,'Marco Jansen',8,214.5,36,19.03,'2025-10-05 17:22:46'),(2022,'All','mostWickets',7710,'Mitchell Starc',11,321.1,35,28.11,'2025-10-05 17:22:46'),(2022,'All','mostWickets',11081,'Mehidy Hasan Miraz',8,343.3,31,33.23,'2025-10-05 17:22:46'),(2022,'All','mostWickets',11498,'Prabath Jayasuriya',3,216.2,29,20.38,'2025-10-05 17:22:46'),(2022,'All','mostWickets',1057,'Southee',8,323.2,28,38.89,'2025-10-05 17:22:46'),(2022,'All','mostWickets',11220,'Alzarri Joseph',7,235.4,27,30.85,'2025-10-05 17:22:46'),(2022,'All','mostWickets',6557,'Stokes',15,278.2,26,31.19,'2025-10-05 17:22:46'),(2022,'All','mostWickets',9720,'Maharaj',10,223.2,25,25.64,'2025-10-05 17:22:46'),(2022,'All','mostWickets',8117,'Boult',5,191,25,25.48,'2025-10-05 17:22:46'),(2022,'All','mostWickets',9531,'Robinson',6,154.2,23,18.17,'2025-10-05 17:22:46'),(2022,'All','mostWickets',12555,'Abrar Ahmed',3,168.3,23,30,'2025-10-05 17:22:46'),(2022,'All','mostWickets',8253,'Taijul Islam',5,302.4,22,37.41,'2025-10-05 17:22:46'),(2022,'All','mostWickets',9311,'Bumrah',5,151.3,22,20.32,'2025-10-05 17:22:46'),(2022,'All','mostWickets',1359,'Roach',6,196.1,22,27.05,'2025-10-05 17:22:46'),(2022,'All','mostWickets',8631,'Boland',5,138.1,21,13.67,'2025-10-05 17:22:46'),(2022,'All','mostWickets',8383,'Mark Wood',5,152.3,21,23.86,'2025-10-05 17:22:46'),(2022,'All','mostWickets',15817,'Jayden Seales',6,164.2,21,26.48,'2025-10-05 17:22:46'),(2022,'All','mostWickets',11786,'Ebadot Hossain',8,256.5,21,43.95,'2025-10-05 17:22:46'),(2022,'All','mostWickets',1593,'Ashwin',6,192.2,20,27.7,'2025-10-05 17:22:46'),(2022,'All','mostWickets',9502,'R Mendis',6,247.5,20,37.3,'2025-10-05 17:22:46'),(2022,'All','mostWickets',12777,'Matthew Potts',5,182.5,20,28,'2025-10-05 17:22:46'),(2022,'All','mostWickets',9441,'Jamieson',6,179.2,20,28.35,'2025-10-05 17:22:46'),(2022,'All','mostWickets',13105,'Khaled Ahmed',8,230.3,20,39.7,'2025-10-05 17:22:46'),(2022,'All','mostWickets',14247,'Naseem Shah',5,148.4,18,30.83,'2025-10-05 17:22:46'),(2023,'All','mostWickets',7850,'Lyon',10,400.1,47,24.96,'2025-10-05 17:22:52'),(2023,'All','mostWickets',8095,'Cummins',11,320.1,42,27.5,'2025-10-05 17:22:52'),(2023,'All','mostWickets',1593,'Ashwin',7,275.3,41,17.02,'2025-10-05 17:22:52'),(2023,'All','mostWickets',554,'Broad',8,286,38,26.29,'2025-10-05 17:22:52'),(2023,'All','mostWickets',7710,'Mitchell Starc',9,253.1,38,29.63,'2025-10-05 17:22:52'),(2023,'All','mostWickets',587,'Ravindra Jadeja',7,267.1,33,19.39,'2025-10-05 17:22:52'),(2023,'All','mostWickets',11498,'Prabath Jayasuriya',6,290.3,30,32.97,'2025-10-05 17:22:52'),(2023,'All','mostWickets',6258,'Hazlewood',7,199.2,27,26.04,'2025-10-05 17:22:52'),(2023,'All','mostWickets',8253,'Taijul Islam',4,180.2,26,18.46,'2025-10-05 17:22:52'),(2023,'All','mostWickets',1057,'Southee',7,252.5,24,27.42,'2025-10-05 17:22:52'),(2023,'All','mostWickets',9793,'Motie',3,118.2,22,17,'2025-10-05 17:22:52'),(2023,'All','mostWickets',15146,'T Murphy',6,175.5,21,25.43,'2025-10-05 17:22:52'),(2023,'All','mostWickets',9585,'Rabada',4,110,20,17.1,'2025-10-05 17:22:52'),(2023,'All','mostWickets',9067,'Matt Henry',4,196,19,29.26,'2025-10-05 17:22:52'),(2023,'All','mostWickets',6670,'Chris Woakes',3,113.2,19,18.16,'2025-10-05 17:22:52'),(2023,'All','mostWickets',11220,'Alzarri Joseph',6,150.1,18,32.22,'2025-10-05 17:22:52'),(2023,'All','mostWickets',11989,'Ashleigh Gardner',2,95.2,17,16.65,'2025-10-05 17:22:52'),(2023,'All','mostWickets',9502,'R Mendis',4,180.5,17,36.76,'2025-10-05 17:22:52'),(2023,'All','mostWickets',10703,'Ajaz Patel',3,119.4,17,26.76,'2025-10-05 17:22:52'),(2023,'All','mostWickets',9531,'Robinson',5,169.4,16,30.44,'2025-10-05 17:22:52'),(2023,'All','mostWickets',65,'James Anderson',6,218.2,15,39.67,'2025-10-05 17:22:52'),(2023,'All','mostWickets',11531,'Sophie Ecclestone',2,118.4,15,23.93,'2025-10-05 17:22:52'),(2023,'All','mostWickets',12555,'Abrar Ahmed',3,156.1,15,32.73,'2025-10-05 17:22:52'),(2023,'All','mostWickets',10808,'Siraj',7,146.1,15,31.8,'2025-10-05 17:22:52'),(2023,'All','mostWickets',9551,'Michael Bracewell',5,161.5,15,37.6,'2025-10-05 17:22:52'),(2023,'All','mostWickets',10938,'Asitha Fernando',5,141,15,34.87,'2025-10-05 17:22:52'),(2023,'All','mostWickets',8313,'Holder',6,132.4,14,27.36,'2025-10-05 17:22:52'),(2023,'All','mostWickets',8383,'Mark Wood',3,87.4,14,20.21,'2025-10-05 17:22:52'),(2023,'All','mostWickets',8578,'Jack Leach',3,141.3,14,33.64,'2025-10-05 17:22:52'),(2023,'All','mostWickets',12160,'Shaheen Afridi',4,159.2,14,39.79,'2025-10-05 17:22:52'),(2024,'All','mostWickets',9311,'Bumrah',13,357,71,14.93,'2025-10-05 17:22:58'),(2024,'All','mostWickets',13681,'Gus Atkinson',11,308.4,52,22.15,'2025-10-05 17:22:58'),(2024,'All','mostWickets',46023,'Shoaib Bashir',15,524.3,49,40.16,'2025-10-05 17:22:58'),(2024,'All','mostWickets',11498,'Prabath Jayasuriya',9,477,48,32.21,'2025-10-05 17:22:58'),(2024,'All','mostWickets',9067,'Matt Henry',9,271.5,48,18.58,'2025-10-05 17:22:58'),(2024,'All','mostWickets',587,'Ravindra Jadeja',12,350.1,48,24.29,'2025-10-05 17:22:58'),(2024,'All','mostWickets',1593,'Ashwin',11,336.3,47,27.26,'2025-10-05 17:22:58'),(2024,'All','mostWickets',8095,'Cummins',9,275.4,37,24.03,'2025-10-05 17:22:58'),(2024,'All','mostWickets',10938,'Asitha Fernando',9,249.1,37,24.49,'2025-10-05 17:22:58'),(2024,'All','mostWickets',15925,'William ORourke',10,237.2,36,24.81,'2025-10-05 17:22:58'),(2024,'All','mostWickets',6258,'Hazlewood',7,188,35,13.6,'2025-10-05 17:22:58'),(2024,'All','mostWickets',9720,'Maharaj',7,242.5,35,19.2,'2025-10-05 17:22:58'),(2024,'All','mostWickets',15817,'Jayden Seales',7,200.3,35,20.26,'2025-10-05 17:22:58'),(2024,'All','mostWickets',10808,'Siraj',13,286.3,35,30.83,'2025-10-05 17:22:58'),(2024,'All','mostWickets',9585,'Rabada',8,224.4,34,19.94,'2025-10-05 17:22:58'),(2024,'All','mostWickets',7850,'Lyon',9,270,33,22.7,'2025-10-05 17:22:58'),(2024,'All','mostWickets',6670,'Chris Woakes',9,260.4,32,24.09,'2025-10-05 17:22:58'),(2024,'All','mostWickets',11081,'Mehidy Hasan Miraz',10,328.3,31,36.1,'2025-10-05 17:22:58'),(2024,'All','mostWickets',7710,'Mitchell Starc',9,263.5,31,30.55,'2025-10-05 17:22:58'),(2024,'All','mostWickets',13226,'Hasan Mahmud',9,233,30,28.3,'2025-10-05 17:22:58'),(2024,'All','mostWickets',10928,'Lahiru Kumara',7,185.3,30,23.9,'2025-10-05 17:22:58'),(2024,'All','mostWickets',8413,'Vishwa Fernando',7,205,29,22.93,'2025-10-05 17:22:58'),(2024,'All','mostWickets',50458,'Shamar Joseph',8,186.4,29,26.76,'2025-10-05 17:22:58'),(2024,'All','mostWickets',10100,'Santner',5,179.1,27,19.96,'2025-10-05 17:22:58'),(2024,'All','mostWickets',11436,'Brydon Carse',5,156.1,27,19.85,'2025-10-05 17:22:58'),(2024,'All','mostWickets',11220,'Alzarri Joseph',7,189,26,33.62,'2025-10-05 17:22:58'),(2024,'All','mostWickets',8253,'Taijul Islam',7,258.2,25,35.52,'2025-10-05 17:22:58'),(2024,'All','mostWickets',10693,'Glenn Phillips',12,223,23,36.17,'2025-10-05 17:22:58'),(2024,'All','mostWickets',10703,'Ajaz Patel',5,168.1,23,27.91,'2025-10-05 17:22:58'),(2024,'All','mostWickets',14565,'Marco Jansen',4,101.1,22,17.23,'2025-10-05 17:22:58'),(2025,'All','mostWickets',13316,'Muzarabani',9,276.4,36,28.64,'2025-10-05 17:23:04'),(2025,'All','mostWickets',10808,'Siraj',7,238.3,34,27.56,'2025-10-05 17:23:04'),(2025,'All','mostWickets',7710,'Mitchell Starc',7,148.1,29,17.24,'2025-10-05 17:23:04'),(2025,'All','mostWickets',7850,'Lyon',6,173.3,24,24.04,'2025-10-05 17:23:04'),(2025,'All','mostWickets',50458,'Shamar Joseph',3,103.2,22,14.95,'2025-10-05 17:23:04'),(2025,'All','mostWickets',12747,'Josh Tongue',4,152,21,32.05,'2025-10-05 17:23:04'),(2025,'All','mostWickets',8095,'Cummins',5,125.3,20,15.65,'2025-10-05 17:23:04'),(2025,'All','mostWickets',10436,'Warrican',5,120.5,20,16.2,'2025-10-05 17:23:04'),(2025,'All','mostWickets',8253,'Taijul Islam',4,169.2,20,26.75,'2025-10-05 17:23:04'),(2025,'All','mostWickets',6557,'Stokes',5,151.2,20,24.05,'2025-10-05 17:23:04'),(2025,'All','mostWickets',10551,'Prasidh',4,132,20,31.3,'2025-10-05 17:23:04'),(2025,'All','mostWickets',9311,'Bumrah',5,149.4,19,23.95,'2025-10-05 17:23:04'),(2025,'All','mostWickets',46023,'Shoaib Bashir',4,175.2,19,36,'2025-10-05 17:23:04'),(2025,'All','mostWickets',15817,'Jayden Seales',5,130.5,17,24.24,'2025-10-05 17:23:04'),(2025,'All','mostWickets',8631,'Boland',2,52,16,7,'2025-10-05 17:23:04'),(2025,'All','mostWickets',9067,'Matt Henry',2,58.3,16,9.13,'2025-10-05 17:23:04'),(2025,'All','mostWickets',6258,'Hazlewood',4,101,16,17.94,'2025-10-05 17:23:04'),(2025,'All','mostWickets',13141,'M Kuhnemann',2,92.3,16,17.19,'2025-10-05 17:23:04'),(2025,'All','mostWickets',14545,'Noman Ali',2,57.1,16,12.63,'2025-10-05 17:23:04'),(2025,'All','mostWickets',11081,'Mehidy Hasan Miraz',3,104.3,15,16.87,'2025-10-05 17:23:04'),(2025,'All','mostWickets',11498,'Prabath Jayasuriya',4,210,15,46.8,'2025-10-05 17:23:04'),(2025,'All','mostWickets',9585,'Rabada',2,73.5,15,18.67,'2025-10-05 17:23:04'),(2025,'All','mostWickets',19066,'Sajid Khan',2,65.1,15,17,'2025-10-05 17:23:04'),(2025,'All','mostWickets',11220,'Alzarri Joseph',3,79.2,13,20.38,'2025-10-05 17:23:04'),(2025,'All','mostWickets',14726,'Akash Deep',3,109.1,13,36.46,'2025-10-05 17:23:04'),(2025,'All','mostWickets',12081,'Nayeem Hasan',3,101.2,12,26.08,'2025-10-05 17:23:04'),(2025,'All','mostWickets',8460,'Wellington Masakadza',4,143,12,43.5,'2025-10-05 17:23:04'),(2025,'All','mostWickets',10738,'Rashid Khan',1,55,11,14.55,'2025-10-05 17:23:04'),(2025,'All','mostWickets',13681,'Gus Atkinson',2,68,11,21.36,'2025-10-05 17:23:04'),(2025,'All','mostWickets',11763,'Tanaka Chivanga',5,107,11,48.45,'2025-10-05 17:23:04');
/*!40000 ALTER TABLE `yearly_bowling_stats` ENABLE KEYS */;
UNLOCK TABLES;

--
-- Dumping routines for database 'cricbuzz2'
--
/*!40103 SET TIME_ZONE=@OLD_TIME_ZONE */;

/*!40101 SET SQL_MODE=@OLD_SQL_MODE */;
/*!40014 SET FOREIGN_KEY_CHECKS=@OLD_FOREIGN_KEY_CHECKS */;
/*!40014 SET UNIQUE_CHECKS=@OLD_UNIQUE_CHECKS */;
/*!40101 SET CHARACTER_SET_CLIENT=@OLD_CHARACTER_SET_CLIENT */;
/*!40101 SET CHARACTER_SET_RESULTS=@OLD_CHARACTER_SET_RESULTS */;
/*!40101 SET COLLATION_CONNECTION=@OLD_COLLATION_CONNECTION */;
/*!40111 SET SQL_NOTES=@OLD_SQL_NOTES */;

-- Dump completed on 2025-10-06 11:11:24
